,Model,Dataset,ddG_pred,position,wildtype,mutation,pdb,chain
0,ThermoMPNN,WWOX,-0.04608654975891113,0,M,A,WWOX,A
1,ThermoMPNN,WWOX,-0.22823071479797363,0,M,C,WWOX,A
2,ThermoMPNN,WWOX,-0.0339164137840271,0,M,D,WWOX,A
3,ThermoMPNN,WWOX,0.035717010498046875,0,M,E,WWOX,A
4,ThermoMPNN,WWOX,0.017700254917144775,0,M,F,WWOX,A
5,ThermoMPNN,WWOX,0.0381280779838562,0,M,G,WWOX,A
6,ThermoMPNN,WWOX,0.02352231740951538,0,M,H,WWOX,A
7,ThermoMPNN,WWOX,-0.05940890312194824,0,M,I,WWOX,A
8,ThermoMPNN,WWOX,0.14276236295700073,0,M,K,WWOX,A
9,ThermoMPNN,WWOX,-0.09762066602706909,0,M,L,WWOX,A
10,ThermoMPNN,WWOX,0.0,0,M,M,WWOX,A
11,ThermoMPNN,WWOX,0.054459989070892334,0,M,N,WWOX,A
12,ThermoMPNN,WWOX,-0.011883080005645752,0,M,P,WWOX,A
13,ThermoMPNN,WWOX,0.04912024736404419,0,M,Q,WWOX,A
14,ThermoMPNN,WWOX,0.15124636888504028,0,M,R,WWOX,A
15,ThermoMPNN,WWOX,0.06983870267868042,0,M,S,WWOX,A
16,ThermoMPNN,WWOX,0.05971217155456543,0,M,T,WWOX,A
17,ThermoMPNN,WWOX,-0.07123678922653198,0,M,V,WWOX,A
18,ThermoMPNN,WWOX,-0.011637568473815918,0,M,W,WWOX,A
19,ThermoMPNN,WWOX,0.11525577306747437,0,M,Y,WWOX,A
20,ThermoMPNN,WWOX,0.0,1,A,A,WWOX,A
21,ThermoMPNN,WWOX,-0.18585282564163208,1,A,C,WWOX,A
22,ThermoMPNN,WWOX,-0.0674028992652893,1,A,D,WWOX,A
23,ThermoMPNN,WWOX,-0.0011469721794128418,1,A,E,WWOX,A
24,ThermoMPNN,WWOX,0.2179861068725586,1,A,F,WWOX,A
25,ThermoMPNN,WWOX,0.13438278436660767,1,A,G,WWOX,A
26,ThermoMPNN,WWOX,0.17465394735336304,1,A,H,WWOX,A
27,ThermoMPNN,WWOX,0.17140907049179077,1,A,I,WWOX,A
28,ThermoMPNN,WWOX,0.28341156244277954,1,A,K,WWOX,A
29,ThermoMPNN,WWOX,0.002886056900024414,1,A,L,WWOX,A
30,ThermoMPNN,WWOX,0.10767024755477905,1,A,M,WWOX,A
31,ThermoMPNN,WWOX,0.08150267601013184,1,A,N,WWOX,A
32,ThermoMPNN,WWOX,0.07324874401092529,1,A,P,WWOX,A
33,ThermoMPNN,WWOX,0.1457720398902893,1,A,Q,WWOX,A
34,ThermoMPNN,WWOX,0.30734139680862427,1,A,R,WWOX,A
35,ThermoMPNN,WWOX,0.15077805519104004,1,A,S,WWOX,A
36,ThermoMPNN,WWOX,0.21917158365249634,1,A,T,WWOX,A
37,ThermoMPNN,WWOX,0.15636420249938965,1,A,V,WWOX,A
38,ThermoMPNN,WWOX,0.15597152709960938,1,A,W,WWOX,A
39,ThermoMPNN,WWOX,0.37410759925842285,1,A,Y,WWOX,A
40,ThermoMPNN,WWOX,0.0,2,A,A,WWOX,A
41,ThermoMPNN,WWOX,-0.16454559564590454,2,A,C,WWOX,A
42,ThermoMPNN,WWOX,-0.0014976263046264648,2,A,D,WWOX,A
43,ThermoMPNN,WWOX,0.013363242149353027,2,A,E,WWOX,A
44,ThermoMPNN,WWOX,0.13303565979003906,2,A,F,WWOX,A
45,ThermoMPNN,WWOX,0.08081555366516113,2,A,G,WWOX,A
46,ThermoMPNN,WWOX,0.11005598306655884,2,A,H,WWOX,A
47,ThermoMPNN,WWOX,0.09082221984863281,2,A,I,WWOX,A
48,ThermoMPNN,WWOX,0.1714377999305725,2,A,K,WWOX,A
49,ThermoMPNN,WWOX,-0.0033481717109680176,2,A,L,WWOX,A
50,ThermoMPNN,WWOX,0.09944015741348267,2,A,M,WWOX,A
51,ThermoMPNN,WWOX,0.04380369186401367,2,A,N,WWOX,A
52,ThermoMPNN,WWOX,0.1552181839942932,2,A,P,WWOX,A
53,ThermoMPNN,WWOX,0.10381972789764404,2,A,Q,WWOX,A
54,ThermoMPNN,WWOX,0.21852821111679077,2,A,R,WWOX,A
55,ThermoMPNN,WWOX,0.12719720602035522,2,A,S,WWOX,A
56,ThermoMPNN,WWOX,0.15008294582366943,2,A,T,WWOX,A
57,ThermoMPNN,WWOX,0.05083853006362915,2,A,V,WWOX,A
58,ThermoMPNN,WWOX,0.18764686584472656,2,A,W,WWOX,A
59,ThermoMPNN,WWOX,0.2845228910446167,2,A,Y,WWOX,A
60,ThermoMPNN,WWOX,0.06851983070373535,3,L,A,WWOX,A
61,ThermoMPNN,WWOX,-0.12707573175430298,3,L,C,WWOX,A
62,ThermoMPNN,WWOX,0.012234032154083252,3,L,D,WWOX,A
63,ThermoMPNN,WWOX,0.06742674112319946,3,L,E,WWOX,A
64,ThermoMPNN,WWOX,0.15668684244155884,3,L,F,WWOX,A
65,ThermoMPNN,WWOX,0.1613839864730835,3,L,G,WWOX,A
66,ThermoMPNN,WWOX,0.16240686178207397,3,L,H,WWOX,A
67,ThermoMPNN,WWOX,0.1061331033706665,3,L,I,WWOX,A
68,ThermoMPNN,WWOX,0.2182382345199585,3,L,K,WWOX,A
69,ThermoMPNN,WWOX,0.0,3,L,L,WWOX,A
70,ThermoMPNN,WWOX,0.12190389633178711,3,L,M,WWOX,A
71,ThermoMPNN,WWOX,0.12499803304672241,3,L,N,WWOX,A
72,ThermoMPNN,WWOX,0.10439574718475342,3,L,P,WWOX,A
73,ThermoMPNN,WWOX,0.14334136247634888,3,L,Q,WWOX,A
74,ThermoMPNN,WWOX,0.24542582035064697,3,L,R,WWOX,A
75,ThermoMPNN,WWOX,0.19048696756362915,3,L,S,WWOX,A
76,ThermoMPNN,WWOX,0.21081382036209106,3,L,T,WWOX,A
77,ThermoMPNN,WWOX,0.09967350959777832,3,L,V,WWOX,A
78,ThermoMPNN,WWOX,0.13327950239181519,3,L,W,WWOX,A
79,ThermoMPNN,WWOX,0.290554940700531,3,L,Y,WWOX,A
80,ThermoMPNN,WWOX,-0.09514254331588745,4,R,A,WWOX,A
81,ThermoMPNN,WWOX,-0.25304532051086426,4,R,C,WWOX,A
82,ThermoMPNN,WWOX,-0.09828811883926392,4,R,D,WWOX,A
83,ThermoMPNN,WWOX,-0.1297452449798584,4,R,E,WWOX,A
84,ThermoMPNN,WWOX,1.5437602996826172e-05,4,R,F,WWOX,A
85,ThermoMPNN,WWOX,0.0486714243888855,4,R,G,WWOX,A
86,ThermoMPNN,WWOX,0.01879572868347168,4,R,H,WWOX,A
87,ThermoMPNN,WWOX,0.003964483737945557,4,R,I,WWOX,A
88,ThermoMPNN,WWOX,-0.03964465856552124,4,R,K,WWOX,A
89,ThermoMPNN,WWOX,-0.06680107116699219,4,R,L,WWOX,A
90,ThermoMPNN,WWOX,-0.00923466682434082,4,R,M,WWOX,A
91,ThermoMPNN,WWOX,-0.0652381181716919,4,R,N,WWOX,A
92,ThermoMPNN,WWOX,-0.05086827278137207,4,R,P,WWOX,A
93,ThermoMPNN,WWOX,-0.028390109539031982,4,R,Q,WWOX,A
94,ThermoMPNN,WWOX,0.0,4,R,R,WWOX,A
95,ThermoMPNN,WWOX,-0.06939685344696045,4,R,S,WWOX,A
96,ThermoMPNN,WWOX,-0.05788296461105347,4,R,T,WWOX,A
97,ThermoMPNN,WWOX,0.039177775382995605,4,R,V,WWOX,A
98,ThermoMPNN,WWOX,0.03605228662490845,4,R,W,WWOX,A
99,ThermoMPNN,WWOX,0.1432059407234192,4,R,Y,WWOX,A
100,ThermoMPNN,WWOX,0.010058403015136719,5,Y,A,WWOX,A
101,ThermoMPNN,WWOX,-0.3614311218261719,5,Y,C,WWOX,A
102,ThermoMPNN,WWOX,-0.025186002254486084,5,Y,D,WWOX,A
103,ThermoMPNN,WWOX,-0.06762313842773438,5,Y,E,WWOX,A
104,ThermoMPNN,WWOX,-0.03389632701873779,5,Y,F,WWOX,A
105,ThermoMPNN,WWOX,0.13940215110778809,5,Y,G,WWOX,A
106,ThermoMPNN,WWOX,-0.055705130100250244,5,Y,H,WWOX,A
107,ThermoMPNN,WWOX,-0.02353370189666748,5,Y,I,WWOX,A
108,ThermoMPNN,WWOX,0.1531822681427002,5,Y,K,WWOX,A
109,ThermoMPNN,WWOX,-0.14561980962753296,5,Y,L,WWOX,A
110,ThermoMPNN,WWOX,-0.0741044282913208,5,Y,M,WWOX,A
111,ThermoMPNN,WWOX,-0.022905409336090088,5,Y,N,WWOX,A
112,ThermoMPNN,WWOX,0.09874653816223145,5,Y,P,WWOX,A
113,ThermoMPNN,WWOX,0.07704204320907593,5,Y,Q,WWOX,A
114,ThermoMPNN,WWOX,0.0834660530090332,5,Y,R,WWOX,A
115,ThermoMPNN,WWOX,0.08267021179199219,5,Y,S,WWOX,A
116,ThermoMPNN,WWOX,0.04337948560714722,5,Y,T,WWOX,A
117,ThermoMPNN,WWOX,0.05581951141357422,5,Y,V,WWOX,A
118,ThermoMPNN,WWOX,-0.23688465356826782,5,Y,W,WWOX,A
119,ThermoMPNN,WWOX,0.0,5,Y,Y,WWOX,A
120,ThermoMPNN,WWOX,0.0,6,A,A,WWOX,A
121,ThermoMPNN,WWOX,-0.03807854652404785,6,A,C,WWOX,A
122,ThermoMPNN,WWOX,-0.027092814445495605,6,A,D,WWOX,A
123,ThermoMPNN,WWOX,-0.019132375717163086,6,A,E,WWOX,A
124,ThermoMPNN,WWOX,0.3617894649505615,6,A,F,WWOX,A
125,ThermoMPNN,WWOX,0.15382617712020874,6,A,G,WWOX,A
126,ThermoMPNN,WWOX,0.2583760619163513,6,A,H,WWOX,A
127,ThermoMPNN,WWOX,0.29399555921554565,6,A,I,WWOX,A
128,ThermoMPNN,WWOX,0.32515889406204224,6,A,K,WWOX,A
129,ThermoMPNN,WWOX,0.15737569332122803,6,A,L,WWOX,A
130,ThermoMPNN,WWOX,0.21777963638305664,6,A,M,WWOX,A
131,ThermoMPNN,WWOX,0.15620416402816772,6,A,N,WWOX,A
132,ThermoMPNN,WWOX,0.3234996199607849,6,A,P,WWOX,A
133,ThermoMPNN,WWOX,0.18588340282440186,6,A,Q,WWOX,A
134,ThermoMPNN,WWOX,0.3689558506011963,6,A,R,WWOX,A
135,ThermoMPNN,WWOX,0.07690179347991943,6,A,S,WWOX,A
136,ThermoMPNN,WWOX,0.2159789800643921,6,A,T,WWOX,A
137,ThermoMPNN,WWOX,0.2950199842453003,6,A,V,WWOX,A
138,ThermoMPNN,WWOX,0.21712982654571533,6,A,W,WWOX,A
139,ThermoMPNN,WWOX,0.4249439835548401,6,A,Y,WWOX,A
140,ThermoMPNN,WWOX,0.062494635581970215,7,G,A,WWOX,A
141,ThermoMPNN,WWOX,-0.05780595541000366,7,G,C,WWOX,A
142,ThermoMPNN,WWOX,0.09532487392425537,7,G,D,WWOX,A
143,ThermoMPNN,WWOX,0.14699965715408325,7,G,E,WWOX,A
144,ThermoMPNN,WWOX,0.340329110622406,7,G,F,WWOX,A
145,ThermoMPNN,WWOX,0.0,7,G,G,WWOX,A
146,ThermoMPNN,WWOX,0.2697320580482483,7,G,H,WWOX,A
147,ThermoMPNN,WWOX,0.2923106551170349,7,G,I,WWOX,A
148,ThermoMPNN,WWOX,0.35921233892440796,7,G,K,WWOX,A
149,ThermoMPNN,WWOX,0.16411703824996948,7,G,L,WWOX,A
150,ThermoMPNN,WWOX,0.2742260694503784,7,G,M,WWOX,A
151,ThermoMPNN,WWOX,0.18152278661727905,7,G,N,WWOX,A
152,ThermoMPNN,WWOX,0.3486672043800354,7,G,P,WWOX,A
153,ThermoMPNN,WWOX,0.26307547092437744,7,G,Q,WWOX,A
154,ThermoMPNN,WWOX,0.438212513923645,7,G,R,WWOX,A
155,ThermoMPNN,WWOX,0.10928380489349365,7,G,S,WWOX,A
156,ThermoMPNN,WWOX,0.1322939395904541,7,G,T,WWOX,A
157,ThermoMPNN,WWOX,0.2218899130821228,7,G,V,WWOX,A
158,ThermoMPNN,WWOX,0.15559107065200806,7,G,W,WWOX,A
159,ThermoMPNN,WWOX,0.3585732579231262,7,G,Y,WWOX,A
160,ThermoMPNN,WWOX,0.0017523765563964844,8,L,A,WWOX,A
161,ThermoMPNN,WWOX,-0.16329973936080933,8,L,C,WWOX,A
162,ThermoMPNN,WWOX,-0.0451778769493103,8,L,D,WWOX,A
163,ThermoMPNN,WWOX,0.012099087238311768,8,L,E,WWOX,A
164,ThermoMPNN,WWOX,0.01269233226776123,8,L,F,WWOX,A
165,ThermoMPNN,WWOX,0.07480651140213013,8,L,G,WWOX,A
166,ThermoMPNN,WWOX,0.05795234441757202,8,L,H,WWOX,A
167,ThermoMPNN,WWOX,-0.001410067081451416,8,L,I,WWOX,A
168,ThermoMPNN,WWOX,0.07479268312454224,8,L,K,WWOX,A
169,ThermoMPNN,WWOX,0.0,8,L,L,WWOX,A
170,ThermoMPNN,WWOX,0.06453752517700195,8,L,M,WWOX,A
171,ThermoMPNN,WWOX,0.034428536891937256,8,L,N,WWOX,A
172,ThermoMPNN,WWOX,0.11506891250610352,8,L,P,WWOX,A
173,ThermoMPNN,WWOX,0.05458003282546997,8,L,Q,WWOX,A
174,ThermoMPNN,WWOX,0.07584249973297119,8,L,R,WWOX,A
175,ThermoMPNN,WWOX,0.02052605152130127,8,L,S,WWOX,A
176,ThermoMPNN,WWOX,0.04890698194503784,8,L,T,WWOX,A
177,ThermoMPNN,WWOX,0.04301726818084717,8,L,V,WWOX,A
178,ThermoMPNN,WWOX,-0.05156165361404419,8,L,W,WWOX,A
179,ThermoMPNN,WWOX,0.09752577543258667,8,L,Y,WWOX,A
180,ThermoMPNN,WWOX,-0.16723507642745972,9,D,A,WWOX,A
181,ThermoMPNN,WWOX,-0.2524791359901428,9,D,C,WWOX,A
182,ThermoMPNN,WWOX,0.0,9,D,D,WWOX,A
183,ThermoMPNN,WWOX,-0.011158943176269531,9,D,E,WWOX,A
184,ThermoMPNN,WWOX,0.011321425437927246,9,D,F,WWOX,A
185,ThermoMPNN,WWOX,0.04737585783004761,9,D,G,WWOX,A
186,ThermoMPNN,WWOX,-0.034728825092315674,9,D,H,WWOX,A
187,ThermoMPNN,WWOX,-0.030654966831207275,9,D,I,WWOX,A
188,ThermoMPNN,WWOX,-0.0933990478515625,9,D,K,WWOX,A
189,ThermoMPNN,WWOX,-0.12684983015060425,9,D,L,WWOX,A
190,ThermoMPNN,WWOX,0.0021549463272094727,9,D,M,WWOX,A
191,ThermoMPNN,WWOX,-0.028787970542907715,9,D,N,WWOX,A
192,ThermoMPNN,WWOX,-0.23269349336624146,9,D,P,WWOX,A
193,ThermoMPNN,WWOX,-0.03721803426742554,9,D,Q,WWOX,A
194,ThermoMPNN,WWOX,-0.02730768918991089,9,D,R,WWOX,A
195,ThermoMPNN,WWOX,-0.012962102890014648,9,D,S,WWOX,A
196,ThermoMPNN,WWOX,0.005712330341339111,9,D,T,WWOX,A
197,ThermoMPNN,WWOX,-0.040540337562561035,9,D,V,WWOX,A
198,ThermoMPNN,WWOX,0.03871947526931763,9,D,W,WWOX,A
199,ThermoMPNN,WWOX,0.05620265007019043,9,D,Y,WWOX,A
200,ThermoMPNN,WWOX,-0.18838882446289062,10,D,A,WWOX,A
201,ThermoMPNN,WWOX,-0.23164856433868408,10,D,C,WWOX,A
202,ThermoMPNN,WWOX,0.0,10,D,D,WWOX,A
203,ThermoMPNN,WWOX,-0.015542209148406982,10,D,E,WWOX,A
204,ThermoMPNN,WWOX,0.017713546752929688,10,D,F,WWOX,A
205,ThermoMPNN,WWOX,0.04886293411254883,10,D,G,WWOX,A
206,ThermoMPNN,WWOX,-0.03379768133163452,10,D,H,WWOX,A
207,ThermoMPNN,WWOX,-0.04116564989089966,10,D,I,WWOX,A
208,ThermoMPNN,WWOX,-0.15164607763290405,10,D,K,WWOX,A
209,ThermoMPNN,WWOX,-0.11066269874572754,10,D,L,WWOX,A
210,ThermoMPNN,WWOX,0.0068427324295043945,10,D,M,WWOX,A
211,ThermoMPNN,WWOX,-0.03172802925109863,10,D,N,WWOX,A
212,ThermoMPNN,WWOX,-0.2763134241104126,10,D,P,WWOX,A
213,ThermoMPNN,WWOX,-0.08255934715270996,10,D,Q,WWOX,A
214,ThermoMPNN,WWOX,-0.07609641551971436,10,D,R,WWOX,A
215,ThermoMPNN,WWOX,-0.039979398250579834,10,D,S,WWOX,A
216,ThermoMPNN,WWOX,-0.024611175060272217,10,D,T,WWOX,A
217,ThermoMPNN,WWOX,-0.05349135398864746,10,D,V,WWOX,A
218,ThermoMPNN,WWOX,0.043363749980926514,10,D,W,WWOX,A
219,ThermoMPNN,WWOX,0.05602467060089111,10,D,Y,WWOX,A
220,ThermoMPNN,WWOX,-0.09460991621017456,11,T,A,WWOX,A
221,ThermoMPNN,WWOX,-0.24931466579437256,11,T,C,WWOX,A
222,ThermoMPNN,WWOX,-0.1640869379043579,11,T,D,WWOX,A
223,ThermoMPNN,WWOX,-0.07504135370254517,11,T,E,WWOX,A
224,ThermoMPNN,WWOX,0.09195214509963989,11,T,F,WWOX,A
225,ThermoMPNN,WWOX,0.03319740295410156,11,T,G,WWOX,A
226,ThermoMPNN,WWOX,0.01004946231842041,11,T,H,WWOX,A
227,ThermoMPNN,WWOX,0.0926581621170044,11,T,I,WWOX,A
228,ThermoMPNN,WWOX,0.15969043970108032,11,T,K,WWOX,A
229,ThermoMPNN,WWOX,-0.059411585330963135,11,T,L,WWOX,A
230,ThermoMPNN,WWOX,0.04285389184951782,11,T,M,WWOX,A
231,ThermoMPNN,WWOX,-0.07169514894485474,11,T,N,WWOX,A
232,ThermoMPNN,WWOX,-0.07274168729782104,11,T,P,WWOX,A
233,ThermoMPNN,WWOX,0.056687116622924805,11,T,Q,WWOX,A
234,ThermoMPNN,WWOX,0.19246339797973633,11,T,R,WWOX,A
235,ThermoMPNN,WWOX,-0.050883352756500244,11,T,S,WWOX,A
236,ThermoMPNN,WWOX,0.0,11,T,T,WWOX,A
237,ThermoMPNN,WWOX,0.04634368419647217,11,T,V,WWOX,A
238,ThermoMPNN,WWOX,0.013319253921508789,11,T,W,WWOX,A
239,ThermoMPNN,WWOX,0.14005887508392334,11,T,Y,WWOX,A
240,ThermoMPNN,WWOX,-0.03963947296142578,12,D,A,WWOX,A
241,ThermoMPNN,WWOX,-0.23946523666381836,12,D,C,WWOX,A
242,ThermoMPNN,WWOX,0.0,12,D,D,WWOX,A
243,ThermoMPNN,WWOX,0.052687227725982666,12,D,E,WWOX,A
244,ThermoMPNN,WWOX,0.1202663779258728,12,D,F,WWOX,A
245,ThermoMPNN,WWOX,0.09242057800292969,12,D,G,WWOX,A
246,ThermoMPNN,WWOX,0.0657811164855957,12,D,H,WWOX,A
247,ThermoMPNN,WWOX,0.11408793926239014,12,D,I,WWOX,A
248,ThermoMPNN,WWOX,0.1676241159439087,12,D,K,WWOX,A
249,ThermoMPNN,WWOX,-0.056968629360198975,12,D,L,WWOX,A
250,ThermoMPNN,WWOX,0.051290273666381836,12,D,M,WWOX,A
251,ThermoMPNN,WWOX,0.006349444389343262,12,D,N,WWOX,A
252,ThermoMPNN,WWOX,-0.05115741491317749,12,D,P,WWOX,A
253,ThermoMPNN,WWOX,0.1282634139060974,12,D,Q,WWOX,A
254,ThermoMPNN,WWOX,0.18857306241989136,12,D,R,WWOX,A
255,ThermoMPNN,WWOX,0.07290530204772949,12,D,S,WWOX,A
256,ThermoMPNN,WWOX,0.08872276544570923,12,D,T,WWOX,A
257,ThermoMPNN,WWOX,0.09869498014450073,12,D,V,WWOX,A
258,ThermoMPNN,WWOX,0.061699748039245605,12,D,W,WWOX,A
259,ThermoMPNN,WWOX,0.16735398769378662,12,D,Y,WWOX,A
260,ThermoMPNN,WWOX,0.08729308843612671,13,S,A,WWOX,A
261,ThermoMPNN,WWOX,-0.12459790706634521,13,S,C,WWOX,A
262,ThermoMPNN,WWOX,-0.062090158462524414,13,S,D,WWOX,A
263,ThermoMPNN,WWOX,0.1626836657524109,13,S,E,WWOX,A
264,ThermoMPNN,WWOX,0.17629259824752808,13,S,F,WWOX,A
265,ThermoMPNN,WWOX,0.38958901166915894,13,S,G,WWOX,A
266,ThermoMPNN,WWOX,-0.03524225950241089,13,S,H,WWOX,A
267,ThermoMPNN,WWOX,0.25812023878097534,13,S,I,WWOX,A
268,ThermoMPNN,WWOX,0.22593486309051514,13,S,K,WWOX,A
269,ThermoMPNN,WWOX,0.13553988933563232,13,S,L,WWOX,A
270,ThermoMPNN,WWOX,0.2857416272163391,13,S,M,WWOX,A
271,ThermoMPNN,WWOX,-0.15858066082000732,13,S,N,WWOX,A
272,ThermoMPNN,WWOX,0.3242015838623047,13,S,P,WWOX,A
273,ThermoMPNN,WWOX,0.20900344848632812,13,S,Q,WWOX,A
274,ThermoMPNN,WWOX,0.2930104732513428,13,S,R,WWOX,A
275,ThermoMPNN,WWOX,0.0,13,S,S,WWOX,A
276,ThermoMPNN,WWOX,0.2149122953414917,13,S,T,WWOX,A
277,ThermoMPNN,WWOX,0.250372052192688,13,S,V,WWOX,A
278,ThermoMPNN,WWOX,0.15702027082443237,13,S,W,WWOX,A
279,ThermoMPNN,WWOX,0.08358937501907349,13,S,Y,WWOX,A
280,ThermoMPNN,WWOX,0.20530778169631958,14,E,A,WWOX,A
281,ThermoMPNN,WWOX,0.10966598987579346,14,E,C,WWOX,A
282,ThermoMPNN,WWOX,0.3085480332374573,14,E,D,WWOX,A
283,ThermoMPNN,WWOX,0.0,14,E,E,WWOX,A
284,ThermoMPNN,WWOX,0.323971152305603,14,E,F,WWOX,A
285,ThermoMPNN,WWOX,0.480901837348938,14,E,G,WWOX,A
286,ThermoMPNN,WWOX,0.21693211793899536,14,E,H,WWOX,A
287,ThermoMPNN,WWOX,0.25703877210617065,14,E,I,WWOX,A
288,ThermoMPNN,WWOX,0.31014060974121094,14,E,K,WWOX,A
289,ThermoMPNN,WWOX,0.3054724931716919,14,E,L,WWOX,A
290,ThermoMPNN,WWOX,0.22544527053833008,14,E,M,WWOX,A
291,ThermoMPNN,WWOX,0.38104313611984253,14,E,N,WWOX,A
292,ThermoMPNN,WWOX,-0.1544811725616455,14,E,P,WWOX,A
293,ThermoMPNN,WWOX,0.10519367456436157,14,E,Q,WWOX,A
294,ThermoMPNN,WWOX,0.367104172706604,14,E,R,WWOX,A
295,ThermoMPNN,WWOX,0.2120773196220398,14,E,S,WWOX,A
296,ThermoMPNN,WWOX,0.26872164011001587,14,E,T,WWOX,A
297,ThermoMPNN,WWOX,0.38691848516464233,14,E,V,WWOX,A
298,ThermoMPNN,WWOX,0.32156145572662354,14,E,W,WWOX,A
299,ThermoMPNN,WWOX,0.28061026334762573,14,E,Y,WWOX,A
300,ThermoMPNN,WWOX,1.2488102912902832,15,D,A,WWOX,A
301,ThermoMPNN,WWOX,0.5641810894012451,15,D,C,WWOX,A
302,ThermoMPNN,WWOX,0.0,15,D,D,WWOX,A
303,ThermoMPNN,WWOX,0.3494182825088501,15,D,E,WWOX,A
304,ThermoMPNN,WWOX,0.7981653213500977,15,D,F,WWOX,A
305,ThermoMPNN,WWOX,1.3921960592269897,15,D,G,WWOX,A
306,ThermoMPNN,WWOX,0.9633439779281616,15,D,H,WWOX,A
307,ThermoMPNN,WWOX,1.6133558750152588,15,D,I,WWOX,A
308,ThermoMPNN,WWOX,1.628646731376648,15,D,K,WWOX,A
309,ThermoMPNN,WWOX,1.101022481918335,15,D,L,WWOX,A
310,ThermoMPNN,WWOX,0.9644103050231934,15,D,M,WWOX,A
311,ThermoMPNN,WWOX,0.6698291897773743,15,D,N,WWOX,A
312,ThermoMPNN,WWOX,1.8119962215423584,15,D,P,WWOX,A
313,ThermoMPNN,WWOX,0.88425612449646,15,D,Q,WWOX,A
314,ThermoMPNN,WWOX,1.6632862091064453,15,D,R,WWOX,A
315,ThermoMPNN,WWOX,1.13866126537323,15,D,S,WWOX,A
316,ThermoMPNN,WWOX,1.3031374216079712,15,D,T,WWOX,A
317,ThermoMPNN,WWOX,1.6425223350524902,15,D,V,WWOX,A
318,ThermoMPNN,WWOX,0.5500606298446655,15,D,W,WWOX,A
319,ThermoMPNN,WWOX,0.6855394840240479,15,D,Y,WWOX,A
320,ThermoMPNN,WWOX,0.5491341352462769,16,E,A,WWOX,A
321,ThermoMPNN,WWOX,0.3975023627281189,16,E,C,WWOX,A
322,ThermoMPNN,WWOX,0.1678907871246338,16,E,D,WWOX,A
323,ThermoMPNN,WWOX,0.0,16,E,E,WWOX,A
324,ThermoMPNN,WWOX,0.9061253070831299,16,E,F,WWOX,A
325,ThermoMPNN,WWOX,0.8926321268081665,16,E,G,WWOX,A
326,ThermoMPNN,WWOX,0.7031610012054443,16,E,H,WWOX,A
327,ThermoMPNN,WWOX,0.6774595379829407,16,E,I,WWOX,A
328,ThermoMPNN,WWOX,0.7287247180938721,16,E,K,WWOX,A
329,ThermoMPNN,WWOX,0.4661151170730591,16,E,L,WWOX,A
330,ThermoMPNN,WWOX,0.5362886786460876,16,E,M,WWOX,A
331,ThermoMPNN,WWOX,0.5326020121574402,16,E,N,WWOX,A
332,ThermoMPNN,WWOX,1.5935099124908447,16,E,P,WWOX,A
333,ThermoMPNN,WWOX,0.3172248601913452,16,E,Q,WWOX,A
334,ThermoMPNN,WWOX,0.8232519626617432,16,E,R,WWOX,A
335,ThermoMPNN,WWOX,0.4316508173942566,16,E,S,WWOX,A
336,ThermoMPNN,WWOX,0.23356497287750244,16,E,T,WWOX,A
337,ThermoMPNN,WWOX,0.6450018882751465,16,E,V,WWOX,A
338,ThermoMPNN,WWOX,0.898870587348938,16,E,W,WWOX,A
339,ThermoMPNN,WWOX,0.9744492769241333,16,E,Y,WWOX,A
340,ThermoMPNN,WWOX,1.4872500896453857,17,L,A,WWOX,A
341,ThermoMPNN,WWOX,1.172858715057373,17,L,C,WWOX,A
342,ThermoMPNN,WWOX,0.8937653303146362,17,L,D,WWOX,A
343,ThermoMPNN,WWOX,1.3486037254333496,17,L,E,WWOX,A
344,ThermoMPNN,WWOX,1.7725074291229248,17,L,F,WWOX,A
345,ThermoMPNN,WWOX,2.1383426189422607,17,L,G,WWOX,A
346,ThermoMPNN,WWOX,1.803515911102295,17,L,H,WWOX,A
347,ThermoMPNN,WWOX,1.0796418190002441,17,L,I,WWOX,A
348,ThermoMPNN,WWOX,1.9514920711517334,17,L,K,WWOX,A
349,ThermoMPNN,WWOX,0.0,17,L,L,WWOX,A
350,ThermoMPNN,WWOX,1.223992109298706,17,L,M,WWOX,A
351,ThermoMPNN,WWOX,1.7102168798446655,17,L,N,WWOX,A
352,ThermoMPNN,WWOX,0.7224973440170288,17,L,P,WWOX,A
353,ThermoMPNN,WWOX,1.6428608894348145,17,L,Q,WWOX,A
354,ThermoMPNN,WWOX,2.0174412727355957,17,L,R,WWOX,A
355,ThermoMPNN,WWOX,1.6523149013519287,17,L,S,WWOX,A
356,ThermoMPNN,WWOX,1.5758280754089355,17,L,T,WWOX,A
357,ThermoMPNN,WWOX,1.0850229263305664,17,L,V,WWOX,A
358,ThermoMPNN,WWOX,1.9991519451141357,17,L,W,WWOX,A
359,ThermoMPNN,WWOX,1.9699599742889404,17,L,Y,WWOX,A
360,ThermoMPNN,WWOX,1.799375295639038,18,P,A,WWOX,A
361,ThermoMPNN,WWOX,1.2487558126449585,18,P,C,WWOX,A
362,ThermoMPNN,WWOX,1.7248804569244385,18,P,D,WWOX,A
363,ThermoMPNN,WWOX,1.751178503036499,18,P,E,WWOX,A
364,ThermoMPNN,WWOX,1.830782175064087,18,P,F,WWOX,A
365,ThermoMPNN,WWOX,2.216437816619873,18,P,G,WWOX,A
366,ThermoMPNN,WWOX,1.992258071899414,18,P,H,WWOX,A
367,ThermoMPNN,WWOX,1.9391789436340332,18,P,I,WWOX,A
368,ThermoMPNN,WWOX,1.9949108362197876,18,P,K,WWOX,A
369,ThermoMPNN,WWOX,1.7204667329788208,18,P,L,WWOX,A
370,ThermoMPNN,WWOX,1.7908307313919067,18,P,M,WWOX,A
371,ThermoMPNN,WWOX,1.9608412981033325,18,P,N,WWOX,A
372,ThermoMPNN,WWOX,0.0,18,P,P,WWOX,A
373,ThermoMPNN,WWOX,1.8786224126815796,18,P,Q,WWOX,A
374,ThermoMPNN,WWOX,2.096506357192993,18,P,R,WWOX,A
375,ThermoMPNN,WWOX,1.749961256980896,18,P,S,WWOX,A
376,ThermoMPNN,WWOX,2.135099411010742,18,P,T,WWOX,A
377,ThermoMPNN,WWOX,2.0802676677703857,18,P,V,WWOX,A
378,ThermoMPNN,WWOX,2.00675368309021,18,P,W,WWOX,A
379,ThermoMPNN,WWOX,1.8191232681274414,18,P,Y,WWOX,A
380,ThermoMPNN,WWOX,0.4071260690689087,19,P,A,WWOX,A
381,ThermoMPNN,WWOX,0.3963286876678467,19,P,C,WWOX,A
382,ThermoMPNN,WWOX,0.4156644344329834,19,P,D,WWOX,A
383,ThermoMPNN,WWOX,0.26888346672058105,19,P,E,WWOX,A
384,ThermoMPNN,WWOX,0.7423399090766907,19,P,F,WWOX,A
385,ThermoMPNN,WWOX,0.8613828420639038,19,P,G,WWOX,A
386,ThermoMPNN,WWOX,0.6694629192352295,19,P,H,WWOX,A
387,ThermoMPNN,WWOX,0.6985425353050232,19,P,I,WWOX,A
388,ThermoMPNN,WWOX,0.7981386184692383,19,P,K,WWOX,A
389,ThermoMPNN,WWOX,0.6400775909423828,19,P,L,WWOX,A
390,ThermoMPNN,WWOX,0.6323050856590271,19,P,M,WWOX,A
391,ThermoMPNN,WWOX,0.7272340655326843,19,P,N,WWOX,A
392,ThermoMPNN,WWOX,0.0,19,P,P,WWOX,A
393,ThermoMPNN,WWOX,0.5464253425598145,19,P,Q,WWOX,A
394,ThermoMPNN,WWOX,0.9018474817276001,19,P,R,WWOX,A
395,ThermoMPNN,WWOX,0.4819687604904175,19,P,S,WWOX,A
396,ThermoMPNN,WWOX,0.6636278629302979,19,P,T,WWOX,A
397,ThermoMPNN,WWOX,0.7456099987030029,19,P,V,WWOX,A
398,ThermoMPNN,WWOX,0.7005153894424438,19,P,W,WWOX,A
399,ThermoMPNN,WWOX,0.6404757499694824,19,P,Y,WWOX,A
400,ThermoMPNN,WWOX,0.9644613265991211,20,G,A,WWOX,A
401,ThermoMPNN,WWOX,0.301846981048584,20,G,C,WWOX,A
402,ThermoMPNN,WWOX,0.6415390372276306,20,G,D,WWOX,A
403,ThermoMPNN,WWOX,0.9135284423828125,20,G,E,WWOX,A
404,ThermoMPNN,WWOX,0.6076197028160095,20,G,F,WWOX,A
405,ThermoMPNN,WWOX,0.0,20,G,G,WWOX,A
406,ThermoMPNN,WWOX,0.6670786738395691,20,G,H,WWOX,A
407,ThermoMPNN,WWOX,1.1921799182891846,20,G,I,WWOX,A
408,ThermoMPNN,WWOX,0.9587957859039307,20,G,K,WWOX,A
409,ThermoMPNN,WWOX,0.9011421203613281,20,G,L,WWOX,A
410,ThermoMPNN,WWOX,0.883764922618866,20,G,M,WWOX,A
411,ThermoMPNN,WWOX,0.5081861615180969,20,G,N,WWOX,A
412,ThermoMPNN,WWOX,1.56626296043396,20,G,P,WWOX,A
413,ThermoMPNN,WWOX,0.95387202501297,20,G,Q,WWOX,A
414,ThermoMPNN,WWOX,0.9971601963043213,20,G,R,WWOX,A
415,ThermoMPNN,WWOX,0.86456298828125,20,G,S,WWOX,A
416,ThermoMPNN,WWOX,0.9837180376052856,20,G,T,WWOX,A
417,ThermoMPNN,WWOX,1.241422176361084,20,G,V,WWOX,A
418,ThermoMPNN,WWOX,0.82394939661026,20,G,W,WWOX,A
419,ThermoMPNN,WWOX,0.6460054516792297,20,G,Y,WWOX,A
420,ThermoMPNN,WWOX,2.418295383453369,21,W,A,WWOX,A
421,ThermoMPNN,WWOX,1.8717845678329468,21,W,C,WWOX,A
422,ThermoMPNN,WWOX,2.2902631759643555,21,W,D,WWOX,A
423,ThermoMPNN,WWOX,2.639580249786377,21,W,E,WWOX,A
424,ThermoMPNN,WWOX,1.517866611480713,21,W,F,WWOX,A
425,ThermoMPNN,WWOX,2.5718066692352295,21,W,G,WWOX,A
426,ThermoMPNN,WWOX,2.4957399368286133,21,W,H,WWOX,A
427,ThermoMPNN,WWOX,2.2777202129364014,21,W,I,WWOX,A
428,ThermoMPNN,WWOX,2.555811643600464,21,W,K,WWOX,A
429,ThermoMPNN,WWOX,2.1586074829101562,21,W,L,WWOX,A
430,ThermoMPNN,WWOX,2.0984625816345215,21,W,M,WWOX,A
431,ThermoMPNN,WWOX,2.5733046531677246,21,W,N,WWOX,A
432,ThermoMPNN,WWOX,2.4171547889709473,21,W,P,WWOX,A
433,ThermoMPNN,WWOX,2.517812728881836,21,W,Q,WWOX,A
434,ThermoMPNN,WWOX,2.503004550933838,21,W,R,WWOX,A
435,ThermoMPNN,WWOX,2.3007853031158447,21,W,S,WWOX,A
436,ThermoMPNN,WWOX,2.382009506225586,21,W,T,WWOX,A
437,ThermoMPNN,WWOX,2.1727545261383057,21,W,V,WWOX,A
438,ThermoMPNN,WWOX,0.0,21,W,W,WWOX,A
439,ThermoMPNN,WWOX,1.266951322555542,21,W,Y,WWOX,A
440,ThermoMPNN,WWOX,1.0189169645309448,22,E,A,WWOX,A
441,ThermoMPNN,WWOX,0.5924063920974731,22,E,C,WWOX,A
442,ThermoMPNN,WWOX,1.0268328189849854,22,E,D,WWOX,A
443,ThermoMPNN,WWOX,0.0,22,E,E,WWOX,A
444,ThermoMPNN,WWOX,0.9869558215141296,22,E,F,WWOX,A
445,ThermoMPNN,WWOX,2.02085542678833,22,E,G,WWOX,A
446,ThermoMPNN,WWOX,1.1560537815093994,22,E,H,WWOX,A
447,ThermoMPNN,WWOX,0.6654009819030762,22,E,I,WWOX,A
448,ThermoMPNN,WWOX,1.6817572116851807,22,E,K,WWOX,A
449,ThermoMPNN,WWOX,1.120759129524231,22,E,L,WWOX,A
450,ThermoMPNN,WWOX,0.9803682565689087,22,E,M,WWOX,A
451,ThermoMPNN,WWOX,1.4834153652191162,22,E,N,WWOX,A
452,ThermoMPNN,WWOX,3.495170831680298,22,E,P,WWOX,A
453,ThermoMPNN,WWOX,0.7979980707168579,22,E,Q,WWOX,A
454,ThermoMPNN,WWOX,1.5417712926864624,22,E,R,WWOX,A
455,ThermoMPNN,WWOX,0.7297748327255249,22,E,S,WWOX,A
456,ThermoMPNN,WWOX,0.3988833427429199,22,E,T,WWOX,A
457,ThermoMPNN,WWOX,0.4452601671218872,22,E,V,WWOX,A
458,ThermoMPNN,WWOX,0.943049967288971,22,E,W,WWOX,A
459,ThermoMPNN,WWOX,1.0645053386688232,22,E,Y,WWOX,A
460,ThermoMPNN,WWOX,0.5091495513916016,23,E,A,WWOX,A
461,ThermoMPNN,WWOX,0.9354367852210999,23,E,C,WWOX,A
462,ThermoMPNN,WWOX,2.0669755935668945,23,E,D,WWOX,A
463,ThermoMPNN,WWOX,0.0,23,E,E,WWOX,A
464,ThermoMPNN,WWOX,1.240632176399231,23,E,F,WWOX,A
465,ThermoMPNN,WWOX,1.8003829717636108,23,E,G,WWOX,A
466,ThermoMPNN,WWOX,1.5452854633331299,23,E,H,WWOX,A
467,ThermoMPNN,WWOX,0.9012817740440369,23,E,I,WWOX,A
468,ThermoMPNN,WWOX,1.5074048042297363,23,E,K,WWOX,A
469,ThermoMPNN,WWOX,1.1146702766418457,23,E,L,WWOX,A
470,ThermoMPNN,WWOX,0.7585043907165527,23,E,M,WWOX,A
471,ThermoMPNN,WWOX,2.1591224670410156,23,E,N,WWOX,A
472,ThermoMPNN,WWOX,1.4794952869415283,23,E,P,WWOX,A
473,ThermoMPNN,WWOX,0.5910930633544922,23,E,Q,WWOX,A
474,ThermoMPNN,WWOX,1.6187007427215576,23,E,R,WWOX,A
475,ThermoMPNN,WWOX,1.3054866790771484,23,E,S,WWOX,A
476,ThermoMPNN,WWOX,1.287533164024353,23,E,T,WWOX,A
477,ThermoMPNN,WWOX,0.7286423444747925,23,E,V,WWOX,A
478,ThermoMPNN,WWOX,1.3852285146713257,23,E,W,WWOX,A
479,ThermoMPNN,WWOX,1.342307209968567,23,E,Y,WWOX,A
480,ThermoMPNN,WWOX,1.0923361778259277,24,R,A,WWOX,A
481,ThermoMPNN,WWOX,0.6273813247680664,24,R,C,WWOX,A
482,ThermoMPNN,WWOX,2.558708667755127,24,R,D,WWOX,A
483,ThermoMPNN,WWOX,2.293363332748413,24,R,E,WWOX,A
484,ThermoMPNN,WWOX,0.5239661931991577,24,R,F,WWOX,A
485,ThermoMPNN,WWOX,1.2166123390197754,24,R,G,WWOX,A
486,ThermoMPNN,WWOX,0.7068088054656982,24,R,H,WWOX,A
487,ThermoMPNN,WWOX,1.9165208339691162,24,R,I,WWOX,A
488,ThermoMPNN,WWOX,0.33523130416870117,24,R,K,WWOX,A
489,ThermoMPNN,WWOX,1.404342532157898,24,R,L,WWOX,A
490,ThermoMPNN,WWOX,1.0284385681152344,24,R,M,WWOX,A
491,ThermoMPNN,WWOX,1.4278970956802368,24,R,N,WWOX,A
492,ThermoMPNN,WWOX,3.3538055419921875,24,R,P,WWOX,A
493,ThermoMPNN,WWOX,0.9422491788864136,24,R,Q,WWOX,A
494,ThermoMPNN,WWOX,0.0,24,R,R,WWOX,A
495,ThermoMPNN,WWOX,1.3685271739959717,24,R,S,WWOX,A
496,ThermoMPNN,WWOX,1.8396176099777222,24,R,T,WWOX,A
497,ThermoMPNN,WWOX,1.5257856845855713,24,R,V,WWOX,A
498,ThermoMPNN,WWOX,0.8934997320175171,24,R,W,WWOX,A
499,ThermoMPNN,WWOX,0.7382489442825317,24,R,Y,WWOX,A
500,ThermoMPNN,WWOX,0.21785402297973633,25,T,A,WWOX,A
501,ThermoMPNN,WWOX,0.3002578020095825,25,T,C,WWOX,A
502,ThermoMPNN,WWOX,2.5258820056915283,25,T,D,WWOX,A
503,ThermoMPNN,WWOX,2.523404836654663,25,T,E,WWOX,A
504,ThermoMPNN,WWOX,1.3869688510894775,25,T,F,WWOX,A
505,ThermoMPNN,WWOX,1.4254493713378906,25,T,G,WWOX,A
506,ThermoMPNN,WWOX,2.0963454246520996,25,T,H,WWOX,A
507,ThermoMPNN,WWOX,0.23937761783599854,25,T,I,WWOX,A
508,ThermoMPNN,WWOX,2.559918165206909,25,T,K,WWOX,A
509,ThermoMPNN,WWOX,1.3062365055084229,25,T,L,WWOX,A
510,ThermoMPNN,WWOX,1.1308735609054565,25,T,M,WWOX,A
511,ThermoMPNN,WWOX,2.403024196624756,25,T,N,WWOX,A
512,ThermoMPNN,WWOX,1.6781206130981445,25,T,P,WWOX,A
513,ThermoMPNN,WWOX,2.1091294288635254,25,T,Q,WWOX,A
514,ThermoMPNN,WWOX,2.104374885559082,25,T,R,WWOX,A
515,ThermoMPNN,WWOX,0.7120403051376343,25,T,S,WWOX,A
516,ThermoMPNN,WWOX,0.0,25,T,T,WWOX,A
517,ThermoMPNN,WWOX,-0.7206847667694092,25,T,V,WWOX,A
518,ThermoMPNN,WWOX,1.5806901454925537,25,T,W,WWOX,A
519,ThermoMPNN,WWOX,1.704930305480957,25,T,Y,WWOX,A
520,ThermoMPNN,WWOX,2.045581817626953,26,T,A,WWOX,A
521,ThermoMPNN,WWOX,1.273643970489502,26,T,C,WWOX,A
522,ThermoMPNN,WWOX,0.5772879123687744,26,T,D,WWOX,A
523,ThermoMPNN,WWOX,1.4954607486724854,26,T,E,WWOX,A
524,ThermoMPNN,WWOX,1.9469270706176758,26,T,F,WWOX,A
525,ThermoMPNN,WWOX,1.9901337623596191,26,T,G,WWOX,A
526,ThermoMPNN,WWOX,1.9595282077789307,26,T,H,WWOX,A
527,ThermoMPNN,WWOX,2.193235397338867,26,T,I,WWOX,A
528,ThermoMPNN,WWOX,2.185422897338867,26,T,K,WWOX,A
529,ThermoMPNN,WWOX,1.5500894784927368,26,T,L,WWOX,A
530,ThermoMPNN,WWOX,1.7616273164749146,26,T,M,WWOX,A
531,ThermoMPNN,WWOX,1.075510859489441,26,T,N,WWOX,A
532,ThermoMPNN,WWOX,3.0824131965637207,26,T,P,WWOX,A
533,ThermoMPNN,WWOX,1.8038336038589478,26,T,Q,WWOX,A
534,ThermoMPNN,WWOX,2.1950392723083496,26,T,R,WWOX,A
535,ThermoMPNN,WWOX,0.9175803661346436,26,T,S,WWOX,A
536,ThermoMPNN,WWOX,0.0,26,T,T,WWOX,A
537,ThermoMPNN,WWOX,2.0761685371398926,26,T,V,WWOX,A
538,ThermoMPNN,WWOX,2.2272543907165527,26,T,W,WWOX,A
539,ThermoMPNN,WWOX,2.1879982948303223,26,T,Y,WWOX,A
540,ThermoMPNN,WWOX,0.4621601700782776,27,K,A,WWOX,A
541,ThermoMPNN,WWOX,0.3264913558959961,27,K,C,WWOX,A
542,ThermoMPNN,WWOX,1.3296712636947632,27,K,D,WWOX,A
543,ThermoMPNN,WWOX,0.7842323184013367,27,K,E,WWOX,A
544,ThermoMPNN,WWOX,0.49592483043670654,27,K,F,WWOX,A
545,ThermoMPNN,WWOX,1.1272871494293213,27,K,G,WWOX,A
546,ThermoMPNN,WWOX,0.5193691849708557,27,K,H,WWOX,A
547,ThermoMPNN,WWOX,0.21681439876556396,27,K,I,WWOX,A
548,ThermoMPNN,WWOX,0.0,27,K,K,WWOX,A
549,ThermoMPNN,WWOX,0.2865409255027771,27,K,L,WWOX,A
550,ThermoMPNN,WWOX,0.42014622688293457,27,K,M,WWOX,A
551,ThermoMPNN,WWOX,0.868477463722229,27,K,N,WWOX,A
552,ThermoMPNN,WWOX,0.7049545049667358,27,K,P,WWOX,A
553,ThermoMPNN,WWOX,0.4677632451057434,27,K,Q,WWOX,A
554,ThermoMPNN,WWOX,0.02572345733642578,27,K,R,WWOX,A
555,ThermoMPNN,WWOX,0.6493852138519287,27,K,S,WWOX,A
556,ThermoMPNN,WWOX,0.6923991441726685,27,K,T,WWOX,A
557,ThermoMPNN,WWOX,0.3787050247192383,27,K,V,WWOX,A
558,ThermoMPNN,WWOX,0.5114708542823792,27,K,W,WWOX,A
559,ThermoMPNN,WWOX,0.47151243686676025,27,K,Y,WWOX,A
560,ThermoMPNN,WWOX,0.9197871088981628,28,D,A,WWOX,A
561,ThermoMPNN,WWOX,0.09949088096618652,28,D,C,WWOX,A
562,ThermoMPNN,WWOX,0.0,28,D,D,WWOX,A
563,ThermoMPNN,WWOX,0.3941330313682556,28,D,E,WWOX,A
564,ThermoMPNN,WWOX,0.34286487102508545,28,D,F,WWOX,A
565,ThermoMPNN,WWOX,0.8049911856651306,28,D,G,WWOX,A
566,ThermoMPNN,WWOX,0.4785613417625427,28,D,H,WWOX,A
567,ThermoMPNN,WWOX,1.299802303314209,28,D,I,WWOX,A
568,ThermoMPNN,WWOX,1.0055485963821411,28,D,K,WWOX,A
569,ThermoMPNN,WWOX,0.9536889791488647,28,D,L,WWOX,A
570,ThermoMPNN,WWOX,0.7801761031150818,28,D,M,WWOX,A
571,ThermoMPNN,WWOX,0.37729495763778687,28,D,N,WWOX,A
572,ThermoMPNN,WWOX,2.14992618560791,28,D,P,WWOX,A
573,ThermoMPNN,WWOX,0.6064450144767761,28,D,Q,WWOX,A
574,ThermoMPNN,WWOX,1.0460803508758545,28,D,R,WWOX,A
575,ThermoMPNN,WWOX,0.755219042301178,28,D,S,WWOX,A
576,ThermoMPNN,WWOX,0.9514715075492859,28,D,T,WWOX,A
577,ThermoMPNN,WWOX,1.2516679763793945,28,D,V,WWOX,A
578,ThermoMPNN,WWOX,0.31973183155059814,28,D,W,WWOX,A
579,ThermoMPNN,WWOX,0.31147515773773193,28,D,Y,WWOX,A
580,ThermoMPNN,WWOX,1.6043444871902466,29,G,A,WWOX,A
581,ThermoMPNN,WWOX,0.5676672458648682,29,G,C,WWOX,A
582,ThermoMPNN,WWOX,1.5434319972991943,29,G,D,WWOX,A
583,ThermoMPNN,WWOX,2.393470525741577,29,G,E,WWOX,A
584,ThermoMPNN,WWOX,1.0049352645874023,29,G,F,WWOX,A
585,ThermoMPNN,WWOX,0.0,29,G,G,WWOX,A
586,ThermoMPNN,WWOX,1.0471010208129883,29,G,H,WWOX,A
587,ThermoMPNN,WWOX,2.9062552452087402,29,G,I,WWOX,A
588,ThermoMPNN,WWOX,1.2873529195785522,29,G,K,WWOX,A
589,ThermoMPNN,WWOX,1.6533207893371582,29,G,L,WWOX,A
590,ThermoMPNN,WWOX,1.383461594581604,29,G,M,WWOX,A
591,ThermoMPNN,WWOX,0.6844280958175659,29,G,N,WWOX,A
592,ThermoMPNN,WWOX,3.433647394180298,29,G,P,WWOX,A
593,ThermoMPNN,WWOX,1.3139121532440186,29,G,Q,WWOX,A
594,ThermoMPNN,WWOX,1.5113269090652466,29,G,R,WWOX,A
595,ThermoMPNN,WWOX,1.469914436340332,29,G,S,WWOX,A
596,ThermoMPNN,WWOX,2.39066743850708,29,G,T,WWOX,A
597,ThermoMPNN,WWOX,2.662975788116455,29,G,V,WWOX,A
598,ThermoMPNN,WWOX,1.27524995803833,29,G,W,WWOX,A
599,ThermoMPNN,WWOX,1.404382586479187,29,G,Y,WWOX,A
600,ThermoMPNN,WWOX,0.8163422346115112,30,W,A,WWOX,A
601,ThermoMPNN,WWOX,0.1090930700302124,30,W,C,WWOX,A
602,ThermoMPNN,WWOX,1.4730457067489624,30,W,D,WWOX,A
603,ThermoMPNN,WWOX,1.0375350713729858,30,W,E,WWOX,A
604,ThermoMPNN,WWOX,0.3394995331764221,30,W,F,WWOX,A
605,ThermoMPNN,WWOX,1.3402996063232422,30,W,G,WWOX,A
606,ThermoMPNN,WWOX,0.4920666217803955,30,W,H,WWOX,A
607,ThermoMPNN,WWOX,0.4922785758972168,30,W,I,WWOX,A
608,ThermoMPNN,WWOX,0.05017662048339844,30,W,K,WWOX,A
609,ThermoMPNN,WWOX,0.26809728145599365,30,W,L,WWOX,A
610,ThermoMPNN,WWOX,0.26330459117889404,30,W,M,WWOX,A
611,ThermoMPNN,WWOX,0.7391108274459839,30,W,N,WWOX,A
612,ThermoMPNN,WWOX,2.4026408195495605,30,W,P,WWOX,A
613,ThermoMPNN,WWOX,0.3985428810119629,30,W,Q,WWOX,A
614,ThermoMPNN,WWOX,-0.06438183784484863,30,W,R,WWOX,A
615,ThermoMPNN,WWOX,1.0127780437469482,30,W,S,WWOX,A
616,ThermoMPNN,WWOX,0.8780218958854675,30,W,T,WWOX,A
617,ThermoMPNN,WWOX,0.5531733632087708,30,W,V,WWOX,A
618,ThermoMPNN,WWOX,0.0,30,W,W,WWOX,A
619,ThermoMPNN,WWOX,0.25267350673675537,30,W,Y,WWOX,A
620,ThermoMPNN,WWOX,2.349966049194336,31,V,A,WWOX,A
621,ThermoMPNN,WWOX,1.5864276885986328,31,V,C,WWOX,A
622,ThermoMPNN,WWOX,3.388936758041382,31,V,D,WWOX,A
623,ThermoMPNN,WWOX,3.4456539154052734,31,V,E,WWOX,A
624,ThermoMPNN,WWOX,2.3528451919555664,31,V,F,WWOX,A
625,ThermoMPNN,WWOX,3.1771738529205322,31,V,G,WWOX,A
626,ThermoMPNN,WWOX,3.0374698638916016,31,V,H,WWOX,A
627,ThermoMPNN,WWOX,0.8645410537719727,31,V,I,WWOX,A
628,ThermoMPNN,WWOX,2.872990131378174,31,V,K,WWOX,A
629,ThermoMPNN,WWOX,1.2613604068756104,31,V,L,WWOX,A
630,ThermoMPNN,WWOX,2.273829221725464,31,V,M,WWOX,A
631,ThermoMPNN,WWOX,3.3166513442993164,31,V,N,WWOX,A
632,ThermoMPNN,WWOX,2.8886985778808594,31,V,P,WWOX,A
633,ThermoMPNN,WWOX,3.1794605255126953,31,V,Q,WWOX,A
634,ThermoMPNN,WWOX,2.855285882949829,31,V,R,WWOX,A
635,ThermoMPNN,WWOX,3.258408784866333,31,V,S,WWOX,A
636,ThermoMPNN,WWOX,2.665321111679077,31,V,T,WWOX,A
637,ThermoMPNN,WWOX,0.0,31,V,V,WWOX,A
638,ThermoMPNN,WWOX,2.8714847564697266,31,V,W,WWOX,A
639,ThermoMPNN,WWOX,2.648899555206299,31,V,Y,WWOX,A
640,ThermoMPNN,WWOX,2.5483813285827637,32,Y,A,WWOX,A
641,ThermoMPNN,WWOX,1.5715460777282715,32,Y,C,WWOX,A
642,ThermoMPNN,WWOX,3.030025005340576,32,Y,D,WWOX,A
643,ThermoMPNN,WWOX,2.3379931449890137,32,Y,E,WWOX,A
644,ThermoMPNN,WWOX,0.14348411560058594,32,Y,F,WWOX,A
645,ThermoMPNN,WWOX,3.2644917964935303,32,Y,G,WWOX,A
646,ThermoMPNN,WWOX,2.1872975826263428,32,Y,H,WWOX,A
647,ThermoMPNN,WWOX,1.2253930568695068,32,Y,I,WWOX,A
648,ThermoMPNN,WWOX,2.646267890930176,32,Y,K,WWOX,A
649,ThermoMPNN,WWOX,1.4925413131713867,32,Y,L,WWOX,A
650,ThermoMPNN,WWOX,1.6236553192138672,32,Y,M,WWOX,A
651,ThermoMPNN,WWOX,2.95707368850708,32,Y,N,WWOX,A
652,ThermoMPNN,WWOX,3.0511765480041504,32,Y,P,WWOX,A
653,ThermoMPNN,WWOX,2.5580973625183105,32,Y,Q,WWOX,A
654,ThermoMPNN,WWOX,2.4433581829071045,32,Y,R,WWOX,A
655,ThermoMPNN,WWOX,2.5795083045959473,32,Y,S,WWOX,A
656,ThermoMPNN,WWOX,2.0370774269104004,32,Y,T,WWOX,A
657,ThermoMPNN,WWOX,1.3187313079833984,32,Y,V,WWOX,A
658,ThermoMPNN,WWOX,0.4952991008758545,32,Y,W,WWOX,A
659,ThermoMPNN,WWOX,0.0,32,Y,Y,WWOX,A
660,ThermoMPNN,WWOX,3.735238790512085,33,Y,A,WWOX,A
661,ThermoMPNN,WWOX,2.9350414276123047,33,Y,C,WWOX,A
662,ThermoMPNN,WWOX,3.5829269886016846,33,Y,D,WWOX,A
663,ThermoMPNN,WWOX,3.5582642555236816,33,Y,E,WWOX,A
664,ThermoMPNN,WWOX,0.85910964012146,33,Y,F,WWOX,A
665,ThermoMPNN,WWOX,3.7003896236419678,33,Y,G,WWOX,A
666,ThermoMPNN,WWOX,2.6127710342407227,33,Y,H,WWOX,A
667,ThermoMPNN,WWOX,3.095205307006836,33,Y,I,WWOX,A
668,ThermoMPNN,WWOX,3.6024062633514404,33,Y,K,WWOX,A
669,ThermoMPNN,WWOX,3.1305747032165527,33,Y,L,WWOX,A
670,ThermoMPNN,WWOX,3.1141903400421143,33,Y,M,WWOX,A
671,ThermoMPNN,WWOX,3.506728410720825,33,Y,N,WWOX,A
672,ThermoMPNN,WWOX,3.3909430503845215,33,Y,P,WWOX,A
673,ThermoMPNN,WWOX,3.5851423740386963,33,Y,Q,WWOX,A
674,ThermoMPNN,WWOX,3.178536891937256,33,Y,R,WWOX,A
675,ThermoMPNN,WWOX,3.5017499923706055,33,Y,S,WWOX,A
676,ThermoMPNN,WWOX,3.2265233993530273,33,Y,T,WWOX,A
677,ThermoMPNN,WWOX,3.0757088661193848,33,Y,V,WWOX,A
678,ThermoMPNN,WWOX,0.6421446800231934,33,Y,W,WWOX,A
679,ThermoMPNN,WWOX,0.0,33,Y,Y,WWOX,A
680,ThermoMPNN,WWOX,0.0,34,A,A,WWOX,A
681,ThermoMPNN,WWOX,-0.8013324737548828,34,A,C,WWOX,A
682,ThermoMPNN,WWOX,1.5222183465957642,34,A,D,WWOX,A
683,ThermoMPNN,WWOX,0.21943625807762146,34,A,E,WWOX,A
684,ThermoMPNN,WWOX,-1.2232801914215088,34,A,F,WWOX,A
685,ThermoMPNN,WWOX,1.5160058736801147,34,A,G,WWOX,A
686,ThermoMPNN,WWOX,-0.29308339953422546,34,A,H,WWOX,A
687,ThermoMPNN,WWOX,-1.2604259252548218,34,A,I,WWOX,A
688,ThermoMPNN,WWOX,-0.6298606395721436,34,A,K,WWOX,A
689,ThermoMPNN,WWOX,-0.6786445379257202,34,A,L,WWOX,A
690,ThermoMPNN,WWOX,-0.7395240068435669,34,A,M,WWOX,A
691,ThermoMPNN,WWOX,0.6304342746734619,34,A,N,WWOX,A
692,ThermoMPNN,WWOX,2.664635419845581,34,A,P,WWOX,A
693,ThermoMPNN,WWOX,-0.27305230498313904,34,A,Q,WWOX,A
694,ThermoMPNN,WWOX,-1.0063589811325073,34,A,R,WWOX,A
695,ThermoMPNN,WWOX,0.11804232001304626,34,A,S,WWOX,A
696,ThermoMPNN,WWOX,-0.4131666123867035,34,A,T,WWOX,A
697,ThermoMPNN,WWOX,-1.4933627843856812,34,A,V,WWOX,A
698,ThermoMPNN,WWOX,-0.715640664100647,34,A,W,WWOX,A
699,ThermoMPNN,WWOX,-1.087051510810852,34,A,Y,WWOX,A
700,ThermoMPNN,WWOX,2.0137851238250732,35,N,A,WWOX,A
701,ThermoMPNN,WWOX,0.9025341272354126,35,N,C,WWOX,A
702,ThermoMPNN,WWOX,0.6978846788406372,35,N,D,WWOX,A
703,ThermoMPNN,WWOX,1.8132981061935425,35,N,E,WWOX,A
704,ThermoMPNN,WWOX,1.4949198961257935,35,N,F,WWOX,A
705,ThermoMPNN,WWOX,2.5960311889648438,35,N,G,WWOX,A
706,ThermoMPNN,WWOX,0.9750581979751587,35,N,H,WWOX,A
707,ThermoMPNN,WWOX,2.101640462875366,35,N,I,WWOX,A
708,ThermoMPNN,WWOX,2.044532060623169,35,N,K,WWOX,A
709,ThermoMPNN,WWOX,1.472054123878479,35,N,L,WWOX,A
710,ThermoMPNN,WWOX,1.7341779470443726,35,N,M,WWOX,A
711,ThermoMPNN,WWOX,0.0,35,N,N,WWOX,A
712,ThermoMPNN,WWOX,2.74509596824646,35,N,P,WWOX,A
713,ThermoMPNN,WWOX,1.9176592826843262,35,N,Q,WWOX,A
714,ThermoMPNN,WWOX,1.9378881454467773,35,N,R,WWOX,A
715,ThermoMPNN,WWOX,1.4551349878311157,35,N,S,WWOX,A
716,ThermoMPNN,WWOX,2.175206422805786,35,N,T,WWOX,A
717,ThermoMPNN,WWOX,1.8755781650543213,35,N,V,WWOX,A
718,ThermoMPNN,WWOX,1.48311448097229,35,N,W,WWOX,A
719,ThermoMPNN,WWOX,1.510842204093933,35,N,Y,WWOX,A
720,ThermoMPNN,WWOX,0.4442670941352844,36,H,A,WWOX,A
721,ThermoMPNN,WWOX,-0.1370505690574646,36,H,C,WWOX,A
722,ThermoMPNN,WWOX,1.001006841659546,36,H,D,WWOX,A
723,ThermoMPNN,WWOX,0.5668081641197205,36,H,E,WWOX,A
724,ThermoMPNN,WWOX,0.23336446285247803,36,H,F,WWOX,A
725,ThermoMPNN,WWOX,0.535480260848999,36,H,G,WWOX,A
726,ThermoMPNN,WWOX,0.0,36,H,H,WWOX,A
727,ThermoMPNN,WWOX,0.3324916362762451,36,H,I,WWOX,A
728,ThermoMPNN,WWOX,0.12257105112075806,36,H,K,WWOX,A
729,ThermoMPNN,WWOX,-0.09735697507858276,36,H,L,WWOX,A
730,ThermoMPNN,WWOX,0.05289888381958008,36,H,M,WWOX,A
731,ThermoMPNN,WWOX,0.355141818523407,36,H,N,WWOX,A
732,ThermoMPNN,WWOX,1.0196149349212646,36,H,P,WWOX,A
733,ThermoMPNN,WWOX,0.19005662202835083,36,H,Q,WWOX,A
734,ThermoMPNN,WWOX,0.2014460563659668,36,H,R,WWOX,A
735,ThermoMPNN,WWOX,0.3543701767921448,36,H,S,WWOX,A
736,ThermoMPNN,WWOX,0.05243188142776489,36,H,T,WWOX,A
737,ThermoMPNN,WWOX,0.47705453634262085,36,H,V,WWOX,A
738,ThermoMPNN,WWOX,0.4161059260368347,36,H,W,WWOX,A
739,ThermoMPNN,WWOX,0.1798943281173706,36,H,Y,WWOX,A
740,ThermoMPNN,WWOX,0.050125181674957275,37,T,A,WWOX,A
741,ThermoMPNN,WWOX,-0.3515830636024475,37,T,C,WWOX,A
742,ThermoMPNN,WWOX,0.5063320994377136,37,T,D,WWOX,A
743,ThermoMPNN,WWOX,0.4299079179763794,37,T,E,WWOX,A
744,ThermoMPNN,WWOX,-0.12088966369628906,37,T,F,WWOX,A
745,ThermoMPNN,WWOX,0.4654275178909302,37,T,G,WWOX,A
746,ThermoMPNN,WWOX,-0.1505054235458374,37,T,H,WWOX,A
747,ThermoMPNN,WWOX,-0.6840307712554932,37,T,I,WWOX,A
748,ThermoMPNN,WWOX,-0.3339191675186157,37,T,K,WWOX,A
749,ThermoMPNN,WWOX,-0.6257588863372803,37,T,L,WWOX,A
750,ThermoMPNN,WWOX,-0.30989551544189453,37,T,M,WWOX,A
751,ThermoMPNN,WWOX,-0.1608855128288269,37,T,N,WWOX,A
752,ThermoMPNN,WWOX,0.8426528573036194,37,T,P,WWOX,A
753,ThermoMPNN,WWOX,0.06947916746139526,37,T,Q,WWOX,A
754,ThermoMPNN,WWOX,-0.38373756408691406,37,T,R,WWOX,A
755,ThermoMPNN,WWOX,0.14318934082984924,37,T,S,WWOX,A
756,ThermoMPNN,WWOX,0.0,37,T,T,WWOX,A
757,ThermoMPNN,WWOX,-0.37878096103668213,37,T,V,WWOX,A
758,ThermoMPNN,WWOX,-0.051334500312805176,37,T,W,WWOX,A
759,ThermoMPNN,WWOX,-0.16648119688034058,37,T,Y,WWOX,A
760,ThermoMPNN,WWOX,0.6624947786331177,38,E,A,WWOX,A
761,ThermoMPNN,WWOX,0.11799836158752441,38,E,C,WWOX,A
762,ThermoMPNN,WWOX,0.23700696229934692,38,E,D,WWOX,A
763,ThermoMPNN,WWOX,0.0,38,E,E,WWOX,A
764,ThermoMPNN,WWOX,0.36769014596939087,38,E,F,WWOX,A
765,ThermoMPNN,WWOX,0.9704272150993347,38,E,G,WWOX,A
766,ThermoMPNN,WWOX,0.4842977523803711,38,E,H,WWOX,A
767,ThermoMPNN,WWOX,0.37994998693466187,38,E,I,WWOX,A
768,ThermoMPNN,WWOX,0.7909848690032959,38,E,K,WWOX,A
769,ThermoMPNN,WWOX,0.267128050327301,38,E,L,WWOX,A
770,ThermoMPNN,WWOX,0.39615994691848755,38,E,M,WWOX,A
771,ThermoMPNN,WWOX,0.48016631603240967,38,E,N,WWOX,A
772,ThermoMPNN,WWOX,1.367180347442627,38,E,P,WWOX,A
773,ThermoMPNN,WWOX,0.406055748462677,38,E,Q,WWOX,A
774,ThermoMPNN,WWOX,0.9008011221885681,38,E,R,WWOX,A
775,ThermoMPNN,WWOX,0.35490113496780396,38,E,S,WWOX,A
776,ThermoMPNN,WWOX,-0.1465001106262207,38,E,T,WWOX,A
777,ThermoMPNN,WWOX,0.4192706346511841,38,E,V,WWOX,A
778,ThermoMPNN,WWOX,0.5029019117355347,38,E,W,WWOX,A
779,ThermoMPNN,WWOX,0.41613250970840454,38,E,Y,WWOX,A
780,ThermoMPNN,WWOX,-0.09393751621246338,39,E,A,WWOX,A
781,ThermoMPNN,WWOX,-0.5867185592651367,39,E,C,WWOX,A
782,ThermoMPNN,WWOX,-0.01800096035003662,39,E,D,WWOX,A
783,ThermoMPNN,WWOX,0.0,39,E,E,WWOX,A
784,ThermoMPNN,WWOX,-0.089835524559021,39,E,F,WWOX,A
785,ThermoMPNN,WWOX,-0.7301472425460815,39,E,G,WWOX,A
786,ThermoMPNN,WWOX,-0.42127907276153564,39,E,H,WWOX,A
787,ThermoMPNN,WWOX,0.8188949227333069,39,E,I,WWOX,A
788,ThermoMPNN,WWOX,-0.4312201738357544,39,E,K,WWOX,A
789,ThermoMPNN,WWOX,0.02121734619140625,39,E,L,WWOX,A
790,ThermoMPNN,WWOX,-0.26604390144348145,39,E,M,WWOX,A
791,ThermoMPNN,WWOX,-0.5960932970046997,39,E,N,WWOX,A
792,ThermoMPNN,WWOX,1.450186014175415,39,E,P,WWOX,A
793,ThermoMPNN,WWOX,-0.47706496715545654,39,E,Q,WWOX,A
794,ThermoMPNN,WWOX,-0.16164076328277588,39,E,R,WWOX,A
795,ThermoMPNN,WWOX,-0.08202052116394043,39,E,S,WWOX,A
796,ThermoMPNN,WWOX,0.49226224422454834,39,E,T,WWOX,A
797,ThermoMPNN,WWOX,0.7683832049369812,39,E,V,WWOX,A
798,ThermoMPNN,WWOX,0.12870967388153076,39,E,W,WWOX,A
799,ThermoMPNN,WWOX,0.059047162532806396,39,E,Y,WWOX,A
800,ThermoMPNN,WWOX,0.4219490885734558,40,K,A,WWOX,A
801,ThermoMPNN,WWOX,0.1487048864364624,40,K,C,WWOX,A
802,ThermoMPNN,WWOX,1.3762454986572266,40,K,D,WWOX,A
803,ThermoMPNN,WWOX,0.873358964920044,40,K,E,WWOX,A
804,ThermoMPNN,WWOX,0.6739429235458374,40,K,F,WWOX,A
805,ThermoMPNN,WWOX,1.057374358177185,40,K,G,WWOX,A
806,ThermoMPNN,WWOX,0.4336763620376587,40,K,H,WWOX,A
807,ThermoMPNN,WWOX,0.3518524765968323,40,K,I,WWOX,A
808,ThermoMPNN,WWOX,0.0,40,K,K,WWOX,A
809,ThermoMPNN,WWOX,0.4668133854866028,40,K,L,WWOX,A
810,ThermoMPNN,WWOX,0.21768677234649658,40,K,M,WWOX,A
811,ThermoMPNN,WWOX,0.6497376561164856,40,K,N,WWOX,A
812,ThermoMPNN,WWOX,2.1693856716156006,40,K,P,WWOX,A
813,ThermoMPNN,WWOX,0.12530124187469482,40,K,Q,WWOX,A
814,ThermoMPNN,WWOX,-0.09206891059875488,40,K,R,WWOX,A
815,ThermoMPNN,WWOX,0.06507909297943115,40,K,S,WWOX,A
816,ThermoMPNN,WWOX,-0.22679543495178223,40,K,T,WWOX,A
817,ThermoMPNN,WWOX,0.3567502498626709,40,K,V,WWOX,A
818,ThermoMPNN,WWOX,0.7669690847396851,40,K,W,WWOX,A
819,ThermoMPNN,WWOX,0.6408756375312805,40,K,Y,WWOX,A
820,ThermoMPNN,WWOX,0.7124382853507996,41,T,A,WWOX,A
821,ThermoMPNN,WWOX,-0.18323135375976562,41,T,C,WWOX,A
822,ThermoMPNN,WWOX,1.3694865703582764,41,T,D,WWOX,A
823,ThermoMPNN,WWOX,0.518535852432251,41,T,E,WWOX,A
824,ThermoMPNN,WWOX,-0.15226972103118896,41,T,F,WWOX,A
825,ThermoMPNN,WWOX,1.5486695766448975,41,T,G,WWOX,A
826,ThermoMPNN,WWOX,0.31865930557250977,41,T,H,WWOX,A
827,ThermoMPNN,WWOX,-0.1951761245727539,41,T,I,WWOX,A
828,ThermoMPNN,WWOX,0.6043522357940674,41,T,K,WWOX,A
829,ThermoMPNN,WWOX,0.07085418701171875,41,T,L,WWOX,A
830,ThermoMPNN,WWOX,-0.0612332820892334,41,T,M,WWOX,A
831,ThermoMPNN,WWOX,0.9020668864250183,41,T,N,WWOX,A
832,ThermoMPNN,WWOX,2.2557249069213867,41,T,P,WWOX,A
833,ThermoMPNN,WWOX,0.3792622685432434,41,T,Q,WWOX,A
834,ThermoMPNN,WWOX,0.42926955223083496,41,T,R,WWOX,A
835,ThermoMPNN,WWOX,0.4084286093711853,41,T,S,WWOX,A
836,ThermoMPNN,WWOX,0.0,41,T,T,WWOX,A
837,ThermoMPNN,WWOX,-0.18832814693450928,41,T,V,WWOX,A
838,ThermoMPNN,WWOX,-0.40413355827331543,41,T,W,WWOX,A
839,ThermoMPNN,WWOX,-0.31103515625,41,T,Y,WWOX,A
840,ThermoMPNN,WWOX,1.7166566848754883,42,Q,A,WWOX,A
841,ThermoMPNN,WWOX,1.456117868423462,42,Q,C,WWOX,A
842,ThermoMPNN,WWOX,2.4256815910339355,42,Q,D,WWOX,A
843,ThermoMPNN,WWOX,1.6049731969833374,42,Q,E,WWOX,A
844,ThermoMPNN,WWOX,1.926677942276001,42,Q,F,WWOX,A
845,ThermoMPNN,WWOX,2.7807514667510986,42,Q,G,WWOX,A
846,ThermoMPNN,WWOX,1.6746004819869995,42,Q,H,WWOX,A
847,ThermoMPNN,WWOX,1.3217382431030273,42,Q,I,WWOX,A
848,ThermoMPNN,WWOX,1.3958523273468018,42,Q,K,WWOX,A
849,ThermoMPNN,WWOX,1.4736437797546387,42,Q,L,WWOX,A
850,ThermoMPNN,WWOX,0.60233473777771,42,Q,M,WWOX,A
851,ThermoMPNN,WWOX,2.326411485671997,42,Q,N,WWOX,A
852,ThermoMPNN,WWOX,4.004816055297852,42,Q,P,WWOX,A
853,ThermoMPNN,WWOX,0.0,42,Q,Q,WWOX,A
854,ThermoMPNN,WWOX,1.5557286739349365,42,Q,R,WWOX,A
855,ThermoMPNN,WWOX,1.5678106546401978,42,Q,S,WWOX,A
856,ThermoMPNN,WWOX,1.2827465534210205,42,Q,T,WWOX,A
857,ThermoMPNN,WWOX,1.4283628463745117,42,Q,V,WWOX,A
858,ThermoMPNN,WWOX,2.136013984680176,42,Q,W,WWOX,A
859,ThermoMPNN,WWOX,2.2277495861053467,42,Q,Y,WWOX,A
860,ThermoMPNN,WWOX,1.9521149396896362,43,W,A,WWOX,A
861,ThermoMPNN,WWOX,1.2821087837219238,43,W,C,WWOX,A
862,ThermoMPNN,WWOX,1.898497223854065,43,W,D,WWOX,A
863,ThermoMPNN,WWOX,1.8999240398406982,43,W,E,WWOX,A
864,ThermoMPNN,WWOX,1.0242605209350586,43,W,F,WWOX,A
865,ThermoMPNN,WWOX,2.226337432861328,43,W,G,WWOX,A
866,ThermoMPNN,WWOX,1.8080915212631226,43,W,H,WWOX,A
867,ThermoMPNN,WWOX,1.887686014175415,43,W,I,WWOX,A
868,ThermoMPNN,WWOX,2.1190452575683594,43,W,K,WWOX,A
869,ThermoMPNN,WWOX,1.5530036687850952,43,W,L,WWOX,A
870,ThermoMPNN,WWOX,1.5602965354919434,43,W,M,WWOX,A
871,ThermoMPNN,WWOX,1.972212553024292,43,W,N,WWOX,A
872,ThermoMPNN,WWOX,2.1422948837280273,43,W,P,WWOX,A
873,ThermoMPNN,WWOX,1.8924120664596558,43,W,Q,WWOX,A
874,ThermoMPNN,WWOX,2.105604410171509,43,W,R,WWOX,A
875,ThermoMPNN,WWOX,1.7997138500213623,43,W,S,WWOX,A
876,ThermoMPNN,WWOX,1.6282389163970947,43,W,T,WWOX,A
877,ThermoMPNN,WWOX,1.744498372077942,43,W,V,WWOX,A
878,ThermoMPNN,WWOX,0.0,43,W,W,WWOX,A
879,ThermoMPNN,WWOX,0.8341988325119019,43,W,Y,WWOX,A
880,ThermoMPNN,WWOX,0.9606046676635742,44,E,A,WWOX,A
881,ThermoMPNN,WWOX,0.3351377248764038,44,E,C,WWOX,A
882,ThermoMPNN,WWOX,0.9913058280944824,44,E,D,WWOX,A
883,ThermoMPNN,WWOX,0.0,44,E,E,WWOX,A
884,ThermoMPNN,WWOX,0.7324979901313782,44,E,F,WWOX,A
885,ThermoMPNN,WWOX,1.4020390510559082,44,E,G,WWOX,A
886,ThermoMPNN,WWOX,0.5331166386604309,44,E,H,WWOX,A
887,ThermoMPNN,WWOX,0.9290993213653564,44,E,I,WWOX,A
888,ThermoMPNN,WWOX,0.9442430734634399,44,E,K,WWOX,A
889,ThermoMPNN,WWOX,0.933432936668396,44,E,L,WWOX,A
890,ThermoMPNN,WWOX,0.8592086434364319,44,E,M,WWOX,A
891,ThermoMPNN,WWOX,0.9458459615707397,44,E,N,WWOX,A
892,ThermoMPNN,WWOX,1.5192749500274658,44,E,P,WWOX,A
893,ThermoMPNN,WWOX,0.3847026824951172,44,E,Q,WWOX,A
894,ThermoMPNN,WWOX,1.2140891551971436,44,E,R,WWOX,A
895,ThermoMPNN,WWOX,0.6949537992477417,44,E,S,WWOX,A
896,ThermoMPNN,WWOX,0.3242990970611572,44,E,T,WWOX,A
897,ThermoMPNN,WWOX,0.6650084257125854,44,E,V,WWOX,A
898,ThermoMPNN,WWOX,1.0263272523880005,44,E,W,WWOX,A
899,ThermoMPNN,WWOX,0.6357396245002747,44,E,Y,WWOX,A
900,ThermoMPNN,WWOX,1.4189836978912354,45,H,A,WWOX,A
901,ThermoMPNN,WWOX,0.8346294164657593,45,H,C,WWOX,A
902,ThermoMPNN,WWOX,2.1814663410186768,45,H,D,WWOX,A
903,ThermoMPNN,WWOX,2.6056888103485107,45,H,E,WWOX,A
904,ThermoMPNN,WWOX,1.4242322444915771,45,H,F,WWOX,A
905,ThermoMPNN,WWOX,2.226950168609619,45,H,G,WWOX,A
906,ThermoMPNN,WWOX,0.0,45,H,H,WWOX,A
907,ThermoMPNN,WWOX,1.993752121925354,45,H,I,WWOX,A
908,ThermoMPNN,WWOX,1.4188251495361328,45,H,K,WWOX,A
909,ThermoMPNN,WWOX,1.8568675518035889,45,H,L,WWOX,A
910,ThermoMPNN,WWOX,2.047271251678467,45,H,M,WWOX,A
911,ThermoMPNN,WWOX,0.5754528045654297,45,H,N,WWOX,A
912,ThermoMPNN,WWOX,1.70042085647583,45,H,P,WWOX,A
913,ThermoMPNN,WWOX,1.9138559103012085,45,H,Q,WWOX,A
914,ThermoMPNN,WWOX,1.139380693435669,45,H,R,WWOX,A
915,ThermoMPNN,WWOX,1.3995716571807861,45,H,S,WWOX,A
916,ThermoMPNN,WWOX,1.9587593078613281,45,H,T,WWOX,A
917,ThermoMPNN,WWOX,2.0023715496063232,45,H,V,WWOX,A
918,ThermoMPNN,WWOX,1.9631543159484863,45,H,W,WWOX,A
919,ThermoMPNN,WWOX,0.9864166975021362,45,H,Y,WWOX,A
920,ThermoMPNN,WWOX,2.4545836448669434,46,P,A,WWOX,A
921,ThermoMPNN,WWOX,1.6366772651672363,46,P,C,WWOX,A
922,ThermoMPNN,WWOX,2.5411384105682373,46,P,D,WWOX,A
923,ThermoMPNN,WWOX,2.4442315101623535,46,P,E,WWOX,A
924,ThermoMPNN,WWOX,2.0968611240386963,46,P,F,WWOX,A
925,ThermoMPNN,WWOX,2.835805892944336,46,P,G,WWOX,A
926,ThermoMPNN,WWOX,2.4933626651763916,46,P,H,WWOX,A
927,ThermoMPNN,WWOX,2.3668627738952637,46,P,I,WWOX,A
928,ThermoMPNN,WWOX,2.466716766357422,46,P,K,WWOX,A
929,ThermoMPNN,WWOX,2.1053085327148438,46,P,L,WWOX,A
930,ThermoMPNN,WWOX,2.195582866668701,46,P,M,WWOX,A
931,ThermoMPNN,WWOX,2.602325916290283,46,P,N,WWOX,A
932,ThermoMPNN,WWOX,0.0,46,P,P,WWOX,A
933,ThermoMPNN,WWOX,2.535202980041504,46,P,Q,WWOX,A
934,ThermoMPNN,WWOX,2.5321550369262695,46,P,R,WWOX,A
935,ThermoMPNN,WWOX,2.4436120986938477,46,P,S,WWOX,A
936,ThermoMPNN,WWOX,2.805922031402588,46,P,T,WWOX,A
937,ThermoMPNN,WWOX,2.6584432125091553,46,P,V,WWOX,A
938,ThermoMPNN,WWOX,2.2505319118499756,46,P,W,WWOX,A
939,ThermoMPNN,WWOX,1.9954826831817627,46,P,Y,WWOX,A
940,ThermoMPNN,WWOX,0.7974234819412231,47,K,A,WWOX,A
941,ThermoMPNN,WWOX,0.2412409782409668,47,K,C,WWOX,A
942,ThermoMPNN,WWOX,1.5278854370117188,47,K,D,WWOX,A
943,ThermoMPNN,WWOX,0.8246603012084961,47,K,E,WWOX,A
944,ThermoMPNN,WWOX,0.5307132601737976,47,K,F,WWOX,A
945,ThermoMPNN,WWOX,1.5305099487304688,47,K,G,WWOX,A
946,ThermoMPNN,WWOX,0.6374019980430603,47,K,H,WWOX,A
947,ThermoMPNN,WWOX,-0.07381641864776611,47,K,I,WWOX,A
948,ThermoMPNN,WWOX,0.0,47,K,K,WWOX,A
949,ThermoMPNN,WWOX,0.055542826652526855,47,K,L,WWOX,A
950,ThermoMPNN,WWOX,0.22249174118041992,47,K,M,WWOX,A
951,ThermoMPNN,WWOX,0.7704963684082031,47,K,N,WWOX,A
952,ThermoMPNN,WWOX,1.694122314453125,47,K,P,WWOX,A
953,ThermoMPNN,WWOX,0.40790486335754395,47,K,Q,WWOX,A
954,ThermoMPNN,WWOX,0.04616975784301758,47,K,R,WWOX,A
955,ThermoMPNN,WWOX,0.8016451597213745,47,K,S,WWOX,A
956,ThermoMPNN,WWOX,0.2692829966545105,47,K,T,WWOX,A
957,ThermoMPNN,WWOX,-0.08218967914581299,47,K,V,WWOX,A
958,ThermoMPNN,WWOX,0.7171619534492493,47,K,W,WWOX,A
959,ThermoMPNN,WWOX,0.5755925178527832,47,K,Y,WWOX,A
960,ThermoMPNN,WWOX,2.214712619781494,48,T,A,WWOX,A
961,ThermoMPNN,WWOX,1.8482897281646729,48,T,C,WWOX,A
962,ThermoMPNN,WWOX,1.495377779006958,48,T,D,WWOX,A
963,ThermoMPNN,WWOX,2.535698175430298,48,T,E,WWOX,A
964,ThermoMPNN,WWOX,2.3952527046203613,48,T,F,WWOX,A
965,ThermoMPNN,WWOX,2.120910406112671,48,T,G,WWOX,A
966,ThermoMPNN,WWOX,1.7940781116485596,48,T,H,WWOX,A
967,ThermoMPNN,WWOX,2.42035174369812,48,T,I,WWOX,A
968,ThermoMPNN,WWOX,2.163382053375244,48,T,K,WWOX,A
969,ThermoMPNN,WWOX,2.229599714279175,48,T,L,WWOX,A
970,ThermoMPNN,WWOX,2.303884506225586,48,T,M,WWOX,A
971,ThermoMPNN,WWOX,0.8601818084716797,48,T,N,WWOX,A
972,ThermoMPNN,WWOX,2.467827558517456,48,T,P,WWOX,A
973,ThermoMPNN,WWOX,2.2919607162475586,48,T,Q,WWOX,A
974,ThermoMPNN,WWOX,1.8193813562393188,48,T,R,WWOX,A
975,ThermoMPNN,WWOX,0.5670247077941895,48,T,S,WWOX,A
976,ThermoMPNN,WWOX,0.0,48,T,T,WWOX,A
977,ThermoMPNN,WWOX,2.3115077018737793,48,T,V,WWOX,A
978,ThermoMPNN,WWOX,2.4141016006469727,48,T,W,WWOX,A
979,ThermoMPNN,WWOX,2.3285067081451416,48,T,Y,WWOX,A
980,ThermoMPNN,WWOX,1.8044652938842773,49,G,A,WWOX,A
981,ThermoMPNN,WWOX,0.8664584159851074,49,G,C,WWOX,A
982,ThermoMPNN,WWOX,1.9984315633773804,49,G,D,WWOX,A
983,ThermoMPNN,WWOX,2.223600387573242,49,G,E,WWOX,A
984,ThermoMPNN,WWOX,1.5244808197021484,49,G,F,WWOX,A
985,ThermoMPNN,WWOX,0.0,49,G,G,WWOX,A
986,ThermoMPNN,WWOX,1.0061523914337158,49,G,H,WWOX,A
987,ThermoMPNN,WWOX,3.3159749507904053,49,G,I,WWOX,A
988,ThermoMPNN,WWOX,1.1840929985046387,49,G,K,WWOX,A
989,ThermoMPNN,WWOX,1.9412719011306763,49,G,L,WWOX,A
990,ThermoMPNN,WWOX,1.5057339668273926,49,G,M,WWOX,A
991,ThermoMPNN,WWOX,0.9561759233474731,49,G,N,WWOX,A
992,ThermoMPNN,WWOX,3.433875322341919,49,G,P,WWOX,A
993,ThermoMPNN,WWOX,1.2779730558395386,49,G,Q,WWOX,A
994,ThermoMPNN,WWOX,1.3424450159072876,49,G,R,WWOX,A
995,ThermoMPNN,WWOX,1.8105098009109497,49,G,S,WWOX,A
996,ThermoMPNN,WWOX,2.6305465698242188,49,G,T,WWOX,A
997,ThermoMPNN,WWOX,3.119004726409912,49,G,V,WWOX,A
998,ThermoMPNN,WWOX,2.148505687713623,49,G,W,WWOX,A
999,ThermoMPNN,WWOX,1.9065465927124023,49,G,Y,WWOX,A
1000,ThermoMPNN,WWOX,0.8594725728034973,50,K,A,WWOX,A
1001,ThermoMPNN,WWOX,0.6457120180130005,50,K,C,WWOX,A
1002,ThermoMPNN,WWOX,1.5475573539733887,50,K,D,WWOX,A
1003,ThermoMPNN,WWOX,1.0070621967315674,50,K,E,WWOX,A
1004,ThermoMPNN,WWOX,1.0608808994293213,50,K,F,WWOX,A
1005,ThermoMPNN,WWOX,1.4908876419067383,50,K,G,WWOX,A
1006,ThermoMPNN,WWOX,0.8951053023338318,50,K,H,WWOX,A
1007,ThermoMPNN,WWOX,0.39932477474212646,50,K,I,WWOX,A
1008,ThermoMPNN,WWOX,0.0,50,K,K,WWOX,A
1009,ThermoMPNN,WWOX,0.632194995880127,50,K,L,WWOX,A
1010,ThermoMPNN,WWOX,0.6424984931945801,50,K,M,WWOX,A
1011,ThermoMPNN,WWOX,0.8678469657897949,50,K,N,WWOX,A
1012,ThermoMPNN,WWOX,1.8715386390686035,50,K,P,WWOX,A
1013,ThermoMPNN,WWOX,0.5043578147888184,50,K,Q,WWOX,A
1014,ThermoMPNN,WWOX,0.08795166015625,50,K,R,WWOX,A
1015,ThermoMPNN,WWOX,0.8553991913795471,50,K,S,WWOX,A
1016,ThermoMPNN,WWOX,0.5814142823219299,50,K,T,WWOX,A
1017,ThermoMPNN,WWOX,0.5083686113357544,50,K,V,WWOX,A
1018,ThermoMPNN,WWOX,1.2407605648040771,50,K,W,WWOX,A
1019,ThermoMPNN,WWOX,1.1231547594070435,50,K,Y,WWOX,A
1020,ThermoMPNN,WWOX,0.7593728303909302,51,R,A,WWOX,A
1021,ThermoMPNN,WWOX,0.5565075278282166,51,R,C,WWOX,A
1022,ThermoMPNN,WWOX,1.6106491088867188,51,R,D,WWOX,A
1023,ThermoMPNN,WWOX,1.305375337600708,51,R,E,WWOX,A
1024,ThermoMPNN,WWOX,0.6613578796386719,51,R,F,WWOX,A
1025,ThermoMPNN,WWOX,1.1520253419876099,51,R,G,WWOX,A
1026,ThermoMPNN,WWOX,0.8329287767410278,51,R,H,WWOX,A
1027,ThermoMPNN,WWOX,0.2814006805419922,51,R,I,WWOX,A
1028,ThermoMPNN,WWOX,0.22898602485656738,51,R,K,WWOX,A
1029,ThermoMPNN,WWOX,0.3944317102432251,51,R,L,WWOX,A
1030,ThermoMPNN,WWOX,0.4940377473831177,51,R,M,WWOX,A
1031,ThermoMPNN,WWOX,1.0764135122299194,51,R,N,WWOX,A
1032,ThermoMPNN,WWOX,1.0282033681869507,51,R,P,WWOX,A
1033,ThermoMPNN,WWOX,0.8697878122329712,51,R,Q,WWOX,A
1034,ThermoMPNN,WWOX,0.0,51,R,R,WWOX,A
1035,ThermoMPNN,WWOX,0.7107186913490295,51,R,S,WWOX,A
1036,ThermoMPNN,WWOX,0.3364570140838623,51,R,T,WWOX,A
1037,ThermoMPNN,WWOX,0.34343576431274414,51,R,V,WWOX,A
1038,ThermoMPNN,WWOX,0.6988416910171509,51,R,W,WWOX,A
1039,ThermoMPNN,WWOX,0.5867332220077515,51,R,Y,WWOX,A
1040,ThermoMPNN,WWOX,1.3374420404434204,52,K,A,WWOX,A
1041,ThermoMPNN,WWOX,0.6962616443634033,52,K,C,WWOX,A
1042,ThermoMPNN,WWOX,2.259436845779419,52,K,D,WWOX,A
1043,ThermoMPNN,WWOX,1.4513150453567505,52,K,E,WWOX,A
1044,ThermoMPNN,WWOX,0.2424755096435547,52,K,F,WWOX,A
1045,ThermoMPNN,WWOX,1.7043523788452148,52,K,G,WWOX,A
1046,ThermoMPNN,WWOX,0.7039840221405029,52,K,H,WWOX,A
1047,ThermoMPNN,WWOX,0.5911960601806641,52,K,I,WWOX,A
1048,ThermoMPNN,WWOX,0.0,52,K,K,WWOX,A
1049,ThermoMPNN,WWOX,0.7513284683227539,52,K,L,WWOX,A
1050,ThermoMPNN,WWOX,0.7288016676902771,52,K,M,WWOX,A
1051,ThermoMPNN,WWOX,1.2804958820343018,52,K,N,WWOX,A
1052,ThermoMPNN,WWOX,1.2537825107574463,52,K,P,WWOX,A
1053,ThermoMPNN,WWOX,0.9873279333114624,52,K,Q,WWOX,A
1054,ThermoMPNN,WWOX,-0.25475549697875977,52,K,R,WWOX,A
1055,ThermoMPNN,WWOX,1.1622130870819092,52,K,S,WWOX,A
1056,ThermoMPNN,WWOX,0.657992422580719,52,K,T,WWOX,A
1057,ThermoMPNN,WWOX,0.7315260171890259,52,K,V,WWOX,A
1058,ThermoMPNN,WWOX,0.4797120690345764,52,K,W,WWOX,A
1059,ThermoMPNN,WWOX,-0.02370595932006836,52,K,Y,WWOX,A
1060,ThermoMPNN,WWOX,1.5218974351882935,53,R,A,WWOX,A
1061,ThermoMPNN,WWOX,0.8362718820571899,53,R,C,WWOX,A
1062,ThermoMPNN,WWOX,2.5984761714935303,53,R,D,WWOX,A
1063,ThermoMPNN,WWOX,1.999680519104004,53,R,E,WWOX,A
1064,ThermoMPNN,WWOX,0.6817193031311035,53,R,F,WWOX,A
1065,ThermoMPNN,WWOX,2.088366746902466,53,R,G,WWOX,A
1066,ThermoMPNN,WWOX,0.9926021695137024,53,R,H,WWOX,A
1067,ThermoMPNN,WWOX,0.7005867958068848,53,R,I,WWOX,A
1068,ThermoMPNN,WWOX,0.5371856689453125,53,R,K,WWOX,A
1069,ThermoMPNN,WWOX,1.3348968029022217,53,R,L,WWOX,A
1070,ThermoMPNN,WWOX,1.0004711151123047,53,R,M,WWOX,A
1071,ThermoMPNN,WWOX,1.4771337509155273,53,R,N,WWOX,A
1072,ThermoMPNN,WWOX,2.722062110900879,53,R,P,WWOX,A
1073,ThermoMPNN,WWOX,1.3325308561325073,53,R,Q,WWOX,A
1074,ThermoMPNN,WWOX,0.0,53,R,R,WWOX,A
1075,ThermoMPNN,WWOX,0.7161493301391602,53,R,S,WWOX,A
1076,ThermoMPNN,WWOX,0.296686053276062,53,R,T,WWOX,A
1077,ThermoMPNN,WWOX,0.6763696670532227,53,R,V,WWOX,A
1078,ThermoMPNN,WWOX,0.7601124048233032,53,R,W,WWOX,A
1079,ThermoMPNN,WWOX,0.6299575567245483,53,R,Y,WWOX,A
1080,ThermoMPNN,WWOX,1.1198889017105103,54,V,A,WWOX,A
1081,ThermoMPNN,WWOX,0.9364521503448486,54,V,C,WWOX,A
1082,ThermoMPNN,WWOX,2.563943862915039,54,V,D,WWOX,A
1083,ThermoMPNN,WWOX,2.567415714263916,54,V,E,WWOX,A
1084,ThermoMPNN,WWOX,1.6828058958053589,54,V,F,WWOX,A
1085,ThermoMPNN,WWOX,2.3785207271575928,54,V,G,WWOX,A
1086,ThermoMPNN,WWOX,2.4977097511291504,54,V,H,WWOX,A
1087,ThermoMPNN,WWOX,0.06123828887939453,54,V,I,WWOX,A
1088,ThermoMPNN,WWOX,2.4715538024902344,54,V,K,WWOX,A
1089,ThermoMPNN,WWOX,0.5903708934783936,54,V,L,WWOX,A
1090,ThermoMPNN,WWOX,1.1764535903930664,54,V,M,WWOX,A
1091,ThermoMPNN,WWOX,2.544039726257324,54,V,N,WWOX,A
1092,ThermoMPNN,WWOX,2.650829553604126,54,V,P,WWOX,A
1093,ThermoMPNN,WWOX,2.2409474849700928,54,V,Q,WWOX,A
1094,ThermoMPNN,WWOX,2.4381957054138184,54,V,R,WWOX,A
1095,ThermoMPNN,WWOX,1.7956829071044922,54,V,S,WWOX,A
1096,ThermoMPNN,WWOX,0.6322526931762695,54,V,T,WWOX,A
1097,ThermoMPNN,WWOX,0.0,54,V,V,WWOX,A
1098,ThermoMPNN,WWOX,2.0054192543029785,54,V,W,WWOX,A
1099,ThermoMPNN,WWOX,1.90646231174469,54,V,Y,WWOX,A
1100,ThermoMPNN,WWOX,0.0,55,A,A,WWOX,A
1101,ThermoMPNN,WWOX,-0.44703441858291626,55,A,C,WWOX,A
1102,ThermoMPNN,WWOX,-0.16665387153625488,55,A,D,WWOX,A
1103,ThermoMPNN,WWOX,-0.13791239261627197,55,A,E,WWOX,A
1104,ThermoMPNN,WWOX,0.03266996145248413,55,A,F,WWOX,A
1105,ThermoMPNN,WWOX,0.4679149389266968,55,A,G,WWOX,A
1106,ThermoMPNN,WWOX,-0.04862004518508911,55,A,H,WWOX,A
1107,ThermoMPNN,WWOX,-0.2851090431213379,55,A,I,WWOX,A
1108,ThermoMPNN,WWOX,0.3171344995498657,55,A,K,WWOX,A
1109,ThermoMPNN,WWOX,-0.1686941385269165,55,A,L,WWOX,A
1110,ThermoMPNN,WWOX,-0.029900074005126953,55,A,M,WWOX,A
1111,ThermoMPNN,WWOX,0.034601688385009766,55,A,N,WWOX,A
1112,ThermoMPNN,WWOX,0.6645116209983826,55,A,P,WWOX,A
1113,ThermoMPNN,WWOX,0.0217745304107666,55,A,Q,WWOX,A
1114,ThermoMPNN,WWOX,0.33623239398002625,55,A,R,WWOX,A
1115,ThermoMPNN,WWOX,0.11588138341903687,55,A,S,WWOX,A
1116,ThermoMPNN,WWOX,0.012614786624908447,55,A,T,WWOX,A
1117,ThermoMPNN,WWOX,-0.5290775895118713,55,A,V,WWOX,A
1118,ThermoMPNN,WWOX,-0.16660654544830322,55,A,W,WWOX,A
1119,ThermoMPNN,WWOX,-0.033659279346466064,55,A,Y,WWOX,A
1120,ThermoMPNN,WWOX,0.9959460496902466,56,G,A,WWOX,A
1121,ThermoMPNN,WWOX,0.5040958523750305,56,G,C,WWOX,A
1122,ThermoMPNN,WWOX,0.5998708009719849,56,G,D,WWOX,A
1123,ThermoMPNN,WWOX,1.1185781955718994,56,G,E,WWOX,A
1124,ThermoMPNN,WWOX,0.9364991784095764,56,G,F,WWOX,A
1125,ThermoMPNN,WWOX,0.0,56,G,G,WWOX,A
1126,ThermoMPNN,WWOX,0.9714120626449585,56,G,H,WWOX,A
1127,ThermoMPNN,WWOX,1.202350378036499,56,G,I,WWOX,A
1128,ThermoMPNN,WWOX,1.091331958770752,56,G,K,WWOX,A
1129,ThermoMPNN,WWOX,0.9463698267936707,56,G,L,WWOX,A
1130,ThermoMPNN,WWOX,1.0078908205032349,56,G,M,WWOX,A
1131,ThermoMPNN,WWOX,0.6297261118888855,56,G,N,WWOX,A
1132,ThermoMPNN,WWOX,1.4826016426086426,56,G,P,WWOX,A
1133,ThermoMPNN,WWOX,1.135742425918579,56,G,Q,WWOX,A
1134,ThermoMPNN,WWOX,1.1190696954727173,56,G,R,WWOX,A
1135,ThermoMPNN,WWOX,0.8494545221328735,56,G,S,WWOX,A
1136,ThermoMPNN,WWOX,0.9804732799530029,56,G,T,WWOX,A
1137,ThermoMPNN,WWOX,1.2348747253417969,56,G,V,WWOX,A
1138,ThermoMPNN,WWOX,1.0695688724517822,56,G,W,WWOX,A
1139,ThermoMPNN,WWOX,1.0395925045013428,56,G,Y,WWOX,A
1140,ThermoMPNN,WWOX,0.1210397481918335,57,D,A,WWOX,A
1141,ThermoMPNN,WWOX,0.12095510959625244,57,D,C,WWOX,A
1142,ThermoMPNN,WWOX,0.0,57,D,D,WWOX,A
1143,ThermoMPNN,WWOX,0.16925376653671265,57,D,E,WWOX,A
1144,ThermoMPNN,WWOX,0.7140446901321411,57,D,F,WWOX,A
1145,ThermoMPNN,WWOX,0.45882320404052734,57,D,G,WWOX,A
1146,ThermoMPNN,WWOX,0.5942714214324951,57,D,H,WWOX,A
1147,ThermoMPNN,WWOX,0.6661477088928223,57,D,I,WWOX,A
1148,ThermoMPNN,WWOX,0.6060765981674194,57,D,K,WWOX,A
1149,ThermoMPNN,WWOX,0.5485303401947021,57,D,L,WWOX,A
1150,ThermoMPNN,WWOX,0.5777883529663086,57,D,M,WWOX,A
1151,ThermoMPNN,WWOX,0.4031093120574951,57,D,N,WWOX,A
1152,ThermoMPNN,WWOX,-0.12032866477966309,57,D,P,WWOX,A
1153,ThermoMPNN,WWOX,0.44088149070739746,57,D,Q,WWOX,A
1154,ThermoMPNN,WWOX,0.7162692546844482,57,D,R,WWOX,A
1155,ThermoMPNN,WWOX,-0.0035666227340698242,57,D,S,WWOX,A
1156,ThermoMPNN,WWOX,0.3346499800682068,57,D,T,WWOX,A
1157,ThermoMPNN,WWOX,0.6138952374458313,57,D,V,WWOX,A
1158,ThermoMPNN,WWOX,0.6702139377593994,57,D,W,WWOX,A
1159,ThermoMPNN,WWOX,0.7409608364105225,57,D,Y,WWOX,A
1160,ThermoMPNN,WWOX,1.7545464038848877,58,L,A,WWOX,A
1161,ThermoMPNN,WWOX,1.1503245830535889,58,L,C,WWOX,A
1162,ThermoMPNN,WWOX,1.1800117492675781,58,L,D,WWOX,A
1163,ThermoMPNN,WWOX,1.641610860824585,58,L,E,WWOX,A
1164,ThermoMPNN,WWOX,1.117445707321167,58,L,F,WWOX,A
1165,ThermoMPNN,WWOX,2.3468780517578125,58,L,G,WWOX,A
1166,ThermoMPNN,WWOX,1.4749479293823242,58,L,H,WWOX,A
1167,ThermoMPNN,WWOX,1.0401484966278076,58,L,I,WWOX,A
1168,ThermoMPNN,WWOX,1.9646395444869995,58,L,K,WWOX,A
1169,ThermoMPNN,WWOX,0.0,58,L,L,WWOX,A
1170,ThermoMPNN,WWOX,0.9885503649711609,58,L,M,WWOX,A
1171,ThermoMPNN,WWOX,1.7445366382598877,58,L,N,WWOX,A
1172,ThermoMPNN,WWOX,1.1604543924331665,58,L,P,WWOX,A
1173,ThermoMPNN,WWOX,1.7430057525634766,58,L,Q,WWOX,A
1174,ThermoMPNN,WWOX,1.9588754177093506,58,L,R,WWOX,A
1175,ThermoMPNN,WWOX,1.8342900276184082,58,L,S,WWOX,A
1176,ThermoMPNN,WWOX,1.5841906070709229,58,L,T,WWOX,A
1177,ThermoMPNN,WWOX,1.2150325775146484,58,L,V,WWOX,A
1178,ThermoMPNN,WWOX,1.4020271301269531,58,L,W,WWOX,A
1179,ThermoMPNN,WWOX,1.1917606592178345,58,L,Y,WWOX,A
1180,ThermoMPNN,WWOX,1.3650023937225342,59,P,A,WWOX,A
1181,ThermoMPNN,WWOX,0.9150546193122864,59,P,C,WWOX,A
1182,ThermoMPNN,WWOX,0.7640600204467773,59,P,D,WWOX,A
1183,ThermoMPNN,WWOX,1.3445581197738647,59,P,E,WWOX,A
1184,ThermoMPNN,WWOX,1.3313918113708496,59,P,F,WWOX,A
1185,ThermoMPNN,WWOX,1.7880232334136963,59,P,G,WWOX,A
1186,ThermoMPNN,WWOX,1.4236164093017578,59,P,H,WWOX,A
1187,ThermoMPNN,WWOX,1.4596893787384033,59,P,I,WWOX,A
1188,ThermoMPNN,WWOX,1.580955147743225,59,P,K,WWOX,A
1189,ThermoMPNN,WWOX,1.2916845083236694,59,P,L,WWOX,A
1190,ThermoMPNN,WWOX,1.4017497301101685,59,P,M,WWOX,A
1191,ThermoMPNN,WWOX,1.3098385334014893,59,P,N,WWOX,A
1192,ThermoMPNN,WWOX,0.0,59,P,P,WWOX,A
1193,ThermoMPNN,WWOX,1.569219708442688,59,P,Q,WWOX,A
1194,ThermoMPNN,WWOX,1.5893361568450928,59,P,R,WWOX,A
1195,ThermoMPNN,WWOX,1.2595620155334473,59,P,S,WWOX,A
1196,ThermoMPNN,WWOX,1.6876490116119385,59,P,T,WWOX,A
1197,ThermoMPNN,WWOX,1.7098963260650635,59,P,V,WWOX,A
1198,ThermoMPNN,WWOX,1.3326029777526855,59,P,W,WWOX,A
1199,ThermoMPNN,WWOX,1.2944984436035156,59,P,Y,WWOX,A
1200,ThermoMPNN,WWOX,0.8569945096969604,60,Y,A,WWOX,A
1201,ThermoMPNN,WWOX,0.5215908288955688,60,Y,C,WWOX,A
1202,ThermoMPNN,WWOX,1.3332479000091553,60,Y,D,WWOX,A
1203,ThermoMPNN,WWOX,1.1954727172851562,60,Y,E,WWOX,A
1204,ThermoMPNN,WWOX,0.42314136028289795,60,Y,F,WWOX,A
1205,ThermoMPNN,WWOX,1.4515371322631836,60,Y,G,WWOX,A
1206,ThermoMPNN,WWOX,0.2516956329345703,60,Y,H,WWOX,A
1207,ThermoMPNN,WWOX,1.0541788339614868,60,Y,I,WWOX,A
1208,ThermoMPNN,WWOX,0.9346882104873657,60,Y,K,WWOX,A
1209,ThermoMPNN,WWOX,0.9040566086769104,60,Y,L,WWOX,A
1210,ThermoMPNN,WWOX,1.048327922821045,60,Y,M,WWOX,A
1211,ThermoMPNN,WWOX,0.8544343113899231,60,Y,N,WWOX,A
1212,ThermoMPNN,WWOX,0.6001660823822021,60,Y,P,WWOX,A
1213,ThermoMPNN,WWOX,1.1093173027038574,60,Y,Q,WWOX,A
1214,ThermoMPNN,WWOX,0.8187177181243896,60,Y,R,WWOX,A
1215,ThermoMPNN,WWOX,1.1279832124710083,60,Y,S,WWOX,A
1216,ThermoMPNN,WWOX,1.0960172414779663,60,Y,T,WWOX,A
1217,ThermoMPNN,WWOX,0.8537473678588867,60,Y,V,WWOX,A
1218,ThermoMPNN,WWOX,0.41013145446777344,60,Y,W,WWOX,A
1219,ThermoMPNN,WWOX,0.0,60,Y,Y,WWOX,A
1220,ThermoMPNN,WWOX,1.2406702041625977,61,G,A,WWOX,A
1221,ThermoMPNN,WWOX,0.5207664966583252,61,G,C,WWOX,A
1222,ThermoMPNN,WWOX,1.602848768234253,61,G,D,WWOX,A
1223,ThermoMPNN,WWOX,1.539852261543274,61,G,E,WWOX,A
1224,ThermoMPNN,WWOX,0.5349329710006714,61,G,F,WWOX,A
1225,ThermoMPNN,WWOX,0.0,61,G,G,WWOX,A
1226,ThermoMPNN,WWOX,0.9641909599304199,61,G,H,WWOX,A
1227,ThermoMPNN,WWOX,1.283843994140625,61,G,I,WWOX,A
1228,ThermoMPNN,WWOX,1.2735402584075928,61,G,K,WWOX,A
1229,ThermoMPNN,WWOX,0.9537993669509888,61,G,L,WWOX,A
1230,ThermoMPNN,WWOX,0.9763545989990234,61,G,M,WWOX,A
1231,ThermoMPNN,WWOX,1.3150355815887451,61,G,N,WWOX,A
1232,ThermoMPNN,WWOX,1.8432822227478027,61,G,P,WWOX,A
1233,ThermoMPNN,WWOX,1.2581921815872192,61,G,Q,WWOX,A
1234,ThermoMPNN,WWOX,1.3341484069824219,61,G,R,WWOX,A
1235,ThermoMPNN,WWOX,1.3758821487426758,61,G,S,WWOX,A
1236,ThermoMPNN,WWOX,1.4752955436706543,61,G,T,WWOX,A
1237,ThermoMPNN,WWOX,1.398834466934204,61,G,V,WWOX,A
1238,ThermoMPNN,WWOX,0.9510634541511536,61,G,W,WWOX,A
1239,ThermoMPNN,WWOX,0.6537986397743225,61,G,Y,WWOX,A
1240,ThermoMPNN,WWOX,2.69707989692688,62,W,A,WWOX,A
1241,ThermoMPNN,WWOX,1.8022750616073608,62,W,C,WWOX,A
1242,ThermoMPNN,WWOX,2.947054386138916,62,W,D,WWOX,A
1243,ThermoMPNN,WWOX,2.84087872505188,62,W,E,WWOX,A
1244,ThermoMPNN,WWOX,1.2809535264968872,62,W,F,WWOX,A
1245,ThermoMPNN,WWOX,2.9681429862976074,62,W,G,WWOX,A
1246,ThermoMPNN,WWOX,2.570122241973877,62,W,H,WWOX,A
1247,ThermoMPNN,WWOX,1.9775569438934326,62,W,I,WWOX,A
1248,ThermoMPNN,WWOX,2.869381904602051,62,W,K,WWOX,A
1249,ThermoMPNN,WWOX,2.060281991958618,62,W,L,WWOX,A
1250,ThermoMPNN,WWOX,1.969955325126648,62,W,M,WWOX,A
1251,ThermoMPNN,WWOX,2.88169527053833,62,W,N,WWOX,A
1252,ThermoMPNN,WWOX,2.849700927734375,62,W,P,WWOX,A
1253,ThermoMPNN,WWOX,2.656609535217285,62,W,Q,WWOX,A
1254,ThermoMPNN,WWOX,2.7886128425598145,62,W,R,WWOX,A
1255,ThermoMPNN,WWOX,2.5310800075531006,62,W,S,WWOX,A
1256,ThermoMPNN,WWOX,2.4374380111694336,62,W,T,WWOX,A
1257,ThermoMPNN,WWOX,1.860727310180664,62,W,V,WWOX,A
1258,ThermoMPNN,WWOX,0.0,62,W,W,WWOX,A
1259,ThermoMPNN,WWOX,1.1849807500839233,62,W,Y,WWOX,A
1260,ThermoMPNN,WWOX,0.5225949883460999,63,E,A,WWOX,A
1261,ThermoMPNN,WWOX,-0.22180521488189697,63,E,C,WWOX,A
1262,ThermoMPNN,WWOX,1.2107748985290527,63,E,D,WWOX,A
1263,ThermoMPNN,WWOX,0.0,63,E,E,WWOX,A
1264,ThermoMPNN,WWOX,0.24560856819152832,63,E,F,WWOX,A
1265,ThermoMPNN,WWOX,1.4533734321594238,63,E,G,WWOX,A
1266,ThermoMPNN,WWOX,0.3288583755493164,63,E,H,WWOX,A
1267,ThermoMPNN,WWOX,-0.19698643684387207,63,E,I,WWOX,A
1268,ThermoMPNN,WWOX,0.39980870485305786,63,E,K,WWOX,A
1269,ThermoMPNN,WWOX,0.3984936475753784,63,E,L,WWOX,A
1270,ThermoMPNN,WWOX,0.24387121200561523,63,E,M,WWOX,A
1271,ThermoMPNN,WWOX,0.8957870602607727,63,E,N,WWOX,A
1272,ThermoMPNN,WWOX,2.789522171020508,63,E,P,WWOX,A
1273,ThermoMPNN,WWOX,0.19398367404937744,63,E,Q,WWOX,A
1274,ThermoMPNN,WWOX,0.28158336877822876,63,E,R,WWOX,A
1275,ThermoMPNN,WWOX,0.08100104331970215,63,E,S,WWOX,A
1276,ThermoMPNN,WWOX,-0.45391011238098145,63,E,T,WWOX,A
1277,ThermoMPNN,WWOX,-0.37872564792633057,63,E,V,WWOX,A
1278,ThermoMPNN,WWOX,0.3015533685684204,63,E,W,WWOX,A
1279,ThermoMPNN,WWOX,0.17544102668762207,63,E,Y,WWOX,A
1280,ThermoMPNN,WWOX,0.6858079433441162,64,Q,A,WWOX,A
1281,ThermoMPNN,WWOX,0.8247461318969727,64,Q,C,WWOX,A
1282,ThermoMPNN,WWOX,2.14005708694458,64,Q,D,WWOX,A
1283,ThermoMPNN,WWOX,0.7606509327888489,64,Q,E,WWOX,A
1284,ThermoMPNN,WWOX,0.982362687587738,64,Q,F,WWOX,A
1285,ThermoMPNN,WWOX,1.6138365268707275,64,Q,G,WWOX,A
1286,ThermoMPNN,WWOX,1.1031968593597412,64,Q,H,WWOX,A
1287,ThermoMPNN,WWOX,0.7437811493873596,64,Q,I,WWOX,A
1288,ThermoMPNN,WWOX,0.35520029067993164,64,Q,K,WWOX,A
1289,ThermoMPNN,WWOX,0.9240132570266724,64,Q,L,WWOX,A
1290,ThermoMPNN,WWOX,0.31070780754089355,64,Q,M,WWOX,A
1291,ThermoMPNN,WWOX,1.6673657894134521,64,Q,N,WWOX,A
1292,ThermoMPNN,WWOX,2.063750743865967,64,Q,P,WWOX,A
1293,ThermoMPNN,WWOX,0.0,64,Q,Q,WWOX,A
1294,ThermoMPNN,WWOX,0.40472257137298584,64,Q,R,WWOX,A
1295,ThermoMPNN,WWOX,0.9291877746582031,64,Q,S,WWOX,A
1296,ThermoMPNN,WWOX,1.071727991104126,64,Q,T,WWOX,A
1297,ThermoMPNN,WWOX,0.752848207950592,64,Q,V,WWOX,A
1298,ThermoMPNN,WWOX,1.0017108917236328,64,Q,W,WWOX,A
1299,ThermoMPNN,WWOX,1.0857445001602173,64,Q,Y,WWOX,A
1300,ThermoMPNN,WWOX,-0.33852124214172363,65,E,A,WWOX,A
1301,ThermoMPNN,WWOX,-0.8788266181945801,65,E,C,WWOX,A
1302,ThermoMPNN,WWOX,0.7245678305625916,65,E,D,WWOX,A
1303,ThermoMPNN,WWOX,0.0,65,E,E,WWOX,A
1304,ThermoMPNN,WWOX,-0.6770919561386108,65,E,F,WWOX,A
1305,ThermoMPNN,WWOX,-0.341699481010437,65,E,G,WWOX,A
1306,ThermoMPNN,WWOX,-0.6101698875427246,65,E,H,WWOX,A
1307,ThermoMPNN,WWOX,0.20935070514678955,65,E,I,WWOX,A
1308,ThermoMPNN,WWOX,-0.5786099433898926,65,E,K,WWOX,A
1309,ThermoMPNN,WWOX,-0.2695757746696472,65,E,L,WWOX,A
1310,ThermoMPNN,WWOX,-0.45782482624053955,65,E,M,WWOX,A
1311,ThermoMPNN,WWOX,0.00026169419288635254,65,E,N,WWOX,A
1312,ThermoMPNN,WWOX,1.3306097984313965,65,E,P,WWOX,A
1313,ThermoMPNN,WWOX,-0.5265231132507324,65,E,Q,WWOX,A
1314,ThermoMPNN,WWOX,-0.5796504020690918,65,E,R,WWOX,A
1315,ThermoMPNN,WWOX,0.0988430380821228,65,E,S,WWOX,A
1316,ThermoMPNN,WWOX,0.2706455588340759,65,E,T,WWOX,A
1317,ThermoMPNN,WWOX,-0.05617654323577881,65,E,V,WWOX,A
1318,ThermoMPNN,WWOX,-0.128254234790802,65,E,W,WWOX,A
1319,ThermoMPNN,WWOX,-0.6484860181808472,65,E,Y,WWOX,A
1320,ThermoMPNN,WWOX,0.84675532579422,66,T,A,WWOX,A
1321,ThermoMPNN,WWOX,0.036502838134765625,66,T,C,WWOX,A
1322,ThermoMPNN,WWOX,1.1480262279510498,66,T,D,WWOX,A
1323,ThermoMPNN,WWOX,0.5276322960853577,66,T,E,WWOX,A
1324,ThermoMPNN,WWOX,0.021598458290100098,66,T,F,WWOX,A
1325,ThermoMPNN,WWOX,1.7198517322540283,66,T,G,WWOX,A
1326,ThermoMPNN,WWOX,0.4823516011238098,66,T,H,WWOX,A
1327,ThermoMPNN,WWOX,-0.1284644603729248,66,T,I,WWOX,A
1328,ThermoMPNN,WWOX,1.0888152122497559,66,T,K,WWOX,A
1329,ThermoMPNN,WWOX,0.232715904712677,66,T,L,WWOX,A
1330,ThermoMPNN,WWOX,0.20725739002227783,66,T,M,WWOX,A
1331,ThermoMPNN,WWOX,0.9844591021537781,66,T,N,WWOX,A
1332,ThermoMPNN,WWOX,2.460728883743286,66,T,P,WWOX,A
1333,ThermoMPNN,WWOX,0.6172615885734558,66,T,Q,WWOX,A
1334,ThermoMPNN,WWOX,0.9366671442985535,66,T,R,WWOX,A
1335,ThermoMPNN,WWOX,0.5230060815811157,66,T,S,WWOX,A
1336,ThermoMPNN,WWOX,0.0,66,T,T,WWOX,A
1337,ThermoMPNN,WWOX,-0.14429616928100586,66,T,V,WWOX,A
1338,ThermoMPNN,WWOX,-0.005389213562011719,66,T,W,WWOX,A
1339,ThermoMPNN,WWOX,-0.03232455253601074,66,T,Y,WWOX,A
1340,ThermoMPNN,WWOX,2.488079786300659,67,D,A,WWOX,A
1341,ThermoMPNN,WWOX,1.7101606130599976,67,D,C,WWOX,A
1342,ThermoMPNN,WWOX,0.0,67,D,D,WWOX,A
1343,ThermoMPNN,WWOX,1.8875502347946167,67,D,E,WWOX,A
1344,ThermoMPNN,WWOX,2.356811046600342,67,D,F,WWOX,A
1345,ThermoMPNN,WWOX,2.063215732574463,67,D,G,WWOX,A
1346,ThermoMPNN,WWOX,2.186643123626709,67,D,H,WWOX,A
1347,ThermoMPNN,WWOX,2.9485421180725098,67,D,I,WWOX,A
1348,ThermoMPNN,WWOX,2.4832592010498047,67,D,K,WWOX,A
1349,ThermoMPNN,WWOX,2.55086350440979,67,D,L,WWOX,A
1350,ThermoMPNN,WWOX,2.5487709045410156,67,D,M,WWOX,A
1351,ThermoMPNN,WWOX,1.075060248374939,67,D,N,WWOX,A
1352,ThermoMPNN,WWOX,2.954810857772827,67,D,P,WWOX,A
1353,ThermoMPNN,WWOX,2.3547258377075195,67,D,Q,WWOX,A
1354,ThermoMPNN,WWOX,2.3816616535186768,67,D,R,WWOX,A
1355,ThermoMPNN,WWOX,1.750380277633667,67,D,S,WWOX,A
1356,ThermoMPNN,WWOX,2.1303300857543945,67,D,T,WWOX,A
1357,ThermoMPNN,WWOX,3.0565319061279297,67,D,V,WWOX,A
1358,ThermoMPNN,WWOX,2.576139450073242,67,D,W,WWOX,A
1359,ThermoMPNN,WWOX,2.58261775970459,67,D,Y,WWOX,A
1360,ThermoMPNN,WWOX,0.014719486236572266,68,E,A,WWOX,A
1361,ThermoMPNN,WWOX,0.23387640714645386,68,E,C,WWOX,A
1362,ThermoMPNN,WWOX,0.33206433057785034,68,E,D,WWOX,A
1363,ThermoMPNN,WWOX,0.0,68,E,E,WWOX,A
1364,ThermoMPNN,WWOX,0.7249868512153625,68,E,F,WWOX,A
1365,ThermoMPNN,WWOX,0.441952109336853,68,E,G,WWOX,A
1366,ThermoMPNN,WWOX,0.4027622938156128,68,E,H,WWOX,A
1367,ThermoMPNN,WWOX,0.5848872065544128,68,E,I,WWOX,A
1368,ThermoMPNN,WWOX,0.34477972984313965,68,E,K,WWOX,A
1369,ThermoMPNN,WWOX,0.524690568447113,68,E,L,WWOX,A
1370,ThermoMPNN,WWOX,0.45603883266448975,68,E,M,WWOX,A
1371,ThermoMPNN,WWOX,0.45233696699142456,68,E,N,WWOX,A
1372,ThermoMPNN,WWOX,0.16326504945755005,68,E,P,WWOX,A
1373,ThermoMPNN,WWOX,0.14604848623275757,68,E,Q,WWOX,A
1374,ThermoMPNN,WWOX,0.47543907165527344,68,E,R,WWOX,A
1375,ThermoMPNN,WWOX,0.0632702112197876,68,E,S,WWOX,A
1376,ThermoMPNN,WWOX,0.4061282277107239,68,E,T,WWOX,A
1377,ThermoMPNN,WWOX,0.5768784880638123,68,E,V,WWOX,A
1378,ThermoMPNN,WWOX,0.7075218558311462,68,E,W,WWOX,A
1379,ThermoMPNN,WWOX,0.6980558633804321,68,E,Y,WWOX,A
1380,ThermoMPNN,WWOX,0.7077973484992981,69,N,A,WWOX,A
1381,ThermoMPNN,WWOX,0.016326904296875,69,N,C,WWOX,A
1382,ThermoMPNN,WWOX,0.6531375646591187,69,N,D,WWOX,A
1383,ThermoMPNN,WWOX,0.7434478998184204,69,N,E,WWOX,A
1384,ThermoMPNN,WWOX,0.4821072816848755,69,N,F,WWOX,A
1385,ThermoMPNN,WWOX,0.9018352627754211,69,N,G,WWOX,A
1386,ThermoMPNN,WWOX,0.31488072872161865,69,N,H,WWOX,A
1387,ThermoMPNN,WWOX,1.2537431716918945,69,N,I,WWOX,A
1388,ThermoMPNN,WWOX,0.6627452969551086,69,N,K,WWOX,A
1389,ThermoMPNN,WWOX,0.5741284489631653,69,N,L,WWOX,A
1390,ThermoMPNN,WWOX,0.5769395232200623,69,N,M,WWOX,A
1391,ThermoMPNN,WWOX,0.0,69,N,N,WWOX,A
1392,ThermoMPNN,WWOX,2.9067533016204834,69,N,P,WWOX,A
1393,ThermoMPNN,WWOX,0.5989075899124146,69,N,Q,WWOX,A
1394,ThermoMPNN,WWOX,0.7073500752449036,69,N,R,WWOX,A
1395,ThermoMPNN,WWOX,0.587751567363739,69,N,S,WWOX,A
1396,ThermoMPNN,WWOX,0.7105539441108704,69,N,T,WWOX,A
1397,ThermoMPNN,WWOX,1.107243299484253,69,N,V,WWOX,A
1398,ThermoMPNN,WWOX,0.5194692611694336,69,N,W,WWOX,A
1399,ThermoMPNN,WWOX,0.43010449409484863,69,N,Y,WWOX,A
1400,ThermoMPNN,WWOX,1.586615800857544,70,G,A,WWOX,A
1401,ThermoMPNN,WWOX,0.7177703380584717,70,G,C,WWOX,A
1402,ThermoMPNN,WWOX,1.323474407196045,70,G,D,WWOX,A
1403,ThermoMPNN,WWOX,1.5148897171020508,70,G,E,WWOX,A
1404,ThermoMPNN,WWOX,1.3534574508666992,70,G,F,WWOX,A
1405,ThermoMPNN,WWOX,0.0,70,G,G,WWOX,A
1406,ThermoMPNN,WWOX,1.2703025341033936,70,G,H,WWOX,A
1407,ThermoMPNN,WWOX,2.187081813812256,70,G,I,WWOX,A
1408,ThermoMPNN,WWOX,1.6323963403701782,70,G,K,WWOX,A
1409,ThermoMPNN,WWOX,1.583944320678711,70,G,L,WWOX,A
1410,ThermoMPNN,WWOX,1.4599337577819824,70,G,M,WWOX,A
1411,ThermoMPNN,WWOX,1.0600026845932007,70,G,N,WWOX,A
1412,ThermoMPNN,WWOX,2.428765058517456,70,G,P,WWOX,A
1413,ThermoMPNN,WWOX,1.5611542463302612,70,G,Q,WWOX,A
1414,ThermoMPNN,WWOX,1.6505403518676758,70,G,R,WWOX,A
1415,ThermoMPNN,WWOX,1.57486891746521,70,G,S,WWOX,A
1416,ThermoMPNN,WWOX,2.0059423446655273,70,G,T,WWOX,A
1417,ThermoMPNN,WWOX,2.221169948577881,70,G,V,WWOX,A
1418,ThermoMPNN,WWOX,1.5550135374069214,70,G,W,WWOX,A
1419,ThermoMPNN,WWOX,1.4624961614608765,70,G,Y,WWOX,A
1420,ThermoMPNN,WWOX,0.7005142569541931,71,Q,A,WWOX,A
1421,ThermoMPNN,WWOX,0.2562445402145386,71,Q,C,WWOX,A
1422,ThermoMPNN,WWOX,0.7262256145477295,71,Q,D,WWOX,A
1423,ThermoMPNN,WWOX,0.23066306114196777,71,Q,E,WWOX,A
1424,ThermoMPNN,WWOX,0.6904320120811462,71,Q,F,WWOX,A
1425,ThermoMPNN,WWOX,1.2726221084594727,71,Q,G,WWOX,A
1426,ThermoMPNN,WWOX,0.27069008350372314,71,Q,H,WWOX,A
1427,ThermoMPNN,WWOX,0.6880636811256409,71,Q,I,WWOX,A
1428,ThermoMPNN,WWOX,0.1844637393951416,71,Q,K,WWOX,A
1429,ThermoMPNN,WWOX,0.5253732800483704,71,Q,L,WWOX,A
1430,ThermoMPNN,WWOX,0.5408245921134949,71,Q,M,WWOX,A
1431,ThermoMPNN,WWOX,0.2948472499847412,71,Q,N,WWOX,A
1432,ThermoMPNN,WWOX,3.4440083503723145,71,Q,P,WWOX,A
1433,ThermoMPNN,WWOX,0.0,71,Q,Q,WWOX,A
1434,ThermoMPNN,WWOX,0.31173717975616455,71,Q,R,WWOX,A
1435,ThermoMPNN,WWOX,0.8909308314323425,71,Q,S,WWOX,A
1436,ThermoMPNN,WWOX,0.682738721370697,71,Q,T,WWOX,A
1437,ThermoMPNN,WWOX,0.4722288250923157,71,Q,V,WWOX,A
1438,ThermoMPNN,WWOX,0.8869991898536682,71,Q,W,WWOX,A
1439,ThermoMPNN,WWOX,0.7116689085960388,71,Q,Y,WWOX,A
1440,ThermoMPNN,WWOX,1.497863531112671,72,V,A,WWOX,A
1441,ThermoMPNN,WWOX,0.6429853439331055,72,V,C,WWOX,A
1442,ThermoMPNN,WWOX,1.9288239479064941,72,V,D,WWOX,A
1443,ThermoMPNN,WWOX,1.3218300342559814,72,V,E,WWOX,A
1444,ThermoMPNN,WWOX,0.843235194683075,72,V,F,WWOX,A
1445,ThermoMPNN,WWOX,2.354161024093628,72,V,G,WWOX,A
1446,ThermoMPNN,WWOX,1.4612340927124023,72,V,H,WWOX,A
1447,ThermoMPNN,WWOX,-0.32492244243621826,72,V,I,WWOX,A
1448,ThermoMPNN,WWOX,1.6029143333435059,72,V,K,WWOX,A
1449,ThermoMPNN,WWOX,0.10578668117523193,72,V,L,WWOX,A
1450,ThermoMPNN,WWOX,0.5817993879318237,72,V,M,WWOX,A
1451,ThermoMPNN,WWOX,1.881058692932129,72,V,N,WWOX,A
1452,ThermoMPNN,WWOX,1.1455867290496826,72,V,P,WWOX,A
1453,ThermoMPNN,WWOX,1.4090418815612793,72,V,Q,WWOX,A
1454,ThermoMPNN,WWOX,1.7798171043395996,72,V,R,WWOX,A
1455,ThermoMPNN,WWOX,1.6939815282821655,72,V,S,WWOX,A
1456,ThermoMPNN,WWOX,0.9672146439552307,72,V,T,WWOX,A
1457,ThermoMPNN,WWOX,0.0,72,V,V,WWOX,A
1458,ThermoMPNN,WWOX,0.949882984161377,72,V,W,WWOX,A
1459,ThermoMPNN,WWOX,0.9709256291389465,72,V,Y,WWOX,A
1460,ThermoMPNN,WWOX,2.1693127155303955,73,F,A,WWOX,A
1461,ThermoMPNN,WWOX,1.3457287549972534,73,F,C,WWOX,A
1462,ThermoMPNN,WWOX,2.67891263961792,73,F,D,WWOX,A
1463,ThermoMPNN,WWOX,2.2792439460754395,73,F,E,WWOX,A
1464,ThermoMPNN,WWOX,0.0,73,F,F,WWOX,A
1465,ThermoMPNN,WWOX,2.600044012069702,73,F,G,WWOX,A
1466,ThermoMPNN,WWOX,1.8387231826782227,73,F,H,WWOX,A
1467,ThermoMPNN,WWOX,1.1302008628845215,73,F,I,WWOX,A
1468,ThermoMPNN,WWOX,1.925949215888977,73,F,K,WWOX,A
1469,ThermoMPNN,WWOX,1.3804194927215576,73,F,L,WWOX,A
1470,ThermoMPNN,WWOX,1.4974740743637085,73,F,M,WWOX,A
1471,ThermoMPNN,WWOX,2.468445301055908,73,F,N,WWOX,A
1472,ThermoMPNN,WWOX,2.254345417022705,73,F,P,WWOX,A
1473,ThermoMPNN,WWOX,2.1831130981445312,73,F,Q,WWOX,A
1474,ThermoMPNN,WWOX,1.7461552619934082,73,F,R,WWOX,A
1475,ThermoMPNN,WWOX,2.196035861968994,73,F,S,WWOX,A
1476,ThermoMPNN,WWOX,1.8204646110534668,73,F,T,WWOX,A
1477,ThermoMPNN,WWOX,1.2376042604446411,73,F,V,WWOX,A
1478,ThermoMPNN,WWOX,0.20172834396362305,73,F,W,WWOX,A
1479,ThermoMPNN,WWOX,0.014236688613891602,73,F,Y,WWOX,A
1480,ThermoMPNN,WWOX,2.8213894367218018,74,F,A,WWOX,A
1481,ThermoMPNN,WWOX,1.8618335723876953,74,F,C,WWOX,A
1482,ThermoMPNN,WWOX,2.8990907669067383,74,F,D,WWOX,A
1483,ThermoMPNN,WWOX,2.6739349365234375,74,F,E,WWOX,A
1484,ThermoMPNN,WWOX,0.0,74,F,F,WWOX,A
1485,ThermoMPNN,WWOX,3.1249635219573975,74,F,G,WWOX,A
1486,ThermoMPNN,WWOX,2.1644201278686523,74,F,H,WWOX,A
1487,ThermoMPNN,WWOX,1.8459341526031494,74,F,I,WWOX,A
1488,ThermoMPNN,WWOX,2.836871385574341,74,F,K,WWOX,A
1489,ThermoMPNN,WWOX,2.0162594318389893,74,F,L,WWOX,A
1490,ThermoMPNN,WWOX,2.051959991455078,74,F,M,WWOX,A
1491,ThermoMPNN,WWOX,2.9187183380126953,74,F,N,WWOX,A
1492,ThermoMPNN,WWOX,2.8795359134674072,74,F,P,WWOX,A
1493,ThermoMPNN,WWOX,2.801501989364624,74,F,Q,WWOX,A
1494,ThermoMPNN,WWOX,2.5952558517456055,74,F,R,WWOX,A
1495,ThermoMPNN,WWOX,2.704618215560913,74,F,S,WWOX,A
1496,ThermoMPNN,WWOX,2.4271135330200195,74,F,T,WWOX,A
1497,ThermoMPNN,WWOX,2.040327310562134,74,F,V,WWOX,A
1498,ThermoMPNN,WWOX,0.31252360343933105,74,F,W,WWOX,A
1499,ThermoMPNN,WWOX,-0.12461471557617188,74,F,Y,WWOX,A
1500,ThermoMPNN,WWOX,1.955397129058838,75,V,A,WWOX,A
1501,ThermoMPNN,WWOX,0.8608098030090332,75,V,C,WWOX,A
1502,ThermoMPNN,WWOX,3.2994117736816406,75,V,D,WWOX,A
1503,ThermoMPNN,WWOX,2.60308575630188,75,V,E,WWOX,A
1504,ThermoMPNN,WWOX,0.9820007085800171,75,V,F,WWOX,A
1505,ThermoMPNN,WWOX,2.9563043117523193,75,V,G,WWOX,A
1506,ThermoMPNN,WWOX,1.4623706340789795,75,V,H,WWOX,A
1507,ThermoMPNN,WWOX,-0.03884148597717285,75,V,I,WWOX,A
1508,ThermoMPNN,WWOX,1.2614641189575195,75,V,K,WWOX,A
1509,ThermoMPNN,WWOX,1.1004197597503662,75,V,L,WWOX,A
1510,ThermoMPNN,WWOX,1.285667061805725,75,V,M,WWOX,A
1511,ThermoMPNN,WWOX,2.1841506958007812,75,V,N,WWOX,A
1512,ThermoMPNN,WWOX,3.1853508949279785,75,V,P,WWOX,A
1513,ThermoMPNN,WWOX,1.9127564430236816,75,V,Q,WWOX,A
1514,ThermoMPNN,WWOX,0.9850188493728638,75,V,R,WWOX,A
1515,ThermoMPNN,WWOX,1.8782342672348022,75,V,S,WWOX,A
1516,ThermoMPNN,WWOX,1.0144270658493042,75,V,T,WWOX,A
1517,ThermoMPNN,WWOX,0.0,75,V,V,WWOX,A
1518,ThermoMPNN,WWOX,1.2275607585906982,75,V,W,WWOX,A
1519,ThermoMPNN,WWOX,0.8685479164123535,75,V,Y,WWOX,A
1520,ThermoMPNN,WWOX,2.21228289604187,76,D,A,WWOX,A
1521,ThermoMPNN,WWOX,1.1716525554656982,76,D,C,WWOX,A
1522,ThermoMPNN,WWOX,0.0,76,D,D,WWOX,A
1523,ThermoMPNN,WWOX,1.8559374809265137,76,D,E,WWOX,A
1524,ThermoMPNN,WWOX,1.7416534423828125,76,D,F,WWOX,A
1525,ThermoMPNN,WWOX,2.4957051277160645,76,D,G,WWOX,A
1526,ThermoMPNN,WWOX,1.4927597045898438,76,D,H,WWOX,A
1527,ThermoMPNN,WWOX,2.316037178039551,76,D,I,WWOX,A
1528,ThermoMPNN,WWOX,2.378148078918457,76,D,K,WWOX,A
1529,ThermoMPNN,WWOX,1.9660745859146118,76,D,L,WWOX,A
1530,ThermoMPNN,WWOX,2.270444869995117,76,D,M,WWOX,A
1531,ThermoMPNN,WWOX,0.5985273122787476,76,D,N,WWOX,A
1532,ThermoMPNN,WWOX,2.1098904609680176,76,D,P,WWOX,A
1533,ThermoMPNN,WWOX,2.3417487144470215,76,D,Q,WWOX,A
1534,ThermoMPNN,WWOX,2.270719528198242,76,D,R,WWOX,A
1535,ThermoMPNN,WWOX,1.5489587783813477,76,D,S,WWOX,A
1536,ThermoMPNN,WWOX,2.477415084838867,76,D,T,WWOX,A
1537,ThermoMPNN,WWOX,2.2576210498809814,76,D,V,WWOX,A
1538,ThermoMPNN,WWOX,1.6453783512115479,76,D,W,WWOX,A
1539,ThermoMPNN,WWOX,1.85042405128479,76,D,Y,WWOX,A
1540,ThermoMPNN,WWOX,0.8025329113006592,77,H,A,WWOX,A
1541,ThermoMPNN,WWOX,-0.02528977394104004,77,H,C,WWOX,A
1542,ThermoMPNN,WWOX,1.615954875946045,77,H,D,WWOX,A
1543,ThermoMPNN,WWOX,1.2180469036102295,77,H,E,WWOX,A
1544,ThermoMPNN,WWOX,0.29317355155944824,77,H,F,WWOX,A
1545,ThermoMPNN,WWOX,1.0024335384368896,77,H,G,WWOX,A
1546,ThermoMPNN,WWOX,0.0,77,H,H,WWOX,A
1547,ThermoMPNN,WWOX,0.37696409225463867,77,H,I,WWOX,A
1548,ThermoMPNN,WWOX,0.21423006057739258,77,H,K,WWOX,A
1549,ThermoMPNN,WWOX,0.32195013761520386,77,H,L,WWOX,A
1550,ThermoMPNN,WWOX,0.3874622583389282,77,H,M,WWOX,A
1551,ThermoMPNN,WWOX,0.5306280255317688,77,H,N,WWOX,A
1552,ThermoMPNN,WWOX,1.3527116775512695,77,H,P,WWOX,A
1553,ThermoMPNN,WWOX,0.657624363899231,77,H,Q,WWOX,A
1554,ThermoMPNN,WWOX,0.07943606376647949,77,H,R,WWOX,A
1555,ThermoMPNN,WWOX,0.6117407083511353,77,H,S,WWOX,A
1556,ThermoMPNN,WWOX,0.2872624397277832,77,H,T,WWOX,A
1557,ThermoMPNN,WWOX,0.48940473794937134,77,H,V,WWOX,A
1558,ThermoMPNN,WWOX,0.27082157135009766,77,H,W,WWOX,A
1559,ThermoMPNN,WWOX,0.04124116897583008,77,H,Y,WWOX,A
1560,ThermoMPNN,WWOX,1.3059306144714355,78,I,A,WWOX,A
1561,ThermoMPNN,WWOX,0.5472192764282227,78,I,C,WWOX,A
1562,ThermoMPNN,WWOX,1.736356258392334,78,I,D,WWOX,A
1563,ThermoMPNN,WWOX,1.6996338367462158,78,I,E,WWOX,A
1564,ThermoMPNN,WWOX,0.7668149471282959,78,I,F,WWOX,A
1565,ThermoMPNN,WWOX,1.6097111701965332,78,I,G,WWOX,A
1566,ThermoMPNN,WWOX,0.9032673835754395,78,I,H,WWOX,A
1567,ThermoMPNN,WWOX,0.0,78,I,I,WWOX,A
1568,ThermoMPNN,WWOX,0.5697891712188721,78,I,K,WWOX,A
1569,ThermoMPNN,WWOX,0.3864898681640625,78,I,L,WWOX,A
1570,ThermoMPNN,WWOX,0.7807798385620117,78,I,M,WWOX,A
1571,ThermoMPNN,WWOX,0.9226637482643127,78,I,N,WWOX,A
1572,ThermoMPNN,WWOX,1.8221731185913086,78,I,P,WWOX,A
1573,ThermoMPNN,WWOX,1.193265438079834,78,I,Q,WWOX,A
1574,ThermoMPNN,WWOX,0.5682095289230347,78,I,R,WWOX,A
1575,ThermoMPNN,WWOX,1.2952537536621094,78,I,S,WWOX,A
1576,ThermoMPNN,WWOX,1.0921438932418823,78,I,T,WWOX,A
1577,ThermoMPNN,WWOX,0.46221256256103516,78,I,V,WWOX,A
1578,ThermoMPNN,WWOX,0.7917268872261047,78,I,W,WWOX,A
1579,ThermoMPNN,WWOX,0.7798642516136169,78,I,Y,WWOX,A
1580,ThermoMPNN,WWOX,0.687179684638977,79,N,A,WWOX,A
1581,ThermoMPNN,WWOX,-0.05739152431488037,79,N,C,WWOX,A
1582,ThermoMPNN,WWOX,0.682604193687439,79,N,D,WWOX,A
1583,ThermoMPNN,WWOX,0.6590217351913452,79,N,E,WWOX,A
1584,ThermoMPNN,WWOX,0.15384125709533691,79,N,F,WWOX,A
1585,ThermoMPNN,WWOX,1.1509757041931152,79,N,G,WWOX,A
1586,ThermoMPNN,WWOX,0.1659454107284546,79,N,H,WWOX,A
1587,ThermoMPNN,WWOX,0.732585072517395,79,N,I,WWOX,A
1588,ThermoMPNN,WWOX,0.6598466634750366,79,N,K,WWOX,A
1589,ThermoMPNN,WWOX,0.2627454996109009,79,N,L,WWOX,A
1590,ThermoMPNN,WWOX,0.42957770824432373,79,N,M,WWOX,A
1591,ThermoMPNN,WWOX,0.0,79,N,N,WWOX,A
1592,ThermoMPNN,WWOX,2.312936305999756,79,N,P,WWOX,A
1593,ThermoMPNN,WWOX,0.5942277908325195,79,N,Q,WWOX,A
1594,ThermoMPNN,WWOX,0.6604243516921997,79,N,R,WWOX,A
1595,ThermoMPNN,WWOX,0.5459597110748291,79,N,S,WWOX,A
1596,ThermoMPNN,WWOX,0.33469802141189575,79,N,T,WWOX,A
1597,ThermoMPNN,WWOX,0.6185598373413086,79,N,V,WWOX,A
1598,ThermoMPNN,WWOX,0.18856751918792725,79,N,W,WWOX,A
1599,ThermoMPNN,WWOX,0.03156173229217529,79,N,Y,WWOX,A
1600,ThermoMPNN,WWOX,0.3092336654663086,80,K,A,WWOX,A
1601,ThermoMPNN,WWOX,-0.1929159164428711,80,K,C,WWOX,A
1602,ThermoMPNN,WWOX,0.3473753333091736,80,K,D,WWOX,A
1603,ThermoMPNN,WWOX,0.3891587257385254,80,K,E,WWOX,A
1604,ThermoMPNN,WWOX,0.1972641944885254,80,K,F,WWOX,A
1605,ThermoMPNN,WWOX,-0.28224945068359375,80,K,G,WWOX,A
1606,ThermoMPNN,WWOX,-0.052704572677612305,80,K,H,WWOX,A
1607,ThermoMPNN,WWOX,1.0353541374206543,80,K,I,WWOX,A
1608,ThermoMPNN,WWOX,0.0,80,K,K,WWOX,A
1609,ThermoMPNN,WWOX,0.30330193042755127,80,K,L,WWOX,A
1610,ThermoMPNN,WWOX,0.0636070966720581,80,K,M,WWOX,A
1611,ThermoMPNN,WWOX,-0.18440508842468262,80,K,N,WWOX,A
1612,ThermoMPNN,WWOX,1.6936564445495605,80,K,P,WWOX,A
1613,ThermoMPNN,WWOX,-0.07100343704223633,80,K,Q,WWOX,A
1614,ThermoMPNN,WWOX,0.2122381329536438,80,K,R,WWOX,A
1615,ThermoMPNN,WWOX,0.3032337427139282,80,K,S,WWOX,A
1616,ThermoMPNN,WWOX,0.8503125905990601,80,K,T,WWOX,A
1617,ThermoMPNN,WWOX,1.0365371704101562,80,K,V,WWOX,A
1618,ThermoMPNN,WWOX,0.3204612731933594,80,K,W,WWOX,A
1619,ThermoMPNN,WWOX,0.3107244372367859,80,K,Y,WWOX,A
1620,ThermoMPNN,WWOX,0.7215726375579834,81,R,A,WWOX,A
1621,ThermoMPNN,WWOX,0.07873570919036865,81,R,C,WWOX,A
1622,ThermoMPNN,WWOX,1.5509867668151855,81,R,D,WWOX,A
1623,ThermoMPNN,WWOX,0.8194289207458496,81,R,E,WWOX,A
1624,ThermoMPNN,WWOX,0.286970853805542,81,R,F,WWOX,A
1625,ThermoMPNN,WWOX,1.4970920085906982,81,R,G,WWOX,A
1626,ThermoMPNN,WWOX,0.49249178171157837,81,R,H,WWOX,A
1627,ThermoMPNN,WWOX,0.08710920810699463,81,R,I,WWOX,A
1628,ThermoMPNN,WWOX,0.35889607667922974,81,R,K,WWOX,A
1629,ThermoMPNN,WWOX,0.3906121850013733,81,R,L,WWOX,A
1630,ThermoMPNN,WWOX,0.2843853235244751,81,R,M,WWOX,A
1631,ThermoMPNN,WWOX,1.0132277011871338,81,R,N,WWOX,A
1632,ThermoMPNN,WWOX,2.455687999725342,81,R,P,WWOX,A
1633,ThermoMPNN,WWOX,0.6204020977020264,81,R,Q,WWOX,A
1634,ThermoMPNN,WWOX,0.0,81,R,R,WWOX,A
1635,ThermoMPNN,WWOX,0.6622528433799744,81,R,S,WWOX,A
1636,ThermoMPNN,WWOX,0.35587507486343384,81,R,T,WWOX,A
1637,ThermoMPNN,WWOX,0.06694304943084717,81,R,V,WWOX,A
1638,ThermoMPNN,WWOX,0.2602936029434204,81,R,W,WWOX,A
1639,ThermoMPNN,WWOX,0.210343599319458,81,R,Y,WWOX,A
1640,ThermoMPNN,WWOX,0.6983727216720581,82,T,A,WWOX,A
1641,ThermoMPNN,WWOX,0.03172135353088379,82,T,C,WWOX,A
1642,ThermoMPNN,WWOX,1.807901382446289,82,T,D,WWOX,A
1643,ThermoMPNN,WWOX,1.2539536952972412,82,T,E,WWOX,A
1644,ThermoMPNN,WWOX,0.24503523111343384,82,T,F,WWOX,A
1645,ThermoMPNN,WWOX,1.3080501556396484,82,T,G,WWOX,A
1646,ThermoMPNN,WWOX,0.3212491273880005,82,T,H,WWOX,A
1647,ThermoMPNN,WWOX,-0.263669490814209,82,T,I,WWOX,A
1648,ThermoMPNN,WWOX,-0.17469656467437744,82,T,K,WWOX,A
1649,ThermoMPNN,WWOX,0.2980042099952698,82,T,L,WWOX,A
1650,ThermoMPNN,WWOX,0.03435647487640381,82,T,M,WWOX,A
1651,ThermoMPNN,WWOX,0.8284803628921509,82,T,N,WWOX,A
1652,ThermoMPNN,WWOX,1.8132495880126953,82,T,P,WWOX,A
1653,ThermoMPNN,WWOX,0.4319736957550049,82,T,Q,WWOX,A
1654,ThermoMPNN,WWOX,-0.4968622922897339,82,T,R,WWOX,A
1655,ThermoMPNN,WWOX,0.37166404724121094,82,T,S,WWOX,A
1656,ThermoMPNN,WWOX,0.0,82,T,T,WWOX,A
1657,ThermoMPNN,WWOX,0.01661217212677002,82,T,V,WWOX,A
1658,ThermoMPNN,WWOX,-0.12106835842132568,82,T,W,WWOX,A
1659,ThermoMPNN,WWOX,-0.008573174476623535,82,T,Y,WWOX,A
1660,ThermoMPNN,WWOX,1.328977108001709,83,T,A,WWOX,A
1661,ThermoMPNN,WWOX,0.8200073838233948,83,T,C,WWOX,A
1662,ThermoMPNN,WWOX,1.2305617332458496,83,T,D,WWOX,A
1663,ThermoMPNN,WWOX,1.5348286628723145,83,T,E,WWOX,A
1664,ThermoMPNN,WWOX,0.8996137380599976,83,T,F,WWOX,A
1665,ThermoMPNN,WWOX,1.7751351594924927,83,T,G,WWOX,A
1666,ThermoMPNN,WWOX,1.3874160051345825,83,T,H,WWOX,A
1667,ThermoMPNN,WWOX,1.249537467956543,83,T,I,WWOX,A
1668,ThermoMPNN,WWOX,1.840288519859314,83,T,K,WWOX,A
1669,ThermoMPNN,WWOX,0.9767500758171082,83,T,L,WWOX,A
1670,ThermoMPNN,WWOX,0.8073175549507141,83,T,M,WWOX,A
1671,ThermoMPNN,WWOX,1.3027054071426392,83,T,N,WWOX,A
1672,ThermoMPNN,WWOX,2.5834624767303467,83,T,P,WWOX,A
1673,ThermoMPNN,WWOX,1.2142318487167358,83,T,Q,WWOX,A
1674,ThermoMPNN,WWOX,1.7508175373077393,83,T,R,WWOX,A
1675,ThermoMPNN,WWOX,0.5123622417449951,83,T,S,WWOX,A
1676,ThermoMPNN,WWOX,0.0,83,T,T,WWOX,A
1677,ThermoMPNN,WWOX,1.1604920625686646,83,T,V,WWOX,A
1678,ThermoMPNN,WWOX,0.8640080094337463,83,T,W,WWOX,A
1679,ThermoMPNN,WWOX,1.063477635383606,83,T,Y,WWOX,A
1680,ThermoMPNN,WWOX,1.4786685705184937,84,Y,A,WWOX,A
1681,ThermoMPNN,WWOX,0.7555993795394897,84,Y,C,WWOX,A
1682,ThermoMPNN,WWOX,1.6776318550109863,84,Y,D,WWOX,A
1683,ThermoMPNN,WWOX,1.6822547912597656,84,Y,E,WWOX,A
1684,ThermoMPNN,WWOX,0.30453944206237793,84,Y,F,WWOX,A
1685,ThermoMPNN,WWOX,1.7372465133666992,84,Y,G,WWOX,A
1686,ThermoMPNN,WWOX,0.843332827091217,84,Y,H,WWOX,A
1687,ThermoMPNN,WWOX,1.1540112495422363,84,Y,I,WWOX,A
1688,ThermoMPNN,WWOX,1.082934856414795,84,Y,K,WWOX,A
1689,ThermoMPNN,WWOX,0.9693074226379395,84,Y,L,WWOX,A
1690,ThermoMPNN,WWOX,1.015376091003418,84,Y,M,WWOX,A
1691,ThermoMPNN,WWOX,1.2013031244277954,84,Y,N,WWOX,A
1692,ThermoMPNN,WWOX,1.4134278297424316,84,Y,P,WWOX,A
1693,ThermoMPNN,WWOX,1.3711093664169312,84,Y,Q,WWOX,A
1694,ThermoMPNN,WWOX,0.9319101572036743,84,Y,R,WWOX,A
1695,ThermoMPNN,WWOX,1.4008878469467163,84,Y,S,WWOX,A
1696,ThermoMPNN,WWOX,1.2108306884765625,84,Y,T,WWOX,A
1697,ThermoMPNN,WWOX,1.3118771314620972,84,Y,V,WWOX,A
1698,ThermoMPNN,WWOX,0.011613607406616211,84,Y,W,WWOX,A
1699,ThermoMPNN,WWOX,0.0,84,Y,Y,WWOX,A
1700,ThermoMPNN,WWOX,0.5555223226547241,85,L,A,WWOX,A
1701,ThermoMPNN,WWOX,-0.037100255489349365,85,L,C,WWOX,A
1702,ThermoMPNN,WWOX,0.8209407329559326,85,L,D,WWOX,A
1703,ThermoMPNN,WWOX,0.4995814561843872,85,L,E,WWOX,A
1704,ThermoMPNN,WWOX,0.09761607646942139,85,L,F,WWOX,A
1705,ThermoMPNN,WWOX,1.2991262674331665,85,L,G,WWOX,A
1706,ThermoMPNN,WWOX,0.2054375410079956,85,L,H,WWOX,A
1707,ThermoMPNN,WWOX,-0.5860019326210022,85,L,I,WWOX,A
1708,ThermoMPNN,WWOX,-0.00692981481552124,85,L,K,WWOX,A
1709,ThermoMPNN,WWOX,0.0,85,L,L,WWOX,A
1710,ThermoMPNN,WWOX,0.11844873428344727,85,L,M,WWOX,A
1711,ThermoMPNN,WWOX,0.40369582176208496,85,L,N,WWOX,A
1712,ThermoMPNN,WWOX,2.1848254203796387,85,L,P,WWOX,A
1713,ThermoMPNN,WWOX,0.14611738920211792,85,L,Q,WWOX,A
1714,ThermoMPNN,WWOX,-0.060681164264678955,85,L,R,WWOX,A
1715,ThermoMPNN,WWOX,0.5044647455215454,85,L,S,WWOX,A
1716,ThermoMPNN,WWOX,-0.08445245027542114,85,L,T,WWOX,A
1717,ThermoMPNN,WWOX,-0.5421114563941956,85,L,V,WWOX,A
1718,ThermoMPNN,WWOX,0.374886691570282,85,L,W,WWOX,A
1719,ThermoMPNN,WWOX,0.16633856296539307,85,L,Y,WWOX,A
1720,ThermoMPNN,WWOX,1.9619262218475342,86,D,A,WWOX,A
1721,ThermoMPNN,WWOX,0.9532833099365234,86,D,C,WWOX,A
1722,ThermoMPNN,WWOX,0.0,86,D,D,WWOX,A
1723,ThermoMPNN,WWOX,2.1856508255004883,86,D,E,WWOX,A
1724,ThermoMPNN,WWOX,1.4644527435302734,86,D,F,WWOX,A
1725,ThermoMPNN,WWOX,2.347235679626465,86,D,G,WWOX,A
1726,ThermoMPNN,WWOX,1.3914732933044434,86,D,H,WWOX,A
1727,ThermoMPNN,WWOX,2.1305618286132812,86,D,I,WWOX,A
1728,ThermoMPNN,WWOX,2.5726232528686523,86,D,K,WWOX,A
1729,ThermoMPNN,WWOX,1.8714689016342163,86,D,L,WWOX,A
1730,ThermoMPNN,WWOX,1.9086894989013672,86,D,M,WWOX,A
1731,ThermoMPNN,WWOX,0.40809357166290283,86,D,N,WWOX,A
1732,ThermoMPNN,WWOX,2.2347402572631836,86,D,P,WWOX,A
1733,ThermoMPNN,WWOX,2.3172852993011475,86,D,Q,WWOX,A
1734,ThermoMPNN,WWOX,2.292992353439331,86,D,R,WWOX,A
1735,ThermoMPNN,WWOX,1.2019857168197632,86,D,S,WWOX,A
1736,ThermoMPNN,WWOX,2.204660415649414,86,D,T,WWOX,A
1737,ThermoMPNN,WWOX,1.8467483520507812,86,D,V,WWOX,A
1738,ThermoMPNN,WWOX,1.651951551437378,86,D,W,WWOX,A
1739,ThermoMPNN,WWOX,1.8699755668640137,86,D,Y,WWOX,A
1740,ThermoMPNN,WWOX,2.4875645637512207,87,P,A,WWOX,A
1741,ThermoMPNN,WWOX,1.4430663585662842,87,P,C,WWOX,A
1742,ThermoMPNN,WWOX,2.5644192695617676,87,P,D,WWOX,A
1743,ThermoMPNN,WWOX,2.4315574169158936,87,P,E,WWOX,A
1744,ThermoMPNN,WWOX,1.8325709104537964,87,P,F,WWOX,A
1745,ThermoMPNN,WWOX,2.5527114868164062,87,P,G,WWOX,A
1746,ThermoMPNN,WWOX,2.396052837371826,87,P,H,WWOX,A
1747,ThermoMPNN,WWOX,2.1674556732177734,87,P,I,WWOX,A
1748,ThermoMPNN,WWOX,2.3366644382476807,87,P,K,WWOX,A
1749,ThermoMPNN,WWOX,1.8679516315460205,87,P,L,WWOX,A
1750,ThermoMPNN,WWOX,1.9778351783752441,87,P,M,WWOX,A
1751,ThermoMPNN,WWOX,2.540424346923828,87,P,N,WWOX,A
1752,ThermoMPNN,WWOX,0.0,87,P,P,WWOX,A
1753,ThermoMPNN,WWOX,2.5544254779815674,87,P,Q,WWOX,A
1754,ThermoMPNN,WWOX,2.320016622543335,87,P,R,WWOX,A
1755,ThermoMPNN,WWOX,2.499007225036621,87,P,S,WWOX,A
1756,ThermoMPNN,WWOX,2.83113431930542,87,P,T,WWOX,A
1757,ThermoMPNN,WWOX,2.5244498252868652,87,P,V,WWOX,A
1758,ThermoMPNN,WWOX,2.0341858863830566,87,P,W,WWOX,A
1759,ThermoMPNN,WWOX,1.7980883121490479,87,P,Y,WWOX,A
1760,ThermoMPNN,WWOX,2.550727367401123,88,R,A,WWOX,A
1761,ThermoMPNN,WWOX,2.048560857772827,88,R,C,WWOX,A
1762,ThermoMPNN,WWOX,2.6361782550811768,88,R,D,WWOX,A
1763,ThermoMPNN,WWOX,3.2389726638793945,88,R,E,WWOX,A
1764,ThermoMPNN,WWOX,2.1239826679229736,88,R,F,WWOX,A
1765,ThermoMPNN,WWOX,2.751105785369873,88,R,G,WWOX,A
1766,ThermoMPNN,WWOX,2.217785120010376,88,R,H,WWOX,A
1767,ThermoMPNN,WWOX,2.177651882171631,88,R,I,WWOX,A
1768,ThermoMPNN,WWOX,0.8369436264038086,88,R,K,WWOX,A
1769,ThermoMPNN,WWOX,1.3267916440963745,88,R,L,WWOX,A
1770,ThermoMPNN,WWOX,1.8559486865997314,88,R,M,WWOX,A
1771,ThermoMPNN,WWOX,2.0151703357696533,88,R,N,WWOX,A
1772,ThermoMPNN,WWOX,2.398212432861328,88,R,P,WWOX,A
1773,ThermoMPNN,WWOX,2.372817039489746,88,R,Q,WWOX,A
1774,ThermoMPNN,WWOX,0.0,88,R,R,WWOX,A
1775,ThermoMPNN,WWOX,2.1987361907958984,88,R,S,WWOX,A
1776,ThermoMPNN,WWOX,2.3358983993530273,88,R,T,WWOX,A
1777,ThermoMPNN,WWOX,2.4418721199035645,88,R,V,WWOX,A
1778,ThermoMPNN,WWOX,2.2215499877929688,88,R,W,WWOX,A
1779,ThermoMPNN,WWOX,2.270831346511841,88,R,Y,WWOX,A
1780,ThermoMPNN,WWOX,2.0164875984191895,89,L,A,WWOX,A
1781,ThermoMPNN,WWOX,1.3296304941177368,89,L,C,WWOX,A
1782,ThermoMPNN,WWOX,2.4987566471099854,89,L,D,WWOX,A
1783,ThermoMPNN,WWOX,2.4266579151153564,89,L,E,WWOX,A
1784,ThermoMPNN,WWOX,1.099438190460205,89,L,F,WWOX,A
1785,ThermoMPNN,WWOX,2.683713674545288,89,L,G,WWOX,A
1786,ThermoMPNN,WWOX,2.320878505706787,89,L,H,WWOX,A
1787,ThermoMPNN,WWOX,0.6836022138595581,89,L,I,WWOX,A
1788,ThermoMPNN,WWOX,2.1717586517333984,89,L,K,WWOX,A
1789,ThermoMPNN,WWOX,0.0,89,L,L,WWOX,A
1790,ThermoMPNN,WWOX,0.7413363456726074,89,L,M,WWOX,A
1791,ThermoMPNN,WWOX,2.452953338623047,89,L,N,WWOX,A
1792,ThermoMPNN,WWOX,2.62300968170166,89,L,P,WWOX,A
1793,ThermoMPNN,WWOX,2.15444016456604,89,L,Q,WWOX,A
1794,ThermoMPNN,WWOX,2.1736092567443848,89,L,R,WWOX,A
1795,ThermoMPNN,WWOX,2.2465758323669434,89,L,S,WWOX,A
1796,ThermoMPNN,WWOX,1.9665099382400513,89,L,T,WWOX,A
1797,ThermoMPNN,WWOX,1.2268965244293213,89,L,V,WWOX,A
1798,ThermoMPNN,WWOX,1.5940167903900146,89,L,W,WWOX,A
1799,ThermoMPNN,WWOX,1.697920799255371,89,L,Y,WWOX,A
1800,ThermoMPNN,WWOX,0.0,90,A,A,WWOX,A
1801,ThermoMPNN,WWOX,0.08110588788986206,90,A,C,WWOX,A
1802,ThermoMPNN,WWOX,0.5486615896224976,90,A,D,WWOX,A
1803,ThermoMPNN,WWOX,0.293526291847229,90,A,E,WWOX,A
1804,ThermoMPNN,WWOX,0.5627357959747314,90,A,F,WWOX,A
1805,ThermoMPNN,WWOX,0.6366561651229858,90,A,G,WWOX,A
1806,ThermoMPNN,WWOX,0.4601391553878784,90,A,H,WWOX,A
1807,ThermoMPNN,WWOX,0.21826958656311035,90,A,I,WWOX,A
1808,ThermoMPNN,WWOX,0.08846837282180786,90,A,K,WWOX,A
1809,ThermoMPNN,WWOX,0.16020053625106812,90,A,L,WWOX,A
1810,ThermoMPNN,WWOX,0.2359054684638977,90,A,M,WWOX,A
1811,ThermoMPNN,WWOX,0.4526560306549072,90,A,N,WWOX,A
1812,ThermoMPNN,WWOX,0.08788347244262695,90,A,P,WWOX,A
1813,ThermoMPNN,WWOX,0.2048206329345703,90,A,Q,WWOX,A
1814,ThermoMPNN,WWOX,0.17822974920272827,90,A,R,WWOX,A
1815,ThermoMPNN,WWOX,0.2408084273338318,90,A,S,WWOX,A
1816,ThermoMPNN,WWOX,0.3928224444389343,90,A,T,WWOX,A
1817,ThermoMPNN,WWOX,0.1978936791419983,90,A,V,WWOX,A
1818,ThermoMPNN,WWOX,0.49116361141204834,90,A,W,WWOX,A
1819,ThermoMPNN,WWOX,0.5820281505584717,90,A,Y,WWOX,A
1820,ThermoMPNN,WWOX,0.544264554977417,91,F,A,WWOX,A
1821,ThermoMPNN,WWOX,-0.05087614059448242,91,F,C,WWOX,A
1822,ThermoMPNN,WWOX,0.3263455629348755,91,F,D,WWOX,A
1823,ThermoMPNN,WWOX,0.5350254774093628,91,F,E,WWOX,A
1824,ThermoMPNN,WWOX,0.0,91,F,F,WWOX,A
1825,ThermoMPNN,WWOX,0.7434512376785278,91,F,G,WWOX,A
1826,ThermoMPNN,WWOX,0.34665870666503906,91,F,H,WWOX,A
1827,ThermoMPNN,WWOX,0.39141297340393066,91,F,I,WWOX,A
1828,ThermoMPNN,WWOX,0.7343796491622925,91,F,K,WWOX,A
1829,ThermoMPNN,WWOX,0.3463466763496399,91,F,L,WWOX,A
1830,ThermoMPNN,WWOX,0.38154810667037964,91,F,M,WWOX,A
1831,ThermoMPNN,WWOX,0.30916261672973633,91,F,N,WWOX,A
1832,ThermoMPNN,WWOX,1.198215365409851,91,F,P,WWOX,A
1833,ThermoMPNN,WWOX,0.5630197525024414,91,F,Q,WWOX,A
1834,ThermoMPNN,WWOX,0.7366116046905518,91,F,R,WWOX,A
1835,ThermoMPNN,WWOX,0.35206353664398193,91,F,S,WWOX,A
1836,ThermoMPNN,WWOX,0.26927584409713745,91,F,T,WWOX,A
1837,ThermoMPNN,WWOX,0.45064330101013184,91,F,V,WWOX,A
1838,ThermoMPNN,WWOX,-0.20235109329223633,91,F,W,WWOX,A
1839,ThermoMPNN,WWOX,-0.00650179386138916,91,F,Y,WWOX,A
1840,ThermoMPNN,WWOX,-0.5127142667770386,92,T,A,WWOX,A
1841,ThermoMPNN,WWOX,-0.05205678939819336,92,T,C,WWOX,A
1842,ThermoMPNN,WWOX,1.4965126514434814,92,T,D,WWOX,A
1843,ThermoMPNN,WWOX,1.4461448192596436,92,T,E,WWOX,A
1844,ThermoMPNN,WWOX,0.5148717164993286,92,T,F,WWOX,A
1845,ThermoMPNN,WWOX,0.5210819244384766,92,T,G,WWOX,A
1846,ThermoMPNN,WWOX,0.721189558506012,92,T,H,WWOX,A
1847,ThermoMPNN,WWOX,0.025039374828338623,92,T,I,WWOX,A
1848,ThermoMPNN,WWOX,0.10036903619766235,92,T,K,WWOX,A
1849,ThermoMPNN,WWOX,0.35777199268341064,92,T,L,WWOX,A
1850,ThermoMPNN,WWOX,0.1916486620903015,92,T,M,WWOX,A
1851,ThermoMPNN,WWOX,0.9647341370582581,92,T,N,WWOX,A
1852,ThermoMPNN,WWOX,0.8784106373786926,92,T,P,WWOX,A
1853,ThermoMPNN,WWOX,0.49949872493743896,92,T,Q,WWOX,A
1854,ThermoMPNN,WWOX,-0.08646702766418457,92,T,R,WWOX,A
1855,ThermoMPNN,WWOX,0.06418347358703613,92,T,S,WWOX,A
1856,ThermoMPNN,WWOX,0.0,92,T,T,WWOX,A
1857,ThermoMPNN,WWOX,-0.3890269994735718,92,T,V,WWOX,A
1858,ThermoMPNN,WWOX,0.6511477828025818,92,T,W,WWOX,A
1859,ThermoMPNN,WWOX,0.52842116355896,92,T,Y,WWOX,A
1860,ThermoMPNN,WWOX,1.2734096050262451,93,V,A,WWOX,A
1861,ThermoMPNN,WWOX,0.42494940757751465,93,V,C,WWOX,A
1862,ThermoMPNN,WWOX,1.0961215496063232,93,V,D,WWOX,A
1863,ThermoMPNN,WWOX,0.41921675205230713,93,V,E,WWOX,A
1864,ThermoMPNN,WWOX,0.623351514339447,93,V,F,WWOX,A
1865,ThermoMPNN,WWOX,2.0480778217315674,93,V,G,WWOX,A
1866,ThermoMPNN,WWOX,1.0087839365005493,93,V,H,WWOX,A
1867,ThermoMPNN,WWOX,0.11994588375091553,93,V,I,WWOX,A
1868,ThermoMPNN,WWOX,1.2254868745803833,93,V,K,WWOX,A
1869,ThermoMPNN,WWOX,0.6587433815002441,93,V,L,WWOX,A
1870,ThermoMPNN,WWOX,0.7784690260887146,93,V,M,WWOX,A
1871,ThermoMPNN,WWOX,1.408400058746338,93,V,N,WWOX,A
1872,ThermoMPNN,WWOX,2.7492923736572266,93,V,P,WWOX,A
1873,ThermoMPNN,WWOX,0.7870033979415894,93,V,Q,WWOX,A
1874,ThermoMPNN,WWOX,1.3639562129974365,93,V,R,WWOX,A
1875,ThermoMPNN,WWOX,1.2944681644439697,93,V,S,WWOX,A
1876,ThermoMPNN,WWOX,0.6425942778587341,93,V,T,WWOX,A
1877,ThermoMPNN,WWOX,0.0,93,V,V,WWOX,A
1878,ThermoMPNN,WWOX,0.9949307441711426,93,V,W,WWOX,A
1879,ThermoMPNN,WWOX,0.7127580642700195,93,V,Y,WWOX,A
1880,ThermoMPNN,WWOX,0.7778707146644592,94,D,A,WWOX,A
1881,ThermoMPNN,WWOX,0.5441240668296814,94,D,C,WWOX,A
1882,ThermoMPNN,WWOX,0.0,94,D,D,WWOX,A
1883,ThermoMPNN,WWOX,0.31686699390411377,94,D,E,WWOX,A
1884,ThermoMPNN,WWOX,0.9931588172912598,94,D,F,WWOX,A
1885,ThermoMPNN,WWOX,1.1942195892333984,94,D,G,WWOX,A
1886,ThermoMPNN,WWOX,0.8462280035018921,94,D,H,WWOX,A
1887,ThermoMPNN,WWOX,0.8969165086746216,94,D,I,WWOX,A
1888,ThermoMPNN,WWOX,1.3776109218597412,94,D,K,WWOX,A
1889,ThermoMPNN,WWOX,0.9900647401809692,94,D,L,WWOX,A
1890,ThermoMPNN,WWOX,0.9663901329040527,94,D,M,WWOX,A
1891,ThermoMPNN,WWOX,0.7777993679046631,94,D,N,WWOX,A
1892,ThermoMPNN,WWOX,0.5452424883842468,94,D,P,WWOX,A
1893,ThermoMPNN,WWOX,0.892814040184021,94,D,Q,WWOX,A
1894,ThermoMPNN,WWOX,1.3438408374786377,94,D,R,WWOX,A
1895,ThermoMPNN,WWOX,0.606586754322052,94,D,S,WWOX,A
1896,ThermoMPNN,WWOX,0.9466398358345032,94,D,T,WWOX,A
1897,ThermoMPNN,WWOX,0.9590647220611572,94,D,V,WWOX,A
1898,ThermoMPNN,WWOX,0.730408787727356,94,D,W,WWOX,A
1899,ThermoMPNN,WWOX,0.9600094556808472,94,D,Y,WWOX,A
1900,ThermoMPNN,WWOX,0.7967394590377808,95,D,A,WWOX,A
1901,ThermoMPNN,WWOX,0.3355027437210083,95,D,C,WWOX,A
1902,ThermoMPNN,WWOX,0.0,95,D,D,WWOX,A
1903,ThermoMPNN,WWOX,0.5738751292228699,95,D,E,WWOX,A
1904,ThermoMPNN,WWOX,0.5251527428627014,95,D,F,WWOX,A
1905,ThermoMPNN,WWOX,1.0911238193511963,95,D,G,WWOX,A
1906,ThermoMPNN,WWOX,0.8174279928207397,95,D,H,WWOX,A
1907,ThermoMPNN,WWOX,0.685650646686554,95,D,I,WWOX,A
1908,ThermoMPNN,WWOX,1.1804279088974,95,D,K,WWOX,A
1909,ThermoMPNN,WWOX,0.6463004350662231,95,D,L,WWOX,A
1910,ThermoMPNN,WWOX,0.6424943208694458,95,D,M,WWOX,A
1911,ThermoMPNN,WWOX,0.7984167337417603,95,D,N,WWOX,A
1912,ThermoMPNN,WWOX,1.2360529899597168,95,D,P,WWOX,A
1913,ThermoMPNN,WWOX,0.7443123459815979,95,D,Q,WWOX,A
1914,ThermoMPNN,WWOX,1.2149157524108887,95,D,R,WWOX,A
1915,ThermoMPNN,WWOX,0.6948308944702148,95,D,S,WWOX,A
1916,ThermoMPNN,WWOX,0.6037266850471497,95,D,T,WWOX,A
1917,ThermoMPNN,WWOX,0.661785900592804,95,D,V,WWOX,A
1918,ThermoMPNN,WWOX,0.8114439249038696,95,D,W,WWOX,A
1919,ThermoMPNN,WWOX,0.7354408502578735,95,D,Y,WWOX,A
1920,ThermoMPNN,WWOX,0.7173149585723877,96,N,A,WWOX,A
1921,ThermoMPNN,WWOX,0.2657829523086548,96,N,C,WWOX,A
1922,ThermoMPNN,WWOX,-0.08179152011871338,96,N,D,WWOX,A
1923,ThermoMPNN,WWOX,0.529980480670929,96,N,E,WWOX,A
1924,ThermoMPNN,WWOX,0.6222301721572876,96,N,F,WWOX,A
1925,ThermoMPNN,WWOX,0.8466501832008362,96,N,G,WWOX,A
1926,ThermoMPNN,WWOX,0.5204785466194153,96,N,H,WWOX,A
1927,ThermoMPNN,WWOX,0.7563583850860596,96,N,I,WWOX,A
1928,ThermoMPNN,WWOX,0.8847092390060425,96,N,K,WWOX,A
1929,ThermoMPNN,WWOX,0.5942046046257019,96,N,L,WWOX,A
1930,ThermoMPNN,WWOX,0.7036201357841492,96,N,M,WWOX,A
1931,ThermoMPNN,WWOX,0.0,96,N,N,WWOX,A
1932,ThermoMPNN,WWOX,1.1488068103790283,96,N,P,WWOX,A
1933,ThermoMPNN,WWOX,0.6699034571647644,96,N,Q,WWOX,A
1934,ThermoMPNN,WWOX,0.9080895781517029,96,N,R,WWOX,A
1935,ThermoMPNN,WWOX,0.3545946478843689,96,N,S,WWOX,A
1936,ThermoMPNN,WWOX,0.5153390765190125,96,N,T,WWOX,A
1937,ThermoMPNN,WWOX,0.6663102507591248,96,N,V,WWOX,A
1938,ThermoMPNN,WWOX,0.5607994794845581,96,N,W,WWOX,A
1939,ThermoMPNN,WWOX,0.6832736730575562,96,N,Y,WWOX,A
1940,ThermoMPNN,WWOX,-0.017973601818084717,97,P,A,WWOX,A
1941,ThermoMPNN,WWOX,-0.22001469135284424,97,P,C,WWOX,A
1942,ThermoMPNN,WWOX,-0.012524247169494629,97,P,D,WWOX,A
1943,ThermoMPNN,WWOX,0.060241103172302246,97,P,E,WWOX,A
1944,ThermoMPNN,WWOX,0.07071685791015625,97,P,F,WWOX,A
1945,ThermoMPNN,WWOX,0.07671874761581421,97,P,G,WWOX,A
1946,ThermoMPNN,WWOX,0.07531517744064331,97,P,H,WWOX,A
1947,ThermoMPNN,WWOX,0.020399034023284912,97,P,I,WWOX,A
1948,ThermoMPNN,WWOX,0.17737418413162231,97,P,K,WWOX,A
1949,ThermoMPNN,WWOX,-0.07302695512771606,97,P,L,WWOX,A
1950,ThermoMPNN,WWOX,0.026568233966827393,97,P,M,WWOX,A
1951,ThermoMPNN,WWOX,0.049696505069732666,97,P,N,WWOX,A
1952,ThermoMPNN,WWOX,0.0,97,P,P,WWOX,A
1953,ThermoMPNN,WWOX,0.11226791143417358,97,P,Q,WWOX,A
1954,ThermoMPNN,WWOX,0.1913766860961914,97,P,R,WWOX,A
1955,ThermoMPNN,WWOX,0.054699718952178955,97,P,S,WWOX,A
1956,ThermoMPNN,WWOX,0.06299656629562378,97,P,T,WWOX,A
1957,ThermoMPNN,WWOX,-0.006333351135253906,97,P,V,WWOX,A
1958,ThermoMPNN,WWOX,-0.024465203285217285,97,P,W,WWOX,A
1959,ThermoMPNN,WWOX,0.10727906227111816,97,P,Y,WWOX,A
1960,ThermoMPNN,WWOX,-0.08819818496704102,98,T,A,WWOX,A
1961,ThermoMPNN,WWOX,-0.16439658403396606,98,T,C,WWOX,A
1962,ThermoMPNN,WWOX,-0.29772382974624634,98,T,D,WWOX,A
1963,ThermoMPNN,WWOX,-0.2589722275733948,98,T,E,WWOX,A
1964,ThermoMPNN,WWOX,0.2051144242286682,98,T,F,WWOX,A
1965,ThermoMPNN,WWOX,0.002592742443084717,98,T,G,WWOX,A
1966,ThermoMPNN,WWOX,0.09120941162109375,98,T,H,WWOX,A
1967,ThermoMPNN,WWOX,0.19331783056259155,98,T,I,WWOX,A
1968,ThermoMPNN,WWOX,0.1905340552330017,98,T,K,WWOX,A
1969,ThermoMPNN,WWOX,0.02214723825454712,98,T,L,WWOX,A
1970,ThermoMPNN,WWOX,0.07749933004379272,98,T,M,WWOX,A
1971,ThermoMPNN,WWOX,-0.0650479793548584,98,T,N,WWOX,A
1972,ThermoMPNN,WWOX,0.16711997985839844,98,T,P,WWOX,A
1973,ThermoMPNN,WWOX,-0.026316702365875244,98,T,Q,WWOX,A
1974,ThermoMPNN,WWOX,0.28370821475982666,98,T,R,WWOX,A
1975,ThermoMPNN,WWOX,-0.10528826713562012,98,T,S,WWOX,A
1976,ThermoMPNN,WWOX,0.0,98,T,T,WWOX,A
1977,ThermoMPNN,WWOX,0.19644075632095337,98,T,V,WWOX,A
1978,ThermoMPNN,WWOX,0.03386658430099487,98,T,W,WWOX,A
1979,ThermoMPNN,WWOX,0.2638302147388458,98,T,Y,WWOX,A
1980,ThermoMPNN,WWOX,0.0034116506576538086,99,K,A,WWOX,A
1981,ThermoMPNN,WWOX,-0.06114530563354492,99,K,C,WWOX,A
1982,ThermoMPNN,WWOX,0.16621136665344238,99,K,D,WWOX,A
1983,ThermoMPNN,WWOX,0.11582088470458984,99,K,E,WWOX,A
1984,ThermoMPNN,WWOX,0.10425317287445068,99,K,F,WWOX,A
1985,ThermoMPNN,WWOX,0.2507287859916687,99,K,G,WWOX,A
1986,ThermoMPNN,WWOX,0.08403092622756958,99,K,H,WWOX,A
1987,ThermoMPNN,WWOX,0.06170070171356201,99,K,I,WWOX,A
1988,ThermoMPNN,WWOX,0.0,99,K,K,WWOX,A
1989,ThermoMPNN,WWOX,0.07166796922683716,99,K,L,WWOX,A
1990,ThermoMPNN,WWOX,0.11628854274749756,99,K,M,WWOX,A
1991,ThermoMPNN,WWOX,0.16770786046981812,99,K,N,WWOX,A
1992,ThermoMPNN,WWOX,-0.10390788316726685,99,K,P,WWOX,A
1993,ThermoMPNN,WWOX,0.03325915336608887,99,K,Q,WWOX,A
1994,ThermoMPNN,WWOX,0.058021485805511475,99,K,R,WWOX,A
1995,ThermoMPNN,WWOX,0.10685092210769653,99,K,S,WWOX,A
1996,ThermoMPNN,WWOX,0.11092740297317505,99,K,T,WWOX,A
1997,ThermoMPNN,WWOX,0.09686464071273804,99,K,V,WWOX,A
1998,ThermoMPNN,WWOX,0.13807642459869385,99,K,W,WWOX,A
1999,ThermoMPNN,WWOX,0.12372994422912598,99,K,Y,WWOX,A
2000,ThermoMPNN,WWOX,0.09920138120651245,100,P,A,WWOX,A
2001,ThermoMPNN,WWOX,0.01603233814239502,100,P,C,WWOX,A
2002,ThermoMPNN,WWOX,0.14727669954299927,100,P,D,WWOX,A
2003,ThermoMPNN,WWOX,0.12693703174591064,100,P,E,WWOX,A
2004,ThermoMPNN,WWOX,0.24564909934997559,100,P,F,WWOX,A
2005,ThermoMPNN,WWOX,0.3380148410797119,100,P,G,WWOX,A
2006,ThermoMPNN,WWOX,0.19820940494537354,100,P,H,WWOX,A
2007,ThermoMPNN,WWOX,0.14634209871292114,100,P,I,WWOX,A
2008,ThermoMPNN,WWOX,0.10194599628448486,100,P,K,WWOX,A
2009,ThermoMPNN,WWOX,0.07221990823745728,100,P,L,WWOX,A
2010,ThermoMPNN,WWOX,0.17004942893981934,100,P,M,WWOX,A
2011,ThermoMPNN,WWOX,0.1811368465423584,100,P,N,WWOX,A
2012,ThermoMPNN,WWOX,0.0,100,P,P,WWOX,A
2013,ThermoMPNN,WWOX,0.14454180002212524,100,P,Q,WWOX,A
2014,ThermoMPNN,WWOX,0.16368025541305542,100,P,R,WWOX,A
2015,ThermoMPNN,WWOX,0.15806138515472412,100,P,S,WWOX,A
2016,ThermoMPNN,WWOX,0.17688214778900146,100,P,T,WWOX,A
2017,ThermoMPNN,WWOX,0.2193695306777954,100,P,V,WWOX,A
2018,ThermoMPNN,WWOX,0.19185853004455566,100,P,W,WWOX,A
2019,ThermoMPNN,WWOX,0.21776115894317627,100,P,Y,WWOX,A
2020,ThermoMPNN,WWOX,-0.09463077783584595,101,T,A,WWOX,A
2021,ThermoMPNN,WWOX,-0.2121978998184204,101,T,C,WWOX,A
2022,ThermoMPNN,WWOX,-0.2738106846809387,101,T,D,WWOX,A
2023,ThermoMPNN,WWOX,-0.16681641340255737,101,T,E,WWOX,A
2024,ThermoMPNN,WWOX,0.15720373392105103,101,T,F,WWOX,A
2025,ThermoMPNN,WWOX,-0.0011380910873413086,101,T,G,WWOX,A
2026,ThermoMPNN,WWOX,0.05047351121902466,101,T,H,WWOX,A
2027,ThermoMPNN,WWOX,0.1989840865135193,101,T,I,WWOX,A
2028,ThermoMPNN,WWOX,0.15573137998580933,101,T,K,WWOX,A
2029,ThermoMPNN,WWOX,0.03891235589981079,101,T,L,WWOX,A
2030,ThermoMPNN,WWOX,0.11070579290390015,101,T,M,WWOX,A
2031,ThermoMPNN,WWOX,-0.11844807863235474,101,T,N,WWOX,A
2032,ThermoMPNN,WWOX,-0.021007180213928223,101,T,P,WWOX,A
2033,ThermoMPNN,WWOX,0.05509465932846069,101,T,Q,WWOX,A
2034,ThermoMPNN,WWOX,0.20668429136276245,101,T,R,WWOX,A
2035,ThermoMPNN,WWOX,-0.13956540822982788,101,T,S,WWOX,A
2036,ThermoMPNN,WWOX,0.0,101,T,T,WWOX,A
2037,ThermoMPNN,WWOX,0.22341704368591309,101,T,V,WWOX,A
2038,ThermoMPNN,WWOX,-0.011850476264953613,101,T,W,WWOX,A
2039,ThermoMPNN,WWOX,0.20064812898635864,101,T,Y,WWOX,A
2040,ThermoMPNN,WWOX,-0.06000351905822754,102,T,A,WWOX,A
2041,ThermoMPNN,WWOX,-0.2525758147239685,102,T,C,WWOX,A
2042,ThermoMPNN,WWOX,-0.12965482473373413,102,T,D,WWOX,A
2043,ThermoMPNN,WWOX,-0.11676692962646484,102,T,E,WWOX,A
2044,ThermoMPNN,WWOX,0.11246740818023682,102,T,F,WWOX,A
2045,ThermoMPNN,WWOX,0.011176586151123047,102,T,G,WWOX,A
2046,ThermoMPNN,WWOX,0.08650964498519897,102,T,H,WWOX,A
2047,ThermoMPNN,WWOX,0.0241316556930542,102,T,I,WWOX,A
2048,ThermoMPNN,WWOX,0.12928444147109985,102,T,K,WWOX,A
2049,ThermoMPNN,WWOX,-0.10274940729141235,102,T,L,WWOX,A
2050,ThermoMPNN,WWOX,-0.037225544452667236,102,T,M,WWOX,A
2051,ThermoMPNN,WWOX,-0.02852487564086914,102,T,N,WWOX,A
2052,ThermoMPNN,WWOX,0.06548947095870972,102,T,P,WWOX,A
2053,ThermoMPNN,WWOX,0.023117005825042725,102,T,Q,WWOX,A
2054,ThermoMPNN,WWOX,0.16198724508285522,102,T,R,WWOX,A
2055,ThermoMPNN,WWOX,0.0010669827461242676,102,T,S,WWOX,A
2056,ThermoMPNN,WWOX,0.0,102,T,T,WWOX,A
2057,ThermoMPNN,WWOX,0.05114549398422241,102,T,V,WWOX,A
2058,ThermoMPNN,WWOX,-0.01914191246032715,102,T,W,WWOX,A
2059,ThermoMPNN,WWOX,0.18892937898635864,102,T,Y,WWOX,A
2060,ThermoMPNN,WWOX,0.12200325727462769,103,R,A,WWOX,A
2061,ThermoMPNN,WWOX,0.0689733624458313,103,R,C,WWOX,A
2062,ThermoMPNN,WWOX,0.3859914541244507,103,R,D,WWOX,A
2063,ThermoMPNN,WWOX,0.2573111653327942,103,R,E,WWOX,A
2064,ThermoMPNN,WWOX,0.2470911741256714,103,R,F,WWOX,A
2065,ThermoMPNN,WWOX,0.3327888250350952,103,R,G,WWOX,A
2066,ThermoMPNN,WWOX,0.1648847460746765,103,R,H,WWOX,A
2067,ThermoMPNN,WWOX,0.10198831558227539,103,R,I,WWOX,A
2068,ThermoMPNN,WWOX,-0.017011940479278564,103,R,K,WWOX,A
2069,ThermoMPNN,WWOX,0.14432764053344727,103,R,L,WWOX,A
2070,ThermoMPNN,WWOX,0.23772066831588745,103,R,M,WWOX,A
2071,ThermoMPNN,WWOX,0.2262486219406128,103,R,N,WWOX,A
2072,ThermoMPNN,WWOX,0.3337738513946533,103,R,P,WWOX,A
2073,ThermoMPNN,WWOX,0.18426817655563354,103,R,Q,WWOX,A
2074,ThermoMPNN,WWOX,0.0,103,R,R,WWOX,A
2075,ThermoMPNN,WWOX,0.15110260248184204,103,R,S,WWOX,A
2076,ThermoMPNN,WWOX,0.09899944067001343,103,R,T,WWOX,A
2077,ThermoMPNN,WWOX,0.16710323095321655,103,R,V,WWOX,A
2078,ThermoMPNN,WWOX,0.3022124171257019,103,R,W,WWOX,A
2079,ThermoMPNN,WWOX,0.23551952838897705,103,R,Y,WWOX,A
2080,ThermoMPNN,WWOX,-0.05223125219345093,104,Q,A,WWOX,A
2081,ThermoMPNN,WWOX,-0.07990163564682007,104,Q,C,WWOX,A
2082,ThermoMPNN,WWOX,0.3530740737915039,104,Q,D,WWOX,A
2083,ThermoMPNN,WWOX,0.26080286502838135,104,Q,E,WWOX,A
2084,ThermoMPNN,WWOX,0.18994569778442383,104,Q,F,WWOX,A
2085,ThermoMPNN,WWOX,0.28098684549331665,104,Q,G,WWOX,A
2086,ThermoMPNN,WWOX,-0.004437446594238281,104,Q,H,WWOX,A
2087,ThermoMPNN,WWOX,0.09328222274780273,104,Q,I,WWOX,A
2088,ThermoMPNN,WWOX,-0.13795071840286255,104,Q,K,WWOX,A
2089,ThermoMPNN,WWOX,0.10146915912628174,104,Q,L,WWOX,A
2090,ThermoMPNN,WWOX,0.18337559700012207,104,Q,M,WWOX,A
2091,ThermoMPNN,WWOX,0.09201246500015259,104,Q,N,WWOX,A
2092,ThermoMPNN,WWOX,-0.14670312404632568,104,Q,P,WWOX,A
2093,ThermoMPNN,WWOX,0.0,104,Q,Q,WWOX,A
2094,ThermoMPNN,WWOX,-0.04113876819610596,104,Q,R,WWOX,A
2095,ThermoMPNN,WWOX,0.050867557525634766,104,Q,S,WWOX,A
2096,ThermoMPNN,WWOX,0.19904953241348267,104,Q,T,WWOX,A
2097,ThermoMPNN,WWOX,0.1525464653968811,104,Q,V,WWOX,A
2098,ThermoMPNN,WWOX,0.09120255708694458,104,Q,W,WWOX,A
2099,ThermoMPNN,WWOX,0.1021803617477417,104,Q,Y,WWOX,A
2100,ThermoMPNN,WWOX,0.26681429147720337,105,R,A,WWOX,A
2101,ThermoMPNN,WWOX,0.22596770524978638,105,R,C,WWOX,A
2102,ThermoMPNN,WWOX,0.7355837821960449,105,R,D,WWOX,A
2103,ThermoMPNN,WWOX,0.6271911263465881,105,R,E,WWOX,A
2104,ThermoMPNN,WWOX,0.550157368183136,105,R,F,WWOX,A
2105,ThermoMPNN,WWOX,0.7333253622055054,105,R,G,WWOX,A
2106,ThermoMPNN,WWOX,0.4217066168785095,105,R,H,WWOX,A
2107,ThermoMPNN,WWOX,0.2875173091888428,105,R,I,WWOX,A
2108,ThermoMPNN,WWOX,-0.020362377166748047,105,R,K,WWOX,A
2109,ThermoMPNN,WWOX,0.22637474536895752,105,R,L,WWOX,A
2110,ThermoMPNN,WWOX,0.3153957724571228,105,R,M,WWOX,A
2111,ThermoMPNN,WWOX,0.5009238719940186,105,R,N,WWOX,A
2112,ThermoMPNN,WWOX,0.018466472625732422,105,R,P,WWOX,A
2113,ThermoMPNN,WWOX,0.29283076524734497,105,R,Q,WWOX,A
2114,ThermoMPNN,WWOX,0.0,105,R,R,WWOX,A
2115,ThermoMPNN,WWOX,0.4055682420730591,105,R,S,WWOX,A
2116,ThermoMPNN,WWOX,0.5050670504570007,105,R,T,WWOX,A
2117,ThermoMPNN,WWOX,0.3853357434272766,105,R,V,WWOX,A
2118,ThermoMPNN,WWOX,0.5161134600639343,105,R,W,WWOX,A
2119,ThermoMPNN,WWOX,0.4820678234100342,105,R,Y,WWOX,A
2120,ThermoMPNN,WWOX,2.9799013137817383,106,Y,A,WWOX,A
2121,ThermoMPNN,WWOX,2.1752185821533203,106,Y,C,WWOX,A
2122,ThermoMPNN,WWOX,2.8808088302612305,106,Y,D,WWOX,A
2123,ThermoMPNN,WWOX,3.0146522521972656,106,Y,E,WWOX,A
2124,ThermoMPNN,WWOX,0.43174099922180176,106,Y,F,WWOX,A
2125,ThermoMPNN,WWOX,2.7837798595428467,106,Y,G,WWOX,A
2126,ThermoMPNN,WWOX,1.7630188465118408,106,Y,H,WWOX,A
2127,ThermoMPNN,WWOX,2.7223610877990723,106,Y,I,WWOX,A
2128,ThermoMPNN,WWOX,2.804701566696167,106,Y,K,WWOX,A
2129,ThermoMPNN,WWOX,2.4146151542663574,106,Y,L,WWOX,A
2130,ThermoMPNN,WWOX,2.3825693130493164,106,Y,M,WWOX,A
2131,ThermoMPNN,WWOX,2.536428928375244,106,Y,N,WWOX,A
2132,ThermoMPNN,WWOX,2.392854928970337,106,Y,P,WWOX,A
2133,ThermoMPNN,WWOX,2.8136699199676514,106,Y,Q,WWOX,A
2134,ThermoMPNN,WWOX,2.4595119953155518,106,Y,R,WWOX,A
2135,ThermoMPNN,WWOX,2.9400370121002197,106,Y,S,WWOX,A
2136,ThermoMPNN,WWOX,2.8363800048828125,106,Y,T,WWOX,A
2137,ThermoMPNN,WWOX,2.751032829284668,106,Y,V,WWOX,A
2138,ThermoMPNN,WWOX,0.6474912166595459,106,Y,W,WWOX,A
2139,ThermoMPNN,WWOX,0.0,106,Y,Y,WWOX,A
2140,ThermoMPNN,WWOX,0.6006208062171936,107,D,A,WWOX,A
2141,ThermoMPNN,WWOX,0.29367899894714355,107,D,C,WWOX,A
2142,ThermoMPNN,WWOX,0.0,107,D,D,WWOX,A
2143,ThermoMPNN,WWOX,0.9488129019737244,107,D,E,WWOX,A
2144,ThermoMPNN,WWOX,0.7792221307754517,107,D,F,WWOX,A
2145,ThermoMPNN,WWOX,-0.1579498052597046,107,D,G,WWOX,A
2146,ThermoMPNN,WWOX,0.7077394127845764,107,D,H,WWOX,A
2147,ThermoMPNN,WWOX,1.3799824714660645,107,D,I,WWOX,A
2148,ThermoMPNN,WWOX,0.939844012260437,107,D,K,WWOX,A
2149,ThermoMPNN,WWOX,1.2488294839859009,107,D,L,WWOX,A
2150,ThermoMPNN,WWOX,0.9275846481323242,107,D,M,WWOX,A
2151,ThermoMPNN,WWOX,0.1636289358139038,107,D,N,WWOX,A
2152,ThermoMPNN,WWOX,1.7140624523162842,107,D,P,WWOX,A
2153,ThermoMPNN,WWOX,0.8954314589500427,107,D,Q,WWOX,A
2154,ThermoMPNN,WWOX,0.8618686199188232,107,D,R,WWOX,A
2155,ThermoMPNN,WWOX,0.31354010105133057,107,D,S,WWOX,A
2156,ThermoMPNN,WWOX,0.5742558240890503,107,D,T,WWOX,A
2157,ThermoMPNN,WWOX,1.328127145767212,107,D,V,WWOX,A
2158,ThermoMPNN,WWOX,0.8934383392333984,107,D,W,WWOX,A
2159,ThermoMPNN,WWOX,0.9833558797836304,107,D,Y,WWOX,A
2160,ThermoMPNN,WWOX,0.21705090999603271,108,G,A,WWOX,A
2161,ThermoMPNN,WWOX,0.42921769618988037,108,G,C,WWOX,A
2162,ThermoMPNN,WWOX,0.5147355794906616,108,G,D,WWOX,A
2163,ThermoMPNN,WWOX,0.6450495719909668,108,G,E,WWOX,A
2164,ThermoMPNN,WWOX,0.7794679999351501,108,G,F,WWOX,A
2165,ThermoMPNN,WWOX,0.0,108,G,G,WWOX,A
2166,ThermoMPNN,WWOX,0.5236114263534546,108,G,H,WWOX,A
2167,ThermoMPNN,WWOX,0.9865278005599976,108,G,I,WWOX,A
2168,ThermoMPNN,WWOX,0.5670806765556335,108,G,K,WWOX,A
2169,ThermoMPNN,WWOX,1.0859434604644775,108,G,L,WWOX,A
2170,ThermoMPNN,WWOX,0.8327232003211975,108,G,M,WWOX,A
2171,ThermoMPNN,WWOX,0.5855296850204468,108,G,N,WWOX,A
2172,ThermoMPNN,WWOX,0.6700370907783508,108,G,P,WWOX,A
2173,ThermoMPNN,WWOX,0.5763612389564514,108,G,Q,WWOX,A
2174,ThermoMPNN,WWOX,0.5536894202232361,108,G,R,WWOX,A
2175,ThermoMPNN,WWOX,0.3142348527908325,108,G,S,WWOX,A
2176,ThermoMPNN,WWOX,0.6507911682128906,108,G,T,WWOX,A
2177,ThermoMPNN,WWOX,1.0272586345672607,108,G,V,WWOX,A
2178,ThermoMPNN,WWOX,0.7871978878974915,108,G,W,WWOX,A
2179,ThermoMPNN,WWOX,0.6814272403717041,108,G,Y,WWOX,A
2180,ThermoMPNN,WWOX,0.3713347911834717,109,S,A,WWOX,A
2181,ThermoMPNN,WWOX,0.015615999698638916,109,S,C,WWOX,A
2182,ThermoMPNN,WWOX,0.620509684085846,109,S,D,WWOX,A
2183,ThermoMPNN,WWOX,0.5051907300949097,109,S,E,WWOX,A
2184,ThermoMPNN,WWOX,0.2704116106033325,109,S,F,WWOX,A
2185,ThermoMPNN,WWOX,0.24840623140335083,109,S,G,WWOX,A
2186,ThermoMPNN,WWOX,0.05423176288604736,109,S,H,WWOX,A
2187,ThermoMPNN,WWOX,0.6225475072860718,109,S,I,WWOX,A
2188,ThermoMPNN,WWOX,-0.07937932014465332,109,S,K,WWOX,A
2189,ThermoMPNN,WWOX,0.3815375566482544,109,S,L,WWOX,A
2190,ThermoMPNN,WWOX,0.3381463289260864,109,S,M,WWOX,A
2191,ThermoMPNN,WWOX,-0.10847306251525879,109,S,N,WWOX,A
2192,ThermoMPNN,WWOX,1.7161095142364502,109,S,P,WWOX,A
2193,ThermoMPNN,WWOX,0.10330814123153687,109,S,Q,WWOX,A
2194,ThermoMPNN,WWOX,-0.024005413055419922,109,S,R,WWOX,A
2195,ThermoMPNN,WWOX,0.0,109,S,S,WWOX,A
2196,ThermoMPNN,WWOX,-0.13986456394195557,109,S,T,WWOX,A
2197,ThermoMPNN,WWOX,0.545458197593689,109,S,V,WWOX,A
2198,ThermoMPNN,WWOX,0.43780606985092163,109,S,W,WWOX,A
2199,ThermoMPNN,WWOX,0.2945283055305481,109,S,Y,WWOX,A
2200,ThermoMPNN,WWOX,2.3918612003326416,110,T,A,WWOX,A
2201,ThermoMPNN,WWOX,2.192099094390869,110,T,C,WWOX,A
2202,ThermoMPNN,WWOX,2.664447784423828,110,T,D,WWOX,A
2203,ThermoMPNN,WWOX,3.178013324737549,110,T,E,WWOX,A
2204,ThermoMPNN,WWOX,2.8511948585510254,110,T,F,WWOX,A
2205,ThermoMPNN,WWOX,2.604478120803833,110,T,G,WWOX,A
2206,ThermoMPNN,WWOX,3.069016933441162,110,T,H,WWOX,A
2207,ThermoMPNN,WWOX,2.835029363632202,110,T,I,WWOX,A
2208,ThermoMPNN,WWOX,3.108635187149048,110,T,K,WWOX,A
2209,ThermoMPNN,WWOX,2.855222463607788,110,T,L,WWOX,A
2210,ThermoMPNN,WWOX,2.6677987575531006,110,T,M,WWOX,A
2211,ThermoMPNN,WWOX,2.50746750831604,110,T,N,WWOX,A
2212,ThermoMPNN,WWOX,3.112028121948242,110,T,P,WWOX,A
2213,ThermoMPNN,WWOX,2.8643622398376465,110,T,Q,WWOX,A
2214,ThermoMPNN,WWOX,2.925905466079712,110,T,R,WWOX,A
2215,ThermoMPNN,WWOX,0.9251585006713867,110,T,S,WWOX,A
2216,ThermoMPNN,WWOX,0.0,110,T,T,WWOX,A
2217,ThermoMPNN,WWOX,2.6004526615142822,110,T,V,WWOX,A
2218,ThermoMPNN,WWOX,3.0291237831115723,110,T,W,WWOX,A
2219,ThermoMPNN,WWOX,3.0759923458099365,110,T,Y,WWOX,A
2220,ThermoMPNN,WWOX,2.1535661220550537,111,T,A,WWOX,A
2221,ThermoMPNN,WWOX,1.6511207818984985,111,T,C,WWOX,A
2222,ThermoMPNN,WWOX,2.172410011291504,111,T,D,WWOX,A
2223,ThermoMPNN,WWOX,2.246145009994507,111,T,E,WWOX,A
2224,ThermoMPNN,WWOX,2.151627779006958,111,T,F,WWOX,A
2225,ThermoMPNN,WWOX,1.97760808467865,111,T,G,WWOX,A
2226,ThermoMPNN,WWOX,2.0811822414398193,111,T,H,WWOX,A
2227,ThermoMPNN,WWOX,2.214099884033203,111,T,I,WWOX,A
2228,ThermoMPNN,WWOX,2.162151575088501,111,T,K,WWOX,A
2229,ThermoMPNN,WWOX,2.0296969413757324,111,T,L,WWOX,A
2230,ThermoMPNN,WWOX,2.158925771713257,111,T,M,WWOX,A
2231,ThermoMPNN,WWOX,1.7601988315582275,111,T,N,WWOX,A
2232,ThermoMPNN,WWOX,2.787752866744995,111,T,P,WWOX,A
2233,ThermoMPNN,WWOX,2.1278748512268066,111,T,Q,WWOX,A
2234,ThermoMPNN,WWOX,2.1117422580718994,111,T,R,WWOX,A
2235,ThermoMPNN,WWOX,0.9754505157470703,111,T,S,WWOX,A
2236,ThermoMPNN,WWOX,0.0,111,T,T,WWOX,A
2237,ThermoMPNN,WWOX,2.137963056564331,111,T,V,WWOX,A
2238,ThermoMPNN,WWOX,2.2852303981781006,111,T,W,WWOX,A
2239,ThermoMPNN,WWOX,2.1065101623535156,111,T,Y,WWOX,A
2240,ThermoMPNN,WWOX,0.0,112,A,A,WWOX,A
2241,ThermoMPNN,WWOX,0.33271288871765137,112,A,C,WWOX,A
2242,ThermoMPNN,WWOX,2.4959113597869873,112,A,D,WWOX,A
2243,ThermoMPNN,WWOX,2.4933409690856934,112,A,E,WWOX,A
2244,ThermoMPNN,WWOX,1.1322256326675415,112,A,F,WWOX,A
2245,ThermoMPNN,WWOX,1.048620581626892,112,A,G,WWOX,A
2246,ThermoMPNN,WWOX,2.0968406200408936,112,A,H,WWOX,A
2247,ThermoMPNN,WWOX,0.9807819128036499,112,A,I,WWOX,A
2248,ThermoMPNN,WWOX,2.27618670463562,112,A,K,WWOX,A
2249,ThermoMPNN,WWOX,1.0828866958618164,112,A,L,WWOX,A
2250,ThermoMPNN,WWOX,1.0538582801818848,112,A,M,WWOX,A
2251,ThermoMPNN,WWOX,2.083068609237671,112,A,N,WWOX,A
2252,ThermoMPNN,WWOX,2.3132622241973877,112,A,P,WWOX,A
2253,ThermoMPNN,WWOX,2.1759860515594482,112,A,Q,WWOX,A
2254,ThermoMPNN,WWOX,2.239346981048584,112,A,R,WWOX,A
2255,ThermoMPNN,WWOX,0.8860329985618591,112,A,S,WWOX,A
2256,ThermoMPNN,WWOX,0.9307651519775391,112,A,T,WWOX,A
2257,ThermoMPNN,WWOX,0.7041127681732178,112,A,V,WWOX,A
2258,ThermoMPNN,WWOX,1.554389476776123,112,A,W,WWOX,A
2259,ThermoMPNN,WWOX,1.4785913228988647,112,A,Y,WWOX,A
2260,ThermoMPNN,WWOX,0.5452884435653687,113,M,A,WWOX,A
2261,ThermoMPNN,WWOX,0.24399805068969727,113,M,C,WWOX,A
2262,ThermoMPNN,WWOX,0.05738937854766846,113,M,D,WWOX,A
2263,ThermoMPNN,WWOX,0.246077299118042,113,M,E,WWOX,A
2264,ThermoMPNN,WWOX,0.18843770027160645,113,M,F,WWOX,A
2265,ThermoMPNN,WWOX,1.3453352451324463,113,M,G,WWOX,A
2266,ThermoMPNN,WWOX,0.4389963150024414,113,M,H,WWOX,A
2267,ThermoMPNN,WWOX,0.32986879348754883,113,M,I,WWOX,A
2268,ThermoMPNN,WWOX,0.9743129014968872,113,M,K,WWOX,A
2269,ThermoMPNN,WWOX,0.0094757080078125,113,M,L,WWOX,A
2270,ThermoMPNN,WWOX,0.0,113,M,M,WWOX,A
2271,ThermoMPNN,WWOX,0.6154277324676514,113,M,N,WWOX,A
2272,ThermoMPNN,WWOX,2.2789697647094727,113,M,P,WWOX,A
2273,ThermoMPNN,WWOX,0.33072465658187866,113,M,Q,WWOX,A
2274,ThermoMPNN,WWOX,0.7993465662002563,113,M,R,WWOX,A
2275,ThermoMPNN,WWOX,0.7665839195251465,113,M,S,WWOX,A
2276,ThermoMPNN,WWOX,0.6041144728660583,113,M,T,WWOX,A
2277,ThermoMPNN,WWOX,0.4628407955169678,113,M,V,WWOX,A
2278,ThermoMPNN,WWOX,0.356553852558136,113,M,W,WWOX,A
2279,ThermoMPNN,WWOX,0.24591028690338135,113,M,Y,WWOX,A
2280,ThermoMPNN,WWOX,0.3628883361816406,114,E,A,WWOX,A
2281,ThermoMPNN,WWOX,0.5445090532302856,114,E,C,WWOX,A
2282,ThermoMPNN,WWOX,0.44304490089416504,114,E,D,WWOX,A
2283,ThermoMPNN,WWOX,0.0,114,E,E,WWOX,A
2284,ThermoMPNN,WWOX,1.1411075592041016,114,E,F,WWOX,A
2285,ThermoMPNN,WWOX,1.0510687828063965,114,E,G,WWOX,A
2286,ThermoMPNN,WWOX,0.8039260506629944,114,E,H,WWOX,A
2287,ThermoMPNN,WWOX,0.9414221048355103,114,E,I,WWOX,A
2288,ThermoMPNN,WWOX,0.812972366809845,114,E,K,WWOX,A
2289,ThermoMPNN,WWOX,0.6702985167503357,114,E,L,WWOX,A
2290,ThermoMPNN,WWOX,0.3683955669403076,114,E,M,WWOX,A
2291,ThermoMPNN,WWOX,0.9079840183258057,114,E,N,WWOX,A
2292,ThermoMPNN,WWOX,3.1474969387054443,114,E,P,WWOX,A
2293,ThermoMPNN,WWOX,-0.13479042053222656,114,E,Q,WWOX,A
2294,ThermoMPNN,WWOX,0.9846943020820618,114,E,R,WWOX,A
2295,ThermoMPNN,WWOX,0.8396173119544983,114,E,S,WWOX,A
2296,ThermoMPNN,WWOX,0.6766477227210999,114,E,T,WWOX,A
2297,ThermoMPNN,WWOX,0.8515474796295166,114,E,V,WWOX,A
2298,ThermoMPNN,WWOX,1.0927561521530151,114,E,W,WWOX,A
2299,ThermoMPNN,WWOX,1.1027123928070068,114,E,Y,WWOX,A
2300,ThermoMPNN,WWOX,2.65691876411438,115,I,A,WWOX,A
2301,ThermoMPNN,WWOX,1.7792165279388428,115,I,C,WWOX,A
2302,ThermoMPNN,WWOX,2.9771013259887695,115,I,D,WWOX,A
2303,ThermoMPNN,WWOX,3.2196552753448486,115,I,E,WWOX,A
2304,ThermoMPNN,WWOX,2.236595630645752,115,I,F,WWOX,A
2305,ThermoMPNN,WWOX,3.3679885864257812,115,I,G,WWOX,A
2306,ThermoMPNN,WWOX,3.1172261238098145,115,I,H,WWOX,A
2307,ThermoMPNN,WWOX,0.0,115,I,I,WWOX,A
2308,ThermoMPNN,WWOX,3.3636605739593506,115,I,K,WWOX,A
2309,ThermoMPNN,WWOX,0.9647903442382812,115,I,L,WWOX,A
2310,ThermoMPNN,WWOX,1.913991928100586,115,I,M,WWOX,A
2311,ThermoMPNN,WWOX,3.13196063041687,115,I,N,WWOX,A
2312,ThermoMPNN,WWOX,3.1618027687072754,115,I,P,WWOX,A
2313,ThermoMPNN,WWOX,3.283705711364746,115,I,Q,WWOX,A
2314,ThermoMPNN,WWOX,3.38429856300354,115,I,R,WWOX,A
2315,ThermoMPNN,WWOX,3.276682138442993,115,I,S,WWOX,A
2316,ThermoMPNN,WWOX,2.755647897720337,115,I,T,WWOX,A
2317,ThermoMPNN,WWOX,0.3822813034057617,115,I,V,WWOX,A
2318,ThermoMPNN,WWOX,2.8645997047424316,115,I,W,WWOX,A
2319,ThermoMPNN,WWOX,2.7046926021575928,115,I,Y,WWOX,A
2320,ThermoMPNN,WWOX,2.047661304473877,116,L,A,WWOX,A
2321,ThermoMPNN,WWOX,1.4994094371795654,116,L,C,WWOX,A
2322,ThermoMPNN,WWOX,3.116760492324829,116,L,D,WWOX,A
2323,ThermoMPNN,WWOX,2.88761043548584,116,L,E,WWOX,A
2324,ThermoMPNN,WWOX,2.213059902191162,116,L,F,WWOX,A
2325,ThermoMPNN,WWOX,2.51615047454834,116,L,G,WWOX,A
2326,ThermoMPNN,WWOX,3.1362717151641846,116,L,H,WWOX,A
2327,ThermoMPNN,WWOX,1.4945182800292969,116,L,I,WWOX,A
2328,ThermoMPNN,WWOX,3.0804152488708496,116,L,K,WWOX,A
2329,ThermoMPNN,WWOX,0.0,116,L,L,WWOX,A
2330,ThermoMPNN,WWOX,1.4059877395629883,116,L,M,WWOX,A
2331,ThermoMPNN,WWOX,2.8978583812713623,116,L,N,WWOX,A
2332,ThermoMPNN,WWOX,3.1219091415405273,116,L,P,WWOX,A
2333,ThermoMPNN,WWOX,2.898880958557129,116,L,Q,WWOX,A
2334,ThermoMPNN,WWOX,3.222585916519165,116,L,R,WWOX,A
2335,ThermoMPNN,WWOX,2.7172186374664307,116,L,S,WWOX,A
2336,ThermoMPNN,WWOX,2.3949766159057617,116,L,T,WWOX,A
2337,ThermoMPNN,WWOX,1.391202688217163,116,L,V,WWOX,A
2338,ThermoMPNN,WWOX,2.777320623397827,116,L,W,WWOX,A
2339,ThermoMPNN,WWOX,2.8094429969787598,116,L,Y,WWOX,A
2340,ThermoMPNN,WWOX,0.3891013264656067,117,Q,A,WWOX,A
2341,ThermoMPNN,WWOX,0.13734495639801025,117,Q,C,WWOX,A
2342,ThermoMPNN,WWOX,0.7577272653579712,117,Q,D,WWOX,A
2343,ThermoMPNN,WWOX,0.20017683506011963,117,Q,E,WWOX,A
2344,ThermoMPNN,WWOX,0.21676117181777954,117,Q,F,WWOX,A
2345,ThermoMPNN,WWOX,1.0474817752838135,117,Q,G,WWOX,A
2346,ThermoMPNN,WWOX,0.26406949758529663,117,Q,H,WWOX,A
2347,ThermoMPNN,WWOX,0.6148116588592529,117,Q,I,WWOX,A
2348,ThermoMPNN,WWOX,0.07601618766784668,117,Q,K,WWOX,A
2349,ThermoMPNN,WWOX,0.16811954975128174,117,Q,L,WWOX,A
2350,ThermoMPNN,WWOX,0.14746177196502686,117,Q,M,WWOX,A
2351,ThermoMPNN,WWOX,0.5665166974067688,117,Q,N,WWOX,A
2352,ThermoMPNN,WWOX,2.5317630767822266,117,Q,P,WWOX,A
2353,ThermoMPNN,WWOX,0.0,117,Q,Q,WWOX,A
2354,ThermoMPNN,WWOX,-0.23547255992889404,117,Q,R,WWOX,A
2355,ThermoMPNN,WWOX,0.6488643288612366,117,Q,S,WWOX,A
2356,ThermoMPNN,WWOX,0.5417004823684692,117,Q,T,WWOX,A
2357,ThermoMPNN,WWOX,0.5629680156707764,117,Q,V,WWOX,A
2358,ThermoMPNN,WWOX,0.004962325096130371,117,Q,W,WWOX,A
2359,ThermoMPNN,WWOX,0.09232079982757568,117,Q,Y,WWOX,A
2360,ThermoMPNN,WWOX,1.537294864654541,118,G,A,WWOX,A
2361,ThermoMPNN,WWOX,1.4071295261383057,118,G,C,WWOX,A
2362,ThermoMPNN,WWOX,2.348827838897705,118,G,D,WWOX,A
2363,ThermoMPNN,WWOX,2.8374972343444824,118,G,E,WWOX,A
2364,ThermoMPNN,WWOX,1.6202738285064697,118,G,F,WWOX,A
2365,ThermoMPNN,WWOX,0.0,118,G,G,WWOX,A
2366,ThermoMPNN,WWOX,1.7863414287567139,118,G,H,WWOX,A
2367,ThermoMPNN,WWOX,3.0717010498046875,118,G,I,WWOX,A
2368,ThermoMPNN,WWOX,2.3903706073760986,118,G,K,WWOX,A
2369,ThermoMPNN,WWOX,2.6551027297973633,118,G,L,WWOX,A
2370,ThermoMPNN,WWOX,1.9418970346450806,118,G,M,WWOX,A
2371,ThermoMPNN,WWOX,2.0359315872192383,118,G,N,WWOX,A
2372,ThermoMPNN,WWOX,3.059844493865967,118,G,P,WWOX,A
2373,ThermoMPNN,WWOX,2.1955156326293945,118,G,Q,WWOX,A
2374,ThermoMPNN,WWOX,2.182427167892456,118,G,R,WWOX,A
2375,ThermoMPNN,WWOX,1.9761946201324463,118,G,S,WWOX,A
2376,ThermoMPNN,WWOX,2.5262136459350586,118,G,T,WWOX,A
2377,ThermoMPNN,WWOX,3.08174204826355,118,G,V,WWOX,A
2378,ThermoMPNN,WWOX,2.119384765625,118,G,W,WWOX,A
2379,ThermoMPNN,WWOX,1.791198968887329,118,G,Y,WWOX,A
2380,ThermoMPNN,WWOX,1.0183923244476318,119,R,A,WWOX,A
2381,ThermoMPNN,WWOX,0.2978019714355469,119,R,C,WWOX,A
2382,ThermoMPNN,WWOX,2.287848711013794,119,R,D,WWOX,A
2383,ThermoMPNN,WWOX,1.5115528106689453,119,R,E,WWOX,A
2384,ThermoMPNN,WWOX,0.15013253688812256,119,R,F,WWOX,A
2385,ThermoMPNN,WWOX,1.889768123626709,119,R,G,WWOX,A
2386,ThermoMPNN,WWOX,0.7799472212791443,119,R,H,WWOX,A
2387,ThermoMPNN,WWOX,0.2228231430053711,119,R,I,WWOX,A
2388,ThermoMPNN,WWOX,0.36148691177368164,119,R,K,WWOX,A
2389,ThermoMPNN,WWOX,0.05616271495819092,119,R,L,WWOX,A
2390,ThermoMPNN,WWOX,0.06283879280090332,119,R,M,WWOX,A
2391,ThermoMPNN,WWOX,1.4281251430511475,119,R,N,WWOX,A
2392,ThermoMPNN,WWOX,2.4469244480133057,119,R,P,WWOX,A
2393,ThermoMPNN,WWOX,0.7153225541114807,119,R,Q,WWOX,A
2394,ThermoMPNN,WWOX,0.0,119,R,R,WWOX,A
2395,ThermoMPNN,WWOX,1.1851391792297363,119,R,S,WWOX,A
2396,ThermoMPNN,WWOX,1.0020616054534912,119,R,T,WWOX,A
2397,ThermoMPNN,WWOX,0.30623626708984375,119,R,V,WWOX,A
2398,ThermoMPNN,WWOX,0.22542762756347656,119,R,W,WWOX,A
2399,ThermoMPNN,WWOX,0.29558753967285156,119,R,Y,WWOX,A
2400,ThermoMPNN,WWOX,0.919275164604187,120,D,A,WWOX,A
2401,ThermoMPNN,WWOX,0.4548288583755493,120,D,C,WWOX,A
2402,ThermoMPNN,WWOX,0.0,120,D,D,WWOX,A
2403,ThermoMPNN,WWOX,1.0207023620605469,120,D,E,WWOX,A
2404,ThermoMPNN,WWOX,0.8617328405380249,120,D,F,WWOX,A
2405,ThermoMPNN,WWOX,0.9642373323440552,120,D,G,WWOX,A
2406,ThermoMPNN,WWOX,0.6212848424911499,120,D,H,WWOX,A
2407,ThermoMPNN,WWOX,0.9788975715637207,120,D,I,WWOX,A
2408,ThermoMPNN,WWOX,0.638859748840332,120,D,K,WWOX,A
2409,ThermoMPNN,WWOX,0.9507687091827393,120,D,L,WWOX,A
2410,ThermoMPNN,WWOX,1.0604335069656372,120,D,M,WWOX,A
2411,ThermoMPNN,WWOX,-0.3136405944824219,120,D,N,WWOX,A
2412,ThermoMPNN,WWOX,2.0432517528533936,120,D,P,WWOX,A
2413,ThermoMPNN,WWOX,0.8036544322967529,120,D,Q,WWOX,A
2414,ThermoMPNN,WWOX,0.5009458065032959,120,D,R,WWOX,A
2415,ThermoMPNN,WWOX,0.2505195140838623,120,D,S,WWOX,A
2416,ThermoMPNN,WWOX,0.5664318799972534,120,D,T,WWOX,A
2417,ThermoMPNN,WWOX,0.9081174731254578,120,D,V,WWOX,A
2418,ThermoMPNN,WWOX,1.1328661441802979,120,D,W,WWOX,A
2419,ThermoMPNN,WWOX,1.1075944900512695,120,D,Y,WWOX,A
2420,ThermoMPNN,WWOX,2.415205478668213,121,F,A,WWOX,A
2421,ThermoMPNN,WWOX,1.168463110923767,121,F,C,WWOX,A
2422,ThermoMPNN,WWOX,2.6497650146484375,121,F,D,WWOX,A
2423,ThermoMPNN,WWOX,2.8483026027679443,121,F,E,WWOX,A
2424,ThermoMPNN,WWOX,0.0,121,F,F,WWOX,A
2425,ThermoMPNN,WWOX,2.5075201988220215,121,F,G,WWOX,A
2426,ThermoMPNN,WWOX,2.129425287246704,121,F,H,WWOX,A
2427,ThermoMPNN,WWOX,1.9970124959945679,121,F,I,WWOX,A
2428,ThermoMPNN,WWOX,2.8663763999938965,121,F,K,WWOX,A
2429,ThermoMPNN,WWOX,1.2965524196624756,121,F,L,WWOX,A
2430,ThermoMPNN,WWOX,1.3331084251403809,121,F,M,WWOX,A
2431,ThermoMPNN,WWOX,2.4400055408477783,121,F,N,WWOX,A
2432,ThermoMPNN,WWOX,2.7959301471710205,121,F,P,WWOX,A
2433,ThermoMPNN,WWOX,2.6213762760162354,121,F,Q,WWOX,A
2434,ThermoMPNN,WWOX,2.7915375232696533,121,F,R,WWOX,A
2435,ThermoMPNN,WWOX,2.4097371101379395,121,F,S,WWOX,A
2436,ThermoMPNN,WWOX,2.3583288192749023,121,F,T,WWOX,A
2437,ThermoMPNN,WWOX,2.2473604679107666,121,F,V,WWOX,A
2438,ThermoMPNN,WWOX,0.9250844717025757,121,F,W,WWOX,A
2439,ThermoMPNN,WWOX,0.9952129125595093,121,F,Y,WWOX,A
2440,ThermoMPNN,WWOX,0.6686913967132568,122,T,A,WWOX,A
2441,ThermoMPNN,WWOX,0.368505597114563,122,T,C,WWOX,A
2442,ThermoMPNN,WWOX,0.8239040970802307,122,T,D,WWOX,A
2443,ThermoMPNN,WWOX,0.7852723598480225,122,T,E,WWOX,A
2444,ThermoMPNN,WWOX,0.714301347732544,122,T,F,WWOX,A
2445,ThermoMPNN,WWOX,0.8760374784469604,122,T,G,WWOX,A
2446,ThermoMPNN,WWOX,0.4606153964996338,122,T,H,WWOX,A
2447,ThermoMPNN,WWOX,0.5665469169616699,122,T,I,WWOX,A
2448,ThermoMPNN,WWOX,0.4700784683227539,122,T,K,WWOX,A
2449,ThermoMPNN,WWOX,0.7685160636901855,122,T,L,WWOX,A
2450,ThermoMPNN,WWOX,0.7887057065963745,122,T,M,WWOX,A
2451,ThermoMPNN,WWOX,0.2860454320907593,122,T,N,WWOX,A
2452,ThermoMPNN,WWOX,1.7907259464263916,122,T,P,WWOX,A
2453,ThermoMPNN,WWOX,0.6889448761940002,122,T,Q,WWOX,A
2454,ThermoMPNN,WWOX,0.3148907423019409,122,T,R,WWOX,A
2455,ThermoMPNN,WWOX,0.11913299560546875,122,T,S,WWOX,A
2456,ThermoMPNN,WWOX,0.0,122,T,T,WWOX,A
2457,ThermoMPNN,WWOX,0.4959481358528137,122,T,V,WWOX,A
2458,ThermoMPNN,WWOX,0.9188469648361206,122,T,W,WWOX,A
2459,ThermoMPNN,WWOX,0.6995174884796143,122,T,Y,WWOX,A
2460,ThermoMPNN,WWOX,1.3127683401107788,123,G,A,WWOX,A
2461,ThermoMPNN,WWOX,0.6460765600204468,123,G,C,WWOX,A
2462,ThermoMPNN,WWOX,1.1556529998779297,123,G,D,WWOX,A
2463,ThermoMPNN,WWOX,1.3594688177108765,123,G,E,WWOX,A
2464,ThermoMPNN,WWOX,1.1414213180541992,123,G,F,WWOX,A
2465,ThermoMPNN,WWOX,0.0,123,G,G,WWOX,A
2466,ThermoMPNN,WWOX,1.2010763883590698,123,G,H,WWOX,A
2467,ThermoMPNN,WWOX,1.6076745986938477,123,G,I,WWOX,A
2468,ThermoMPNN,WWOX,1.4631482362747192,123,G,K,WWOX,A
2469,ThermoMPNN,WWOX,1.2901800870895386,123,G,L,WWOX,A
2470,ThermoMPNN,WWOX,1.2906893491744995,123,G,M,WWOX,A
2471,ThermoMPNN,WWOX,1.0299642086029053,123,G,N,WWOX,A
2472,ThermoMPNN,WWOX,1.9082448482513428,123,G,P,WWOX,A
2473,ThermoMPNN,WWOX,1.4209554195404053,123,G,Q,WWOX,A
2474,ThermoMPNN,WWOX,1.470104455947876,123,G,R,WWOX,A
2475,ThermoMPNN,WWOX,1.2947518825531006,123,G,S,WWOX,A
2476,ThermoMPNN,WWOX,1.5794222354888916,123,G,T,WWOX,A
2477,ThermoMPNN,WWOX,1.6557538509368896,123,G,V,WWOX,A
2478,ThermoMPNN,WWOX,1.2536499500274658,123,G,W,WWOX,A
2479,ThermoMPNN,WWOX,1.2616164684295654,123,G,Y,WWOX,A
2480,ThermoMPNN,WWOX,0.6645874977111816,124,K,A,WWOX,A
2481,ThermoMPNN,WWOX,-0.4626891613006592,124,K,C,WWOX,A
2482,ThermoMPNN,WWOX,1.7964811325073242,124,K,D,WWOX,A
2483,ThermoMPNN,WWOX,1.0676782131195068,124,K,E,WWOX,A
2484,ThermoMPNN,WWOX,-0.10603499412536621,124,K,F,WWOX,A
2485,ThermoMPNN,WWOX,1.2569329738616943,124,K,G,WWOX,A
2486,ThermoMPNN,WWOX,0.2681897282600403,124,K,H,WWOX,A
2487,ThermoMPNN,WWOX,0.03928875923156738,124,K,I,WWOX,A
2488,ThermoMPNN,WWOX,0.0,124,K,K,WWOX,A
2489,ThermoMPNN,WWOX,-0.2973909378051758,124,K,L,WWOX,A
2490,ThermoMPNN,WWOX,-0.3179960250854492,124,K,M,WWOX,A
2491,ThermoMPNN,WWOX,0.8281140923500061,124,K,N,WWOX,A
2492,ThermoMPNN,WWOX,2.2937090396881104,124,K,P,WWOX,A
2493,ThermoMPNN,WWOX,0.24527525901794434,124,K,Q,WWOX,A
2494,ThermoMPNN,WWOX,-0.057891130447387695,124,K,R,WWOX,A
2495,ThermoMPNN,WWOX,0.9051727056503296,124,K,S,WWOX,A
2496,ThermoMPNN,WWOX,0.704254150390625,124,K,T,WWOX,A
2497,ThermoMPNN,WWOX,0.1421830654144287,124,K,V,WWOX,A
2498,ThermoMPNN,WWOX,-0.3183865547180176,124,K,W,WWOX,A
2499,ThermoMPNN,WWOX,-0.15123534202575684,124,K,Y,WWOX,A
2500,ThermoMPNN,WWOX,1.6522022485733032,125,V,A,WWOX,A
2501,ThermoMPNN,WWOX,0.8355013132095337,125,V,C,WWOX,A
2502,ThermoMPNN,WWOX,2.7453701496124268,125,V,D,WWOX,A
2503,ThermoMPNN,WWOX,2.398097038269043,125,V,E,WWOX,A
2504,ThermoMPNN,WWOX,1.2143614292144775,125,V,F,WWOX,A
2505,ThermoMPNN,WWOX,2.668903112411499,125,V,G,WWOX,A
2506,ThermoMPNN,WWOX,1.829195261001587,125,V,H,WWOX,A
2507,ThermoMPNN,WWOX,0.4608430862426758,125,V,I,WWOX,A
2508,ThermoMPNN,WWOX,2.1651129722595215,125,V,K,WWOX,A
2509,ThermoMPNN,WWOX,1.385324239730835,125,V,L,WWOX,A
2510,ThermoMPNN,WWOX,1.5824662446975708,125,V,M,WWOX,A
2511,ThermoMPNN,WWOX,2.317822217941284,125,V,N,WWOX,A
2512,ThermoMPNN,WWOX,2.239832639694214,125,V,P,WWOX,A
2513,ThermoMPNN,WWOX,2.254716396331787,125,V,Q,WWOX,A
2514,ThermoMPNN,WWOX,2.0301053524017334,125,V,R,WWOX,A
2515,ThermoMPNN,WWOX,1.8480007648468018,125,V,S,WWOX,A
2516,ThermoMPNN,WWOX,0.9122380018234253,125,V,T,WWOX,A
2517,ThermoMPNN,WWOX,0.0,125,V,V,WWOX,A
2518,ThermoMPNN,WWOX,1.2227997779846191,125,V,W,WWOX,A
2519,ThermoMPNN,WWOX,1.0187257528305054,125,V,Y,WWOX,A
2520,ThermoMPNN,WWOX,1.208690881729126,126,V,A,WWOX,A
2521,ThermoMPNN,WWOX,0.9649004936218262,126,V,C,WWOX,A
2522,ThermoMPNN,WWOX,2.9194133281707764,126,V,D,WWOX,A
2523,ThermoMPNN,WWOX,2.985041856765747,126,V,E,WWOX,A
2524,ThermoMPNN,WWOX,1.6722545623779297,126,V,F,WWOX,A
2525,ThermoMPNN,WWOX,2.3409154415130615,126,V,G,WWOX,A
2526,ThermoMPNN,WWOX,2.763695001602173,126,V,H,WWOX,A
2527,ThermoMPNN,WWOX,0.8184462785720825,126,V,I,WWOX,A
2528,ThermoMPNN,WWOX,3.09336256980896,126,V,K,WWOX,A
2529,ThermoMPNN,WWOX,1.301448106765747,126,V,L,WWOX,A
2530,ThermoMPNN,WWOX,1.929193377494812,126,V,M,WWOX,A
2531,ThermoMPNN,WWOX,2.910998582839966,126,V,N,WWOX,A
2532,ThermoMPNN,WWOX,2.5185298919677734,126,V,P,WWOX,A
2533,ThermoMPNN,WWOX,3.062373399734497,126,V,Q,WWOX,A
2534,ThermoMPNN,WWOX,3.1448018550872803,126,V,R,WWOX,A
2535,ThermoMPNN,WWOX,2.54451847076416,126,V,S,WWOX,A
2536,ThermoMPNN,WWOX,2.1274020671844482,126,V,T,WWOX,A
2537,ThermoMPNN,WWOX,0.0,126,V,V,WWOX,A
2538,ThermoMPNN,WWOX,2.368990898132324,126,V,W,WWOX,A
2539,ThermoMPNN,WWOX,2.1554601192474365,126,V,Y,WWOX,A
2540,ThermoMPNN,WWOX,1.5616419315338135,127,V,A,WWOX,A
2541,ThermoMPNN,WWOX,0.8120095729827881,127,V,C,WWOX,A
2542,ThermoMPNN,WWOX,2.3473825454711914,127,V,D,WWOX,A
2543,ThermoMPNN,WWOX,2.325237989425659,127,V,E,WWOX,A
2544,ThermoMPNN,WWOX,1.202601432800293,127,V,F,WWOX,A
2545,ThermoMPNN,WWOX,2.3165435791015625,127,V,G,WWOX,A
2546,ThermoMPNN,WWOX,2.201225996017456,127,V,H,WWOX,A
2547,ThermoMPNN,WWOX,0.02031850814819336,127,V,I,WWOX,A
2548,ThermoMPNN,WWOX,2.3899970054626465,127,V,K,WWOX,A
2549,ThermoMPNN,WWOX,-0.0982050895690918,127,V,L,WWOX,A
2550,ThermoMPNN,WWOX,1.0366231203079224,127,V,M,WWOX,A
2551,ThermoMPNN,WWOX,2.3159759044647217,127,V,N,WWOX,A
2552,ThermoMPNN,WWOX,2.3366169929504395,127,V,P,WWOX,A
2553,ThermoMPNN,WWOX,2.4880571365356445,127,V,Q,WWOX,A
2554,ThermoMPNN,WWOX,2.5458791255950928,127,V,R,WWOX,A
2555,ThermoMPNN,WWOX,2.5275893211364746,127,V,S,WWOX,A
2556,ThermoMPNN,WWOX,2.1609537601470947,127,V,T,WWOX,A
2557,ThermoMPNN,WWOX,0.0,127,V,V,WWOX,A
2558,ThermoMPNN,WWOX,1.7115435600280762,127,V,W,WWOX,A
2559,ThermoMPNN,WWOX,1.6177823543548584,127,V,Y,WWOX,A
2560,ThermoMPNN,WWOX,1.6744709014892578,128,V,A,WWOX,A
2561,ThermoMPNN,WWOX,0.7911083698272705,128,V,C,WWOX,A
2562,ThermoMPNN,WWOX,1.908468246459961,128,V,D,WWOX,A
2563,ThermoMPNN,WWOX,2.0916316509246826,128,V,E,WWOX,A
2564,ThermoMPNN,WWOX,1.2930504083633423,128,V,F,WWOX,A
2565,ThermoMPNN,WWOX,1.9735662937164307,128,V,G,WWOX,A
2566,ThermoMPNN,WWOX,1.9573218822479248,128,V,H,WWOX,A
2567,ThermoMPNN,WWOX,0.16952300071716309,128,V,I,WWOX,A
2568,ThermoMPNN,WWOX,2.100283622741699,128,V,K,WWOX,A
2569,ThermoMPNN,WWOX,0.7694309949874878,128,V,L,WWOX,A
2570,ThermoMPNN,WWOX,1.1546876430511475,128,V,M,WWOX,A
2571,ThermoMPNN,WWOX,1.7791876792907715,128,V,N,WWOX,A
2572,ThermoMPNN,WWOX,2.361809492111206,128,V,P,WWOX,A
2573,ThermoMPNN,WWOX,2.0894901752471924,128,V,Q,WWOX,A
2574,ThermoMPNN,WWOX,2.128265857696533,128,V,R,WWOX,A
2575,ThermoMPNN,WWOX,1.8270809650421143,128,V,S,WWOX,A
2576,ThermoMPNN,WWOX,1.6190892457962036,128,V,T,WWOX,A
2577,ThermoMPNN,WWOX,0.0,128,V,V,WWOX,A
2578,ThermoMPNN,WWOX,1.8161075115203857,128,V,W,WWOX,A
2579,ThermoMPNN,WWOX,1.794363260269165,128,V,Y,WWOX,A
2580,ThermoMPNN,WWOX,2.2235052585601807,129,T,A,WWOX,A
2581,ThermoMPNN,WWOX,1.2956045866012573,129,T,C,WWOX,A
2582,ThermoMPNN,WWOX,2.650879383087158,129,T,D,WWOX,A
2583,ThermoMPNN,WWOX,2.7084145545959473,129,T,E,WWOX,A
2584,ThermoMPNN,WWOX,1.482169270515442,129,T,F,WWOX,A
2585,ThermoMPNN,WWOX,2.422013521194458,129,T,G,WWOX,A
2586,ThermoMPNN,WWOX,2.105006217956543,129,T,H,WWOX,A
2587,ThermoMPNN,WWOX,1.2735008001327515,129,T,I,WWOX,A
2588,ThermoMPNN,WWOX,2.2442362308502197,129,T,K,WWOX,A
2589,ThermoMPNN,WWOX,1.2842352390289307,129,T,L,WWOX,A
2590,ThermoMPNN,WWOX,1.659214973449707,129,T,M,WWOX,A
2591,ThermoMPNN,WWOX,1.9139752388000488,129,T,N,WWOX,A
2592,ThermoMPNN,WWOX,2.170753240585327,129,T,P,WWOX,A
2593,ThermoMPNN,WWOX,2.392528533935547,129,T,Q,WWOX,A
2594,ThermoMPNN,WWOX,2.1258065700531006,129,T,R,WWOX,A
2595,ThermoMPNN,WWOX,1.2702548503875732,129,T,S,WWOX,A
2596,ThermoMPNN,WWOX,0.0,129,T,T,WWOX,A
2597,ThermoMPNN,WWOX,1.173966884613037,129,T,V,WWOX,A
2598,ThermoMPNN,WWOX,1.6327844858169556,129,T,W,WWOX,A
2599,ThermoMPNN,WWOX,1.6066572666168213,129,T,Y,WWOX,A
2600,ThermoMPNN,WWOX,0.6292613744735718,130,G,A,WWOX,A
2601,ThermoMPNN,WWOX,0.6425483226776123,130,G,C,WWOX,A
2602,ThermoMPNN,WWOX,1.9314305782318115,130,G,D,WWOX,A
2603,ThermoMPNN,WWOX,1.7342774868011475,130,G,E,WWOX,A
2604,ThermoMPNN,WWOX,0.923195481300354,130,G,F,WWOX,A
2605,ThermoMPNN,WWOX,0.0,130,G,G,WWOX,A
2606,ThermoMPNN,WWOX,1.3400808572769165,130,G,H,WWOX,A
2607,ThermoMPNN,WWOX,1.1700704097747803,130,G,I,WWOX,A
2608,ThermoMPNN,WWOX,1.8438856601715088,130,G,K,WWOX,A
2609,ThermoMPNN,WWOX,1.3808221817016602,130,G,L,WWOX,A
2610,ThermoMPNN,WWOX,1.2400391101837158,130,G,M,WWOX,A
2611,ThermoMPNN,WWOX,1.8585906028747559,130,G,N,WWOX,A
2612,ThermoMPNN,WWOX,2.0027451515197754,130,G,P,WWOX,A
2613,ThermoMPNN,WWOX,1.7517304420471191,130,G,Q,WWOX,A
2614,ThermoMPNN,WWOX,1.6138207912445068,130,G,R,WWOX,A
2615,ThermoMPNN,WWOX,1.2587025165557861,130,G,S,WWOX,A
2616,ThermoMPNN,WWOX,1.4115428924560547,130,G,T,WWOX,A
2617,ThermoMPNN,WWOX,1.2400171756744385,130,G,V,WWOX,A
2618,ThermoMPNN,WWOX,0.8934188485145569,130,G,W,WWOX,A
2619,ThermoMPNN,WWOX,0.7640144228935242,130,G,Y,WWOX,A
2620,ThermoMPNN,WWOX,0.0,131,A,A,WWOX,A
2621,ThermoMPNN,WWOX,0.7643396854400635,131,A,C,WWOX,A
2622,ThermoMPNN,WWOX,2.262540578842163,131,A,D,WWOX,A
2623,ThermoMPNN,WWOX,2.116464138031006,131,A,E,WWOX,A
2624,ThermoMPNN,WWOX,1.0049083232879639,131,A,F,WWOX,A
2625,ThermoMPNN,WWOX,1.0397751331329346,131,A,G,WWOX,A
2626,ThermoMPNN,WWOX,1.73079514503479,131,A,H,WWOX,A
2627,ThermoMPNN,WWOX,1.2158308029174805,131,A,I,WWOX,A
2628,ThermoMPNN,WWOX,1.9296774864196777,131,A,K,WWOX,A
2629,ThermoMPNN,WWOX,0.9699774980545044,131,A,L,WWOX,A
2630,ThermoMPNN,WWOX,0.9319770932197571,131,A,M,WWOX,A
2631,ThermoMPNN,WWOX,2.1387245655059814,131,A,N,WWOX,A
2632,ThermoMPNN,WWOX,2.1020429134368896,131,A,P,WWOX,A
2633,ThermoMPNN,WWOX,1.8746126890182495,131,A,Q,WWOX,A
2634,ThermoMPNN,WWOX,1.795577049255371,131,A,R,WWOX,A
2635,ThermoMPNN,WWOX,1.3515352010726929,131,A,S,WWOX,A
2636,ThermoMPNN,WWOX,1.9020559787750244,131,A,T,WWOX,A
2637,ThermoMPNN,WWOX,1.2323482036590576,131,A,V,WWOX,A
2638,ThermoMPNN,WWOX,1.0065515041351318,131,A,W,WWOX,A
2639,ThermoMPNN,WWOX,1.1489734649658203,131,A,Y,WWOX,A
2640,ThermoMPNN,WWOX,-1.275384783744812,132,N,A,WWOX,A
2641,ThermoMPNN,WWOX,-0.7997852563858032,132,N,C,WWOX,A
2642,ThermoMPNN,WWOX,0.13928121328353882,132,N,D,WWOX,A
2643,ThermoMPNN,WWOX,-0.35079193115234375,132,N,E,WWOX,A
2644,ThermoMPNN,WWOX,0.3392990231513977,132,N,F,WWOX,A
2645,ThermoMPNN,WWOX,-0.5379527807235718,132,N,G,WWOX,A
2646,ThermoMPNN,WWOX,0.05569329857826233,132,N,H,WWOX,A
2647,ThermoMPNN,WWOX,0.28753072023391724,132,N,I,WWOX,A
2648,ThermoMPNN,WWOX,-0.30868566036224365,132,N,K,WWOX,A
2649,ThermoMPNN,WWOX,0.2156241536140442,132,N,L,WWOX,A
2650,ThermoMPNN,WWOX,-0.1447058916091919,132,N,M,WWOX,A
2651,ThermoMPNN,WWOX,0.0,132,N,N,WWOX,A
2652,ThermoMPNN,WWOX,0.046748071908950806,132,N,P,WWOX,A
2653,ThermoMPNN,WWOX,-0.3782005310058594,132,N,Q,WWOX,A
2654,ThermoMPNN,WWOX,-0.15665102005004883,132,N,R,WWOX,A
2655,ThermoMPNN,WWOX,-1.5334464311599731,132,N,S,WWOX,A
2656,ThermoMPNN,WWOX,-0.8236867189407349,132,N,T,WWOX,A
2657,ThermoMPNN,WWOX,0.13260674476623535,132,N,V,WWOX,A
2658,ThermoMPNN,WWOX,0.1851622462272644,132,N,W,WWOX,A
2659,ThermoMPNN,WWOX,0.41565757989883423,132,N,Y,WWOX,A
2660,ThermoMPNN,WWOX,0.047410011291503906,133,S,A,WWOX,A
2661,ThermoMPNN,WWOX,-0.05632603168487549,133,S,C,WWOX,A
2662,ThermoMPNN,WWOX,0.7550713419914246,133,S,D,WWOX,A
2663,ThermoMPNN,WWOX,0.3857078552246094,133,S,E,WWOX,A
2664,ThermoMPNN,WWOX,0.19940197467803955,133,S,F,WWOX,A
2665,ThermoMPNN,WWOX,0.46179354190826416,133,S,G,WWOX,A
2666,ThermoMPNN,WWOX,0.40673601627349854,133,S,H,WWOX,A
2667,ThermoMPNN,WWOX,0.4179692268371582,133,S,I,WWOX,A
2668,ThermoMPNN,WWOX,0.2890954613685608,133,S,K,WWOX,A
2669,ThermoMPNN,WWOX,0.5843808650970459,133,S,L,WWOX,A
2670,ThermoMPNN,WWOX,0.37617313861846924,133,S,M,WWOX,A
2671,ThermoMPNN,WWOX,0.61849045753479,133,S,N,WWOX,A
2672,ThermoMPNN,WWOX,1.595383882522583,133,S,P,WWOX,A
2673,ThermoMPNN,WWOX,0.3753388524055481,133,S,Q,WWOX,A
2674,ThermoMPNN,WWOX,0.23041892051696777,133,S,R,WWOX,A
2675,ThermoMPNN,WWOX,0.0,133,S,S,WWOX,A
2676,ThermoMPNN,WWOX,0.2987244129180908,133,S,T,WWOX,A
2677,ThermoMPNN,WWOX,0.4654874801635742,133,S,V,WWOX,A
2678,ThermoMPNN,WWOX,0.09999716281890869,133,S,W,WWOX,A
2679,ThermoMPNN,WWOX,0.20546597242355347,133,S,Y,WWOX,A
2680,ThermoMPNN,WWOX,0.8774319291114807,134,G,A,WWOX,A
2681,ThermoMPNN,WWOX,0.4977003335952759,134,G,C,WWOX,A
2682,ThermoMPNN,WWOX,0.8729898929595947,134,G,D,WWOX,A
2683,ThermoMPNN,WWOX,1.1280007362365723,134,G,E,WWOX,A
2684,ThermoMPNN,WWOX,1.07735013961792,134,G,F,WWOX,A
2685,ThermoMPNN,WWOX,0.0,134,G,G,WWOX,A
2686,ThermoMPNN,WWOX,1.0593980550765991,134,G,H,WWOX,A
2687,ThermoMPNN,WWOX,1.1276531219482422,134,G,I,WWOX,A
2688,ThermoMPNN,WWOX,1.217051386833191,134,G,K,WWOX,A
2689,ThermoMPNN,WWOX,1.0680813789367676,134,G,L,WWOX,A
2690,ThermoMPNN,WWOX,1.0479865074157715,134,G,M,WWOX,A
2691,ThermoMPNN,WWOX,0.7798517942428589,134,G,N,WWOX,A
2692,ThermoMPNN,WWOX,1.676230788230896,134,G,P,WWOX,A
2693,ThermoMPNN,WWOX,1.1813929080963135,134,G,Q,WWOX,A
2694,ThermoMPNN,WWOX,1.2883555889129639,134,G,R,WWOX,A
2695,ThermoMPNN,WWOX,0.6284328103065491,134,G,S,WWOX,A
2696,ThermoMPNN,WWOX,0.6491565704345703,134,G,T,WWOX,A
2697,ThermoMPNN,WWOX,1.1593453884124756,134,G,V,WWOX,A
2698,ThermoMPNN,WWOX,1.0945872068405151,134,G,W,WWOX,A
2699,ThermoMPNN,WWOX,1.1480177640914917,134,G,Y,WWOX,A
2700,ThermoMPNN,WWOX,2.1783766746520996,135,I,A,WWOX,A
2701,ThermoMPNN,WWOX,1.4783082008361816,135,I,C,WWOX,A
2702,ThermoMPNN,WWOX,2.8810369968414307,135,I,D,WWOX,A
2703,ThermoMPNN,WWOX,2.7196004390716553,135,I,E,WWOX,A
2704,ThermoMPNN,WWOX,1.3460726737976074,135,I,F,WWOX,A
2705,ThermoMPNN,WWOX,2.727813243865967,135,I,G,WWOX,A
2706,ThermoMPNN,WWOX,2.500678300857544,135,I,H,WWOX,A
2707,ThermoMPNN,WWOX,0.0,135,I,I,WWOX,A
2708,ThermoMPNN,WWOX,2.637543201446533,135,I,K,WWOX,A
2709,ThermoMPNN,WWOX,0.7792861461639404,135,I,L,WWOX,A
2710,ThermoMPNN,WWOX,1.2246819734573364,135,I,M,WWOX,A
2711,ThermoMPNN,WWOX,2.672861099243164,135,I,N,WWOX,A
2712,ThermoMPNN,WWOX,2.4405808448791504,135,I,P,WWOX,A
2713,ThermoMPNN,WWOX,2.6100242137908936,135,I,Q,WWOX,A
2714,ThermoMPNN,WWOX,2.612102508544922,135,I,R,WWOX,A
2715,ThermoMPNN,WWOX,2.564281702041626,135,I,S,WWOX,A
2716,ThermoMPNN,WWOX,2.0433273315429688,135,I,T,WWOX,A
2717,ThermoMPNN,WWOX,0.5890541076660156,135,I,V,WWOX,A
2718,ThermoMPNN,WWOX,1.8111226558685303,135,I,W,WWOX,A
2719,ThermoMPNN,WWOX,1.862839698791504,135,I,Y,WWOX,A
2720,ThermoMPNN,WWOX,1.4099446535110474,136,G,A,WWOX,A
2721,ThermoMPNN,WWOX,1.520472764968872,136,G,C,WWOX,A
2722,ThermoMPNN,WWOX,2.2845754623413086,136,G,D,WWOX,A
2723,ThermoMPNN,WWOX,2.3199920654296875,136,G,E,WWOX,A
2724,ThermoMPNN,WWOX,1.3121681213378906,136,G,F,WWOX,A
2725,ThermoMPNN,WWOX,0.0,136,G,G,WWOX,A
2726,ThermoMPNN,WWOX,1.9695501327514648,136,G,H,WWOX,A
2727,ThermoMPNN,WWOX,1.7460272312164307,136,G,I,WWOX,A
2728,ThermoMPNN,WWOX,2.1634464263916016,136,G,K,WWOX,A
2729,ThermoMPNN,WWOX,1.8630366325378418,136,G,L,WWOX,A
2730,ThermoMPNN,WWOX,1.684387445449829,136,G,M,WWOX,A
2731,ThermoMPNN,WWOX,2.2430636882781982,136,G,N,WWOX,A
2732,ThermoMPNN,WWOX,1.80791175365448,136,G,P,WWOX,A
2733,ThermoMPNN,WWOX,2.139631986618042,136,G,Q,WWOX,A
2734,ThermoMPNN,WWOX,1.9230040311813354,136,G,R,WWOX,A
2735,ThermoMPNN,WWOX,1.8420436382293701,136,G,S,WWOX,A
2736,ThermoMPNN,WWOX,1.9779343605041504,136,G,T,WWOX,A
2737,ThermoMPNN,WWOX,1.8375294208526611,136,G,V,WWOX,A
2738,ThermoMPNN,WWOX,1.3883931636810303,136,G,W,WWOX,A
2739,ThermoMPNN,WWOX,1.3202497959136963,136,G,Y,WWOX,A
2740,ThermoMPNN,WWOX,2.4641165733337402,137,F,A,WWOX,A
2741,ThermoMPNN,WWOX,1.5640816688537598,137,F,C,WWOX,A
2742,ThermoMPNN,WWOX,2.964292287826538,137,F,D,WWOX,A
2743,ThermoMPNN,WWOX,2.481889009475708,137,F,E,WWOX,A
2744,ThermoMPNN,WWOX,0.0,137,F,F,WWOX,A
2745,ThermoMPNN,WWOX,3.0582375526428223,137,F,G,WWOX,A
2746,ThermoMPNN,WWOX,2.418045997619629,137,F,H,WWOX,A
2747,ThermoMPNN,WWOX,1.3691177368164062,137,F,I,WWOX,A
2748,ThermoMPNN,WWOX,2.7339248657226562,137,F,K,WWOX,A
2749,ThermoMPNN,WWOX,1.0619878768920898,137,F,L,WWOX,A
2750,ThermoMPNN,WWOX,1.2584768533706665,137,F,M,WWOX,A
2751,ThermoMPNN,WWOX,2.7649927139282227,137,F,N,WWOX,A
2752,ThermoMPNN,WWOX,3.172893762588501,137,F,P,WWOX,A
2753,ThermoMPNN,WWOX,2.594862222671509,137,F,Q,WWOX,A
2754,ThermoMPNN,WWOX,2.513032913208008,137,F,R,WWOX,A
2755,ThermoMPNN,WWOX,2.68086576461792,137,F,S,WWOX,A
2756,ThermoMPNN,WWOX,2.3605828285217285,137,F,T,WWOX,A
2757,ThermoMPNN,WWOX,1.6956814527511597,137,F,V,WWOX,A
2758,ThermoMPNN,WWOX,1.218801498413086,137,F,W,WWOX,A
2759,ThermoMPNN,WWOX,1.0110907554626465,137,F,Y,WWOX,A
2760,ThermoMPNN,WWOX,1.247161626815796,138,E,A,WWOX,A
2761,ThermoMPNN,WWOX,0.9232006072998047,138,E,C,WWOX,A
2762,ThermoMPNN,WWOX,2.2131099700927734,138,E,D,WWOX,A
2763,ThermoMPNN,WWOX,0.0,138,E,E,WWOX,A
2764,ThermoMPNN,WWOX,1.0980143547058105,138,E,F,WWOX,A
2765,ThermoMPNN,WWOX,2.5836527347564697,138,E,G,WWOX,A
2766,ThermoMPNN,WWOX,1.5972747802734375,138,E,H,WWOX,A
2767,ThermoMPNN,WWOX,1.1997411251068115,138,E,I,WWOX,A
2768,ThermoMPNN,WWOX,2.643078088760376,138,E,K,WWOX,A
2769,ThermoMPNN,WWOX,1.2478728294372559,138,E,L,WWOX,A
2770,ThermoMPNN,WWOX,0.9335695505142212,138,E,M,WWOX,A
2771,ThermoMPNN,WWOX,2.507132053375244,138,E,N,WWOX,A
2772,ThermoMPNN,WWOX,3.0124382972717285,138,E,P,WWOX,A
2773,ThermoMPNN,WWOX,1.3871164321899414,138,E,Q,WWOX,A
2774,ThermoMPNN,WWOX,2.5817649364471436,138,E,R,WWOX,A
2775,ThermoMPNN,WWOX,1.9246435165405273,138,E,S,WWOX,A
2776,ThermoMPNN,WWOX,1.8689162731170654,138,E,T,WWOX,A
2777,ThermoMPNN,WWOX,1.2834404706954956,138,E,V,WWOX,A
2778,ThermoMPNN,WWOX,1.0050567388534546,138,E,W,WWOX,A
2779,ThermoMPNN,WWOX,0.8965508937835693,138,E,Y,WWOX,A
2780,ThermoMPNN,WWOX,0.9270397424697876,139,T,A,WWOX,A
2781,ThermoMPNN,WWOX,0.3600093126296997,139,T,C,WWOX,A
2782,ThermoMPNN,WWOX,2.5172979831695557,139,T,D,WWOX,A
2783,ThermoMPNN,WWOX,2.1917057037353516,139,T,E,WWOX,A
2784,ThermoMPNN,WWOX,1.0647032260894775,139,T,F,WWOX,A
2785,ThermoMPNN,WWOX,1.8150029182434082,139,T,G,WWOX,A
2786,ThermoMPNN,WWOX,2.301386594772339,139,T,H,WWOX,A
2787,ThermoMPNN,WWOX,-1.0013136863708496,139,T,I,WWOX,A
2788,ThermoMPNN,WWOX,2.1902899742126465,139,T,K,WWOX,A
2789,ThermoMPNN,WWOX,-0.24166321754455566,139,T,L,WWOX,A
2790,ThermoMPNN,WWOX,0.45353007316589355,139,T,M,WWOX,A
2791,ThermoMPNN,WWOX,2.158731460571289,139,T,N,WWOX,A
2792,ThermoMPNN,WWOX,2.3338851928710938,139,T,P,WWOX,A
2793,ThermoMPNN,WWOX,2.0586998462677,139,T,Q,WWOX,A
2794,ThermoMPNN,WWOX,1.9460418224334717,139,T,R,WWOX,A
2795,ThermoMPNN,WWOX,1.3313443660736084,139,T,S,WWOX,A
2796,ThermoMPNN,WWOX,0.0,139,T,T,WWOX,A
2797,ThermoMPNN,WWOX,-0.9375436305999756,139,T,V,WWOX,A
2798,ThermoMPNN,WWOX,1.4573954343795776,139,T,W,WWOX,A
2799,ThermoMPNN,WWOX,1.4874179363250732,139,T,Y,WWOX,A
2800,ThermoMPNN,WWOX,0.0,140,A,A,WWOX,A
2801,ThermoMPNN,WWOX,1.0596221685409546,140,A,C,WWOX,A
2802,ThermoMPNN,WWOX,3.214596748352051,140,A,D,WWOX,A
2803,ThermoMPNN,WWOX,2.9791271686553955,140,A,E,WWOX,A
2804,ThermoMPNN,WWOX,1.5801076889038086,140,A,F,WWOX,A
2805,ThermoMPNN,WWOX,1.6534786224365234,140,A,G,WWOX,A
2806,ThermoMPNN,WWOX,2.767235517501831,140,A,H,WWOX,A
2807,ThermoMPNN,WWOX,1.4302222728729248,140,A,I,WWOX,A
2808,ThermoMPNN,WWOX,2.7797036170959473,140,A,K,WWOX,A
2809,ThermoMPNN,WWOX,1.545646071434021,140,A,L,WWOX,A
2810,ThermoMPNN,WWOX,1.6281412839889526,140,A,M,WWOX,A
2811,ThermoMPNN,WWOX,3.0181539058685303,140,A,N,WWOX,A
2812,ThermoMPNN,WWOX,2.990429162979126,140,A,P,WWOX,A
2813,ThermoMPNN,WWOX,2.8918378353118896,140,A,Q,WWOX,A
2814,ThermoMPNN,WWOX,2.6853878498077393,140,A,R,WWOX,A
2815,ThermoMPNN,WWOX,1.8729302883148193,140,A,S,WWOX,A
2816,ThermoMPNN,WWOX,2.2607359886169434,140,A,T,WWOX,A
2817,ThermoMPNN,WWOX,1.2122347354888916,140,A,V,WWOX,A
2818,ThermoMPNN,WWOX,1.7342708110809326,140,A,W,WWOX,A
2819,ThermoMPNN,WWOX,1.84312903881073,140,A,Y,WWOX,A
2820,ThermoMPNN,WWOX,1.688677430152893,141,K,A,WWOX,A
2821,ThermoMPNN,WWOX,1.4437214136123657,141,K,C,WWOX,A
2822,ThermoMPNN,WWOX,4.010129928588867,141,K,D,WWOX,A
2823,ThermoMPNN,WWOX,2.970736026763916,141,K,E,WWOX,A
2824,ThermoMPNN,WWOX,1.480604648590088,141,K,F,WWOX,A
2825,ThermoMPNN,WWOX,3.037048101425171,141,K,G,WWOX,A
2826,ThermoMPNN,WWOX,1.9150683879852295,141,K,H,WWOX,A
2827,ThermoMPNN,WWOX,1.5684318542480469,141,K,I,WWOX,A
2828,ThermoMPNN,WWOX,0.0,141,K,K,WWOX,A
2829,ThermoMPNN,WWOX,1.0271084308624268,141,K,L,WWOX,A
2830,ThermoMPNN,WWOX,0.9140820503234863,141,K,M,WWOX,A
2831,ThermoMPNN,WWOX,2.562676429748535,141,K,N,WWOX,A
2832,ThermoMPNN,WWOX,3.8511998653411865,141,K,P,WWOX,A
2833,ThermoMPNN,WWOX,1.4011327028274536,141,K,Q,WWOX,A
2834,ThermoMPNN,WWOX,-0.4498906135559082,141,K,R,WWOX,A
2835,ThermoMPNN,WWOX,2.262758493423462,141,K,S,WWOX,A
2836,ThermoMPNN,WWOX,2.2170236110687256,141,K,T,WWOX,A
2837,ThermoMPNN,WWOX,1.9338116645812988,141,K,V,WWOX,A
2838,ThermoMPNN,WWOX,1.6386148929595947,141,K,W,WWOX,A
2839,ThermoMPNN,WWOX,1.5287845134735107,141,K,Y,WWOX,A
2840,ThermoMPNN,WWOX,-0.44662177562713623,142,S,A,WWOX,A
2841,ThermoMPNN,WWOX,-0.22895729541778564,142,S,C,WWOX,A
2842,ThermoMPNN,WWOX,1.9702942371368408,142,S,D,WWOX,A
2843,ThermoMPNN,WWOX,1.307222604751587,142,S,E,WWOX,A
2844,ThermoMPNN,WWOX,0.10845029354095459,142,S,F,WWOX,A
2845,ThermoMPNN,WWOX,0.9204837083816528,142,S,G,WWOX,A
2846,ThermoMPNN,WWOX,1.1424788236618042,142,S,H,WWOX,A
2847,ThermoMPNN,WWOX,-0.41623520851135254,142,S,I,WWOX,A
2848,ThermoMPNN,WWOX,1.2240283489227295,142,S,K,WWOX,A
2849,ThermoMPNN,WWOX,0.27108001708984375,142,S,L,WWOX,A
2850,ThermoMPNN,WWOX,0.0993189811706543,142,S,M,WWOX,A
2851,ThermoMPNN,WWOX,1.6306986808776855,142,S,N,WWOX,A
2852,ThermoMPNN,WWOX,2.0812878608703613,142,S,P,WWOX,A
2853,ThermoMPNN,WWOX,1.0685839653015137,142,S,Q,WWOX,A
2854,ThermoMPNN,WWOX,1.0320594310760498,142,S,R,WWOX,A
2855,ThermoMPNN,WWOX,0.0,142,S,S,WWOX,A
2856,ThermoMPNN,WWOX,-0.039701104164123535,142,S,T,WWOX,A
2857,ThermoMPNN,WWOX,-0.3188910484313965,142,S,V,WWOX,A
2858,ThermoMPNN,WWOX,0.2433432936668396,142,S,W,WWOX,A
2859,ThermoMPNN,WWOX,0.2455120086669922,142,S,Y,WWOX,A
2860,ThermoMPNN,WWOX,3.5674736499786377,143,F,A,WWOX,A
2861,ThermoMPNN,WWOX,2.2379939556121826,143,F,C,WWOX,A
2862,ThermoMPNN,WWOX,3.7468419075012207,143,F,D,WWOX,A
2863,ThermoMPNN,WWOX,4.038719654083252,143,F,E,WWOX,A
2864,ThermoMPNN,WWOX,0.0,143,F,F,WWOX,A
2865,ThermoMPNN,WWOX,3.696909189224243,143,F,G,WWOX,A
2866,ThermoMPNN,WWOX,3.425638437271118,143,F,H,WWOX,A
2867,ThermoMPNN,WWOX,2.5890393257141113,143,F,I,WWOX,A
2868,ThermoMPNN,WWOX,3.5727055072784424,143,F,K,WWOX,A
2869,ThermoMPNN,WWOX,2.2304205894470215,143,F,L,WWOX,A
2870,ThermoMPNN,WWOX,2.2305142879486084,143,F,M,WWOX,A
2871,ThermoMPNN,WWOX,3.5867841243743896,143,F,N,WWOX,A
2872,ThermoMPNN,WWOX,3.2955541610717773,143,F,P,WWOX,A
2873,ThermoMPNN,WWOX,3.779115676879883,143,F,Q,WWOX,A
2874,ThermoMPNN,WWOX,3.326216220855713,143,F,R,WWOX,A
2875,ThermoMPNN,WWOX,3.6696581840515137,143,F,S,WWOX,A
2876,ThermoMPNN,WWOX,3.5454211235046387,143,F,T,WWOX,A
2877,ThermoMPNN,WWOX,2.854719400405884,143,F,V,WWOX,A
2878,ThermoMPNN,WWOX,2.381873846054077,143,F,W,WWOX,A
2879,ThermoMPNN,WWOX,2.1319918632507324,143,F,Y,WWOX,A
2880,ThermoMPNN,WWOX,0.0,144,A,A,WWOX,A
2881,ThermoMPNN,WWOX,1.0342055559158325,144,A,C,WWOX,A
2882,ThermoMPNN,WWOX,2.7815401554107666,144,A,D,WWOX,A
2883,ThermoMPNN,WWOX,2.4644265174865723,144,A,E,WWOX,A
2884,ThermoMPNN,WWOX,1.4777092933654785,144,A,F,WWOX,A
2885,ThermoMPNN,WWOX,1.9580535888671875,144,A,G,WWOX,A
2886,ThermoMPNN,WWOX,2.2240962982177734,144,A,H,WWOX,A
2887,ThermoMPNN,WWOX,1.6457817554473877,144,A,I,WWOX,A
2888,ThermoMPNN,WWOX,2.245105743408203,144,A,K,WWOX,A
2889,ThermoMPNN,WWOX,1.4114760160446167,144,A,L,WWOX,A
2890,ThermoMPNN,WWOX,1.4964544773101807,144,A,M,WWOX,A
2891,ThermoMPNN,WWOX,2.459585428237915,144,A,N,WWOX,A
2892,ThermoMPNN,WWOX,2.5517067909240723,144,A,P,WWOX,A
2893,ThermoMPNN,WWOX,2.385803699493408,144,A,Q,WWOX,A
2894,ThermoMPNN,WWOX,2.2322402000427246,144,A,R,WWOX,A
2895,ThermoMPNN,WWOX,1.6729176044464111,144,A,S,WWOX,A
2896,ThermoMPNN,WWOX,2.135106086730957,144,A,T,WWOX,A
2897,ThermoMPNN,WWOX,1.3579483032226562,144,A,V,WWOX,A
2898,ThermoMPNN,WWOX,1.515928030014038,144,A,W,WWOX,A
2899,ThermoMPNN,WWOX,1.5243382453918457,144,A,Y,WWOX,A
2900,ThermoMPNN,WWOX,1.8515141010284424,145,L,A,WWOX,A
2901,ThermoMPNN,WWOX,1.1092833280563354,145,L,C,WWOX,A
2902,ThermoMPNN,WWOX,2.6024680137634277,145,L,D,WWOX,A
2903,ThermoMPNN,WWOX,2.277604341506958,145,L,E,WWOX,A
2904,ThermoMPNN,WWOX,0.9162384271621704,145,L,F,WWOX,A
2905,ThermoMPNN,WWOX,2.2921741008758545,145,L,G,WWOX,A
2906,ThermoMPNN,WWOX,2.099386692047119,145,L,H,WWOX,A
2907,ThermoMPNN,WWOX,1.0575711727142334,145,L,I,WWOX,A
2908,ThermoMPNN,WWOX,2.1043803691864014,145,L,K,WWOX,A
2909,ThermoMPNN,WWOX,0.0,145,L,L,WWOX,A
2910,ThermoMPNN,WWOX,0.6341531276702881,145,L,M,WWOX,A
2911,ThermoMPNN,WWOX,2.3581912517547607,145,L,N,WWOX,A
2912,ThermoMPNN,WWOX,3.0123987197875977,145,L,P,WWOX,A
2913,ThermoMPNN,WWOX,2.009502649307251,145,L,Q,WWOX,A
2914,ThermoMPNN,WWOX,2.107637405395508,145,L,R,WWOX,A
2915,ThermoMPNN,WWOX,2.1344947814941406,145,L,S,WWOX,A
2916,ThermoMPNN,WWOX,1.9623761177062988,145,L,T,WWOX,A
2917,ThermoMPNN,WWOX,1.6073429584503174,145,L,V,WWOX,A
2918,ThermoMPNN,WWOX,1.2676715850830078,145,L,W,WWOX,A
2919,ThermoMPNN,WWOX,1.3924927711486816,145,L,Y,WWOX,A
2920,ThermoMPNN,WWOX,0.20773863792419434,146,H,A,WWOX,A
2921,ThermoMPNN,WWOX,0.15807151794433594,146,H,C,WWOX,A
2922,ThermoMPNN,WWOX,1.523840069770813,146,H,D,WWOX,A
2923,ThermoMPNN,WWOX,1.6506469249725342,146,H,E,WWOX,A
2924,ThermoMPNN,WWOX,0.5491049885749817,146,H,F,WWOX,A
2925,ThermoMPNN,WWOX,1.1986949443817139,146,H,G,WWOX,A
2926,ThermoMPNN,WWOX,0.0,146,H,H,WWOX,A
2927,ThermoMPNN,WWOX,1.246138334274292,146,H,I,WWOX,A
2928,ThermoMPNN,WWOX,1.126983642578125,146,H,K,WWOX,A
2929,ThermoMPNN,WWOX,1.073428750038147,146,H,L,WWOX,A
2930,ThermoMPNN,WWOX,0.6650635600090027,146,H,M,WWOX,A
2931,ThermoMPNN,WWOX,0.42191338539123535,146,H,N,WWOX,A
2932,ThermoMPNN,WWOX,2.002676486968994,146,H,P,WWOX,A
2933,ThermoMPNN,WWOX,0.9521801471710205,146,H,Q,WWOX,A
2934,ThermoMPNN,WWOX,0.7207943797111511,146,H,R,WWOX,A
2935,ThermoMPNN,WWOX,0.13822603225708008,146,H,S,WWOX,A
2936,ThermoMPNN,WWOX,0.63299959897995,146,H,T,WWOX,A
2937,ThermoMPNN,WWOX,1.095778465270996,146,H,V,WWOX,A
2938,ThermoMPNN,WWOX,0.5374825596809387,146,H,W,WWOX,A
2939,ThermoMPNN,WWOX,0.3384784460067749,146,H,Y,WWOX,A
2940,ThermoMPNN,WWOX,2.408203601837158,147,G,A,WWOX,A
2941,ThermoMPNN,WWOX,1.4653452634811401,147,G,C,WWOX,A
2942,ThermoMPNN,WWOX,2.7116823196411133,147,G,D,WWOX,A
2943,ThermoMPNN,WWOX,2.9705862998962402,147,G,E,WWOX,A
2944,ThermoMPNN,WWOX,2.042264461517334,147,G,F,WWOX,A
2945,ThermoMPNN,WWOX,0.0,147,G,G,WWOX,A
2946,ThermoMPNN,WWOX,2.261519193649292,147,G,H,WWOX,A
2947,ThermoMPNN,WWOX,2.793219804763794,147,G,I,WWOX,A
2948,ThermoMPNN,WWOX,2.52370285987854,147,G,K,WWOX,A
2949,ThermoMPNN,WWOX,2.1375765800476074,147,G,L,WWOX,A
2950,ThermoMPNN,WWOX,2.1524858474731445,147,G,M,WWOX,A
2951,ThermoMPNN,WWOX,2.219947338104248,147,G,N,WWOX,A
2952,ThermoMPNN,WWOX,3.5161614418029785,147,G,P,WWOX,A
2953,ThermoMPNN,WWOX,2.3860905170440674,147,G,Q,WWOX,A
2954,ThermoMPNN,WWOX,2.6846635341644287,147,G,R,WWOX,A
2955,ThermoMPNN,WWOX,2.4173221588134766,147,G,S,WWOX,A
2956,ThermoMPNN,WWOX,2.6305994987487793,147,G,T,WWOX,A
2957,ThermoMPNN,WWOX,2.662576198577881,147,G,V,WWOX,A
2958,ThermoMPNN,WWOX,2.395380735397339,147,G,W,WWOX,A
2959,ThermoMPNN,WWOX,2.308812141418457,147,G,Y,WWOX,A
2960,ThermoMPNN,WWOX,0.0,148,A,A,WWOX,A
2961,ThermoMPNN,WWOX,1.0323082208633423,148,A,C,WWOX,A
2962,ThermoMPNN,WWOX,2.881652593612671,148,A,D,WWOX,A
2963,ThermoMPNN,WWOX,2.822934150695801,148,A,E,WWOX,A
2964,ThermoMPNN,WWOX,1.6106470823287964,148,A,F,WWOX,A
2965,ThermoMPNN,WWOX,2.1469919681549072,148,A,G,WWOX,A
2966,ThermoMPNN,WWOX,2.4209747314453125,148,A,H,WWOX,A
2967,ThermoMPNN,WWOX,1.813398838043213,148,A,I,WWOX,A
2968,ThermoMPNN,WWOX,2.6540379524230957,148,A,K,WWOX,A
2969,ThermoMPNN,WWOX,1.5994868278503418,148,A,L,WWOX,A
2970,ThermoMPNN,WWOX,1.7070863246917725,148,A,M,WWOX,A
2971,ThermoMPNN,WWOX,2.6994946002960205,148,A,N,WWOX,A
2972,ThermoMPNN,WWOX,2.606820583343506,148,A,P,WWOX,A
2973,ThermoMPNN,WWOX,2.755016326904297,148,A,Q,WWOX,A
2974,ThermoMPNN,WWOX,2.591780185699463,148,A,R,WWOX,A
2975,ThermoMPNN,WWOX,1.8467060327529907,148,A,S,WWOX,A
2976,ThermoMPNN,WWOX,2.366896629333496,148,A,T,WWOX,A
2977,ThermoMPNN,WWOX,1.462585687637329,148,A,V,WWOX,A
2978,ThermoMPNN,WWOX,1.6232249736785889,148,A,W,WWOX,A
2979,ThermoMPNN,WWOX,1.6660809516906738,148,A,Y,WWOX,A
2980,ThermoMPNN,WWOX,0.9038248658180237,149,H,A,WWOX,A
2981,ThermoMPNN,WWOX,-0.15932703018188477,149,H,C,WWOX,A
2982,ThermoMPNN,WWOX,1.2151787281036377,149,H,D,WWOX,A
2983,ThermoMPNN,WWOX,0.9023016095161438,149,H,E,WWOX,A
2984,ThermoMPNN,WWOX,-0.3876655101776123,149,H,F,WWOX,A
2985,ThermoMPNN,WWOX,1.7818214893341064,149,H,G,WWOX,A
2986,ThermoMPNN,WWOX,0.0,149,H,H,WWOX,A
2987,ThermoMPNN,WWOX,0.6200853586196899,149,H,I,WWOX,A
2988,ThermoMPNN,WWOX,1.0884150266647339,149,H,K,WWOX,A
2989,ThermoMPNN,WWOX,0.40472644567489624,149,H,L,WWOX,A
2990,ThermoMPNN,WWOX,0.3037513494491577,149,H,M,WWOX,A
2991,ThermoMPNN,WWOX,0.8468653559684753,149,H,N,WWOX,A
2992,ThermoMPNN,WWOX,2.6042542457580566,149,H,P,WWOX,A
2993,ThermoMPNN,WWOX,0.8817461729049683,149,H,Q,WWOX,A
2994,ThermoMPNN,WWOX,0.6161998510360718,149,H,R,WWOX,A
2995,ThermoMPNN,WWOX,0.5611215829849243,149,H,S,WWOX,A
2996,ThermoMPNN,WWOX,0.3143068552017212,149,H,T,WWOX,A
2997,ThermoMPNN,WWOX,0.68889319896698,149,H,V,WWOX,A
2998,ThermoMPNN,WWOX,-0.6953763961791992,149,H,W,WWOX,A
2999,ThermoMPNN,WWOX,-0.7128376960754395,149,H,Y,WWOX,A
3000,ThermoMPNN,WWOX,1.953011393547058,150,V,A,WWOX,A
3001,ThermoMPNN,WWOX,1.1387768983840942,150,V,C,WWOX,A
3002,ThermoMPNN,WWOX,2.8369596004486084,150,V,D,WWOX,A
3003,ThermoMPNN,WWOX,2.6486499309539795,150,V,E,WWOX,A
3004,ThermoMPNN,WWOX,1.604259729385376,150,V,F,WWOX,A
3005,ThermoMPNN,WWOX,2.5208804607391357,150,V,G,WWOX,A
3006,ThermoMPNN,WWOX,2.666196823120117,150,V,H,WWOX,A
3007,ThermoMPNN,WWOX,0.3501620292663574,150,V,I,WWOX,A
3008,ThermoMPNN,WWOX,2.669029474258423,150,V,K,WWOX,A
3009,ThermoMPNN,WWOX,0.5720546245574951,150,V,L,WWOX,A
3010,ThermoMPNN,WWOX,1.2012159824371338,150,V,M,WWOX,A
3011,ThermoMPNN,WWOX,2.7490575313568115,150,V,N,WWOX,A
3012,ThermoMPNN,WWOX,2.6188151836395264,150,V,P,WWOX,A
3013,ThermoMPNN,WWOX,2.6159350872039795,150,V,Q,WWOX,A
3014,ThermoMPNN,WWOX,2.604491710662842,150,V,R,WWOX,A
3015,ThermoMPNN,WWOX,2.6664938926696777,150,V,S,WWOX,A
3016,ThermoMPNN,WWOX,1.957707405090332,150,V,T,WWOX,A
3017,ThermoMPNN,WWOX,0.0,150,V,V,WWOX,A
3018,ThermoMPNN,WWOX,2.0530478954315186,150,V,W,WWOX,A
3019,ThermoMPNN,WWOX,2.1529486179351807,150,V,Y,WWOX,A
3020,ThermoMPNN,WWOX,1.8911393880844116,151,I,A,WWOX,A
3021,ThermoMPNN,WWOX,1.0679059028625488,151,I,C,WWOX,A
3022,ThermoMPNN,WWOX,2.884838581085205,151,I,D,WWOX,A
3023,ThermoMPNN,WWOX,2.523920774459839,151,I,E,WWOX,A
3024,ThermoMPNN,WWOX,0.7660596370697021,151,I,F,WWOX,A
3025,ThermoMPNN,WWOX,2.7843003273010254,151,I,G,WWOX,A
3026,ThermoMPNN,WWOX,1.9153437614440918,151,I,H,WWOX,A
3027,ThermoMPNN,WWOX,0.0,151,I,I,WWOX,A
3028,ThermoMPNN,WWOX,2.237791061401367,151,I,K,WWOX,A
3029,ThermoMPNN,WWOX,0.8624721765518188,151,I,L,WWOX,A
3030,ThermoMPNN,WWOX,1.2603410482406616,151,I,M,WWOX,A
3031,ThermoMPNN,WWOX,2.5557289123535156,151,I,N,WWOX,A
3032,ThermoMPNN,WWOX,2.6267080307006836,151,I,P,WWOX,A
3033,ThermoMPNN,WWOX,2.285163402557373,151,I,Q,WWOX,A
3034,ThermoMPNN,WWOX,2.2908971309661865,151,I,R,WWOX,A
3035,ThermoMPNN,WWOX,2.249781608581543,151,I,S,WWOX,A
3036,ThermoMPNN,WWOX,1.6582517623901367,151,I,T,WWOX,A
3037,ThermoMPNN,WWOX,0.4904215335845947,151,I,V,WWOX,A
3038,ThermoMPNN,WWOX,1.0868080854415894,151,I,W,WWOX,A
3039,ThermoMPNN,WWOX,0.8930625915527344,151,I,Y,WWOX,A
3040,ThermoMPNN,WWOX,1.959572434425354,152,L,A,WWOX,A
3041,ThermoMPNN,WWOX,0.9813745021820068,152,L,C,WWOX,A
3042,ThermoMPNN,WWOX,3.127958059310913,152,L,D,WWOX,A
3043,ThermoMPNN,WWOX,2.8209731578826904,152,L,E,WWOX,A
3044,ThermoMPNN,WWOX,1.5609889030456543,152,L,F,WWOX,A
3045,ThermoMPNN,WWOX,2.3321726322174072,152,L,G,WWOX,A
3046,ThermoMPNN,WWOX,2.5539767742156982,152,L,H,WWOX,A
3047,ThermoMPNN,WWOX,0.6095881462097168,152,L,I,WWOX,A
3048,ThermoMPNN,WWOX,2.5068020820617676,152,L,K,WWOX,A
3049,ThermoMPNN,WWOX,0.0,152,L,L,WWOX,A
3050,ThermoMPNN,WWOX,0.9816069602966309,152,L,M,WWOX,A
3051,ThermoMPNN,WWOX,2.407182216644287,152,L,N,WWOX,A
3052,ThermoMPNN,WWOX,3.0345380306243896,152,L,P,WWOX,A
3053,ThermoMPNN,WWOX,2.7005181312561035,152,L,Q,WWOX,A
3054,ThermoMPNN,WWOX,2.658771276473999,152,L,R,WWOX,A
3055,ThermoMPNN,WWOX,2.6210052967071533,152,L,S,WWOX,A
3056,ThermoMPNN,WWOX,2.460397481918335,152,L,T,WWOX,A
3057,ThermoMPNN,WWOX,0.9357106685638428,152,L,V,WWOX,A
3058,ThermoMPNN,WWOX,2.1841230392456055,152,L,W,WWOX,A
3059,ThermoMPNN,WWOX,2.0590362548828125,152,L,Y,WWOX,A
3060,ThermoMPNN,WWOX,0.0,153,A,A,WWOX,A
3061,ThermoMPNN,WWOX,1.0534672737121582,153,A,C,WWOX,A
3062,ThermoMPNN,WWOX,3.1211705207824707,153,A,D,WWOX,A
3063,ThermoMPNN,WWOX,3.267580986022949,153,A,E,WWOX,A
3064,ThermoMPNN,WWOX,1.5622010231018066,153,A,F,WWOX,A
3065,ThermoMPNN,WWOX,1.2140535116195679,153,A,G,WWOX,A
3066,ThermoMPNN,WWOX,2.717519521713257,153,A,H,WWOX,A
3067,ThermoMPNN,WWOX,1.587119698524475,153,A,I,WWOX,A
3068,ThermoMPNN,WWOX,2.8339855670928955,153,A,K,WWOX,A
3069,ThermoMPNN,WWOX,1.6180205345153809,153,A,L,WWOX,A
3070,ThermoMPNN,WWOX,1.6890404224395752,153,A,M,WWOX,A
3071,ThermoMPNN,WWOX,3.0194473266601562,153,A,N,WWOX,A
3072,ThermoMPNN,WWOX,2.8955907821655273,153,A,P,WWOX,A
3073,ThermoMPNN,WWOX,2.935898542404175,153,A,Q,WWOX,A
3074,ThermoMPNN,WWOX,2.7222743034362793,153,A,R,WWOX,A
3075,ThermoMPNN,WWOX,1.823934555053711,153,A,S,WWOX,A
3076,ThermoMPNN,WWOX,2.3326003551483154,153,A,T,WWOX,A
3077,ThermoMPNN,WWOX,1.3960747718811035,153,A,V,WWOX,A
3078,ThermoMPNN,WWOX,1.5571998357772827,153,A,W,WWOX,A
3079,ThermoMPNN,WWOX,1.8245599269866943,153,A,Y,WWOX,A
3080,ThermoMPNN,WWOX,0.28200799226760864,154,C,A,WWOX,A
3081,ThermoMPNN,WWOX,0.0,154,C,C,WWOX,A
3082,ThermoMPNN,WWOX,-0.31673669815063477,154,C,D,WWOX,A
3083,ThermoMPNN,WWOX,0.14038634300231934,154,C,E,WWOX,A
3084,ThermoMPNN,WWOX,0.9617034792900085,154,C,F,WWOX,A
3085,ThermoMPNN,WWOX,1.1845529079437256,154,C,G,WWOX,A
3086,ThermoMPNN,WWOX,0.5304586887359619,154,C,H,WWOX,A
3087,ThermoMPNN,WWOX,0.6028972864151001,154,C,I,WWOX,A
3088,ThermoMPNN,WWOX,1.1925501823425293,154,C,K,WWOX,A
3089,ThermoMPNN,WWOX,0.38486361503601074,154,C,L,WWOX,A
3090,ThermoMPNN,WWOX,0.3251572251319885,154,C,M,WWOX,A
3091,ThermoMPNN,WWOX,-0.07605636119842529,154,C,N,WWOX,A
3092,ThermoMPNN,WWOX,2.537440061569214,154,C,P,WWOX,A
3093,ThermoMPNN,WWOX,0.5697293281555176,154,C,Q,WWOX,A
3094,ThermoMPNN,WWOX,1.006050944328308,154,C,R,WWOX,A
3095,ThermoMPNN,WWOX,0.07203114032745361,154,C,S,WWOX,A
3096,ThermoMPNN,WWOX,0.4894654154777527,154,C,T,WWOX,A
3097,ThermoMPNN,WWOX,0.27658528089523315,154,C,V,WWOX,A
3098,ThermoMPNN,WWOX,0.8124362230300903,154,C,W,WWOX,A
3099,ThermoMPNN,WWOX,0.9656660556793213,154,C,Y,WWOX,A
3100,ThermoMPNN,WWOX,1.5116019248962402,155,R,A,WWOX,A
3101,ThermoMPNN,WWOX,1.284319519996643,155,R,C,WWOX,A
3102,ThermoMPNN,WWOX,2.417518377304077,155,R,D,WWOX,A
3103,ThermoMPNN,WWOX,2.319275379180908,155,R,E,WWOX,A
3104,ThermoMPNN,WWOX,1.4254872798919678,155,R,F,WWOX,A
3105,ThermoMPNN,WWOX,2.089845657348633,155,R,G,WWOX,A
3106,ThermoMPNN,WWOX,1.229292392730713,155,R,H,WWOX,A
3107,ThermoMPNN,WWOX,1.3643536567687988,155,R,I,WWOX,A
3108,ThermoMPNN,WWOX,0.4089531898498535,155,R,K,WWOX,A
3109,ThermoMPNN,WWOX,1.4727048873901367,155,R,L,WWOX,A
3110,ThermoMPNN,WWOX,1.3706477880477905,155,R,M,WWOX,A
3111,ThermoMPNN,WWOX,1.664414405822754,155,R,N,WWOX,A
3112,ThermoMPNN,WWOX,1.6421394348144531,155,R,P,WWOX,A
3113,ThermoMPNN,WWOX,1.5442081689834595,155,R,Q,WWOX,A
3114,ThermoMPNN,WWOX,0.0,155,R,R,WWOX,A
3115,ThermoMPNN,WWOX,1.6325454711914062,155,R,S,WWOX,A
3116,ThermoMPNN,WWOX,1.9058440923690796,155,R,T,WWOX,A
3117,ThermoMPNN,WWOX,1.8224693536758423,155,R,V,WWOX,A
3118,ThermoMPNN,WWOX,1.3236525058746338,155,R,W,WWOX,A
3119,ThermoMPNN,WWOX,1.259179949760437,155,R,Y,WWOX,A
3120,ThermoMPNN,WWOX,1.0568467378616333,156,N,A,WWOX,A
3121,ThermoMPNN,WWOX,0.4292556047439575,156,N,C,WWOX,A
3122,ThermoMPNN,WWOX,0.16959452629089355,156,N,D,WWOX,A
3123,ThermoMPNN,WWOX,0.7221004962921143,156,N,E,WWOX,A
3124,ThermoMPNN,WWOX,1.0010186433792114,156,N,F,WWOX,A
3125,ThermoMPNN,WWOX,1.4889795780181885,156,N,G,WWOX,A
3126,ThermoMPNN,WWOX,0.5970773100852966,156,N,H,WWOX,A
3127,ThermoMPNN,WWOX,1.040187120437622,156,N,I,WWOX,A
3128,ThermoMPNN,WWOX,1.2390427589416504,156,N,K,WWOX,A
3129,ThermoMPNN,WWOX,0.892953097820282,156,N,L,WWOX,A
3130,ThermoMPNN,WWOX,1.1473535299301147,156,N,M,WWOX,A
3131,ThermoMPNN,WWOX,0.0,156,N,N,WWOX,A
3132,ThermoMPNN,WWOX,1.626371145248413,156,N,P,WWOX,A
3133,ThermoMPNN,WWOX,1.0772409439086914,156,N,Q,WWOX,A
3134,ThermoMPNN,WWOX,1.1536376476287842,156,N,R,WWOX,A
3135,ThermoMPNN,WWOX,0.6057947278022766,156,N,S,WWOX,A
3136,ThermoMPNN,WWOX,0.7620466947555542,156,N,T,WWOX,A
3137,ThermoMPNN,WWOX,0.7034547328948975,156,N,V,WWOX,A
3138,ThermoMPNN,WWOX,0.910675048828125,156,N,W,WWOX,A
3139,ThermoMPNN,WWOX,0.86332106590271,156,N,Y,WWOX,A
3140,ThermoMPNN,WWOX,0.9950374364852905,157,M,A,WWOX,A
3141,ThermoMPNN,WWOX,0.5107161402702332,157,M,C,WWOX,A
3142,ThermoMPNN,WWOX,1.4896652698516846,157,M,D,WWOX,A
3143,ThermoMPNN,WWOX,1.206334114074707,157,M,E,WWOX,A
3144,ThermoMPNN,WWOX,0.09570527076721191,157,M,F,WWOX,A
3145,ThermoMPNN,WWOX,1.3726551532745361,157,M,G,WWOX,A
3146,ThermoMPNN,WWOX,1.0748584270477295,157,M,H,WWOX,A
3147,ThermoMPNN,WWOX,0.08179938793182373,157,M,I,WWOX,A
3148,ThermoMPNN,WWOX,1.2540316581726074,157,M,K,WWOX,A
3149,ThermoMPNN,WWOX,0.11672663688659668,157,M,L,WWOX,A
3150,ThermoMPNN,WWOX,0.0,157,M,M,WWOX,A
3151,ThermoMPNN,WWOX,1.4592764377593994,157,M,N,WWOX,A
3152,ThermoMPNN,WWOX,1.132028341293335,157,M,P,WWOX,A
3153,ThermoMPNN,WWOX,1.0950288772583008,157,M,Q,WWOX,A
3154,ThermoMPNN,WWOX,1.1207892894744873,157,M,R,WWOX,A
3155,ThermoMPNN,WWOX,1.3642382621765137,157,M,S,WWOX,A
3156,ThermoMPNN,WWOX,1.3063708543777466,157,M,T,WWOX,A
3157,ThermoMPNN,WWOX,0.6028777360916138,157,M,V,WWOX,A
3158,ThermoMPNN,WWOX,0.5657529830932617,157,M,W,WWOX,A
3159,ThermoMPNN,WWOX,0.5118708610534668,157,M,Y,WWOX,A
3160,ThermoMPNN,WWOX,0.0,158,A,A,WWOX,A
3161,ThermoMPNN,WWOX,0.007397055625915527,158,A,C,WWOX,A
3162,ThermoMPNN,WWOX,0.16925466060638428,158,A,D,WWOX,A
3163,ThermoMPNN,WWOX,0.006122887134552002,158,A,E,WWOX,A
3164,ThermoMPNN,WWOX,0.20136135816574097,158,A,F,WWOX,A
3165,ThermoMPNN,WWOX,0.3867538571357727,158,A,G,WWOX,A
3166,ThermoMPNN,WWOX,0.13450860977172852,158,A,H,WWOX,A
3167,ThermoMPNN,WWOX,0.047043681144714355,158,A,I,WWOX,A
3168,ThermoMPNN,WWOX,0.06451553106307983,158,A,K,WWOX,A
3169,ThermoMPNN,WWOX,0.07718980312347412,158,A,L,WWOX,A
3170,ThermoMPNN,WWOX,0.1934937834739685,158,A,M,WWOX,A
3171,ThermoMPNN,WWOX,0.24874389171600342,158,A,N,WWOX,A
3172,ThermoMPNN,WWOX,0.7211640477180481,158,A,P,WWOX,A
3173,ThermoMPNN,WWOX,0.12215739488601685,158,A,Q,WWOX,A
3174,ThermoMPNN,WWOX,0.031718432903289795,158,A,R,WWOX,A
3175,ThermoMPNN,WWOX,0.14098471403121948,158,A,S,WWOX,A
3176,ThermoMPNN,WWOX,0.14383000135421753,158,A,T,WWOX,A
3177,ThermoMPNN,WWOX,0.042799293994903564,158,A,V,WWOX,A
3178,ThermoMPNN,WWOX,0.11820715665817261,158,A,W,WWOX,A
3179,ThermoMPNN,WWOX,0.1396840214729309,158,A,Y,WWOX,A
3180,ThermoMPNN,WWOX,0.21561932563781738,159,R,A,WWOX,A
3181,ThermoMPNN,WWOX,0.2884916663169861,159,R,C,WWOX,A
3182,ThermoMPNN,WWOX,0.8673208355903625,159,R,D,WWOX,A
3183,ThermoMPNN,WWOX,0.5897011160850525,159,R,E,WWOX,A
3184,ThermoMPNN,WWOX,0.44818007946014404,159,R,F,WWOX,A
3185,ThermoMPNN,WWOX,0.9356911182403564,159,R,G,WWOX,A
3186,ThermoMPNN,WWOX,0.43226099014282227,159,R,H,WWOX,A
3187,ThermoMPNN,WWOX,0.35907334089279175,159,R,I,WWOX,A
3188,ThermoMPNN,WWOX,0.07431089878082275,159,R,K,WWOX,A
3189,ThermoMPNN,WWOX,0.12233591079711914,159,R,L,WWOX,A
3190,ThermoMPNN,WWOX,0.32032859325408936,159,R,M,WWOX,A
3191,ThermoMPNN,WWOX,0.44466572999954224,159,R,N,WWOX,A
3192,ThermoMPNN,WWOX,1.4445931911468506,159,R,P,WWOX,A
3193,ThermoMPNN,WWOX,0.46173566579818726,159,R,Q,WWOX,A
3194,ThermoMPNN,WWOX,0.0,159,R,R,WWOX,A
3195,ThermoMPNN,WWOX,0.48113852739334106,159,R,S,WWOX,A
3196,ThermoMPNN,WWOX,0.652130663394928,159,R,T,WWOX,A
3197,ThermoMPNN,WWOX,0.6366395950317383,159,R,V,WWOX,A
3198,ThermoMPNN,WWOX,0.5371402502059937,159,R,W,WWOX,A
3199,ThermoMPNN,WWOX,0.4032154083251953,159,R,Y,WWOX,A
3200,ThermoMPNN,WWOX,0.0,160,A,A,WWOX,A
3201,ThermoMPNN,WWOX,0.2494640350341797,160,A,C,WWOX,A
3202,ThermoMPNN,WWOX,1.73262619972229,160,A,D,WWOX,A
3203,ThermoMPNN,WWOX,1.6335502862930298,160,A,E,WWOX,A
3204,ThermoMPNN,WWOX,0.4714634418487549,160,A,F,WWOX,A
3205,ThermoMPNN,WWOX,1.0083175897598267,160,A,G,WWOX,A
3206,ThermoMPNN,WWOX,1.1408621072769165,160,A,H,WWOX,A
3207,ThermoMPNN,WWOX,0.5246849656105042,160,A,I,WWOX,A
3208,ThermoMPNN,WWOX,1.4082140922546387,160,A,K,WWOX,A
3209,ThermoMPNN,WWOX,0.06964683532714844,160,A,L,WWOX,A
3210,ThermoMPNN,WWOX,0.3489346504211426,160,A,M,WWOX,A
3211,ThermoMPNN,WWOX,1.400538682937622,160,A,N,WWOX,A
3212,ThermoMPNN,WWOX,1.908942699432373,160,A,P,WWOX,A
3213,ThermoMPNN,WWOX,1.3664093017578125,160,A,Q,WWOX,A
3214,ThermoMPNN,WWOX,1.413917064666748,160,A,R,WWOX,A
3215,ThermoMPNN,WWOX,0.8973419070243835,160,A,S,WWOX,A
3216,ThermoMPNN,WWOX,0.8945455551147461,160,A,T,WWOX,A
3217,ThermoMPNN,WWOX,0.7013216018676758,160,A,V,WWOX,A
3218,ThermoMPNN,WWOX,0.6538735032081604,160,A,W,WWOX,A
3219,ThermoMPNN,WWOX,0.5415377020835876,160,A,Y,WWOX,A
3220,ThermoMPNN,WWOX,-0.3134940564632416,161,S,A,WWOX,A
3221,ThermoMPNN,WWOX,-0.6920062303543091,161,S,C,WWOX,A
3222,ThermoMPNN,WWOX,0.21563312411308289,161,S,D,WWOX,A
3223,ThermoMPNN,WWOX,-0.2693471610546112,161,S,E,WWOX,A
3224,ThermoMPNN,WWOX,-0.43770137429237366,161,S,F,WWOX,A
3225,ThermoMPNN,WWOX,0.4895360767841339,161,S,G,WWOX,A
3226,ThermoMPNN,WWOX,-0.48261377215385437,161,S,H,WWOX,A
3227,ThermoMPNN,WWOX,-0.39160171151161194,161,S,I,WWOX,A
3228,ThermoMPNN,WWOX,-0.6951403617858887,161,S,K,WWOX,A
3229,ThermoMPNN,WWOX,-0.6865178346633911,161,S,L,WWOX,A
3230,ThermoMPNN,WWOX,-0.7132079601287842,161,S,M,WWOX,A
3231,ThermoMPNN,WWOX,-0.2806832492351532,161,S,N,WWOX,A
3232,ThermoMPNN,WWOX,2.3484177589416504,161,S,P,WWOX,A
3233,ThermoMPNN,WWOX,-0.5575484037399292,161,S,Q,WWOX,A
3234,ThermoMPNN,WWOX,-0.8471693992614746,161,S,R,WWOX,A
3235,ThermoMPNN,WWOX,0.0,161,S,S,WWOX,A
3236,ThermoMPNN,WWOX,-0.18311521410942078,161,S,T,WWOX,A
3237,ThermoMPNN,WWOX,-0.26802077889442444,161,S,V,WWOX,A
3238,ThermoMPNN,WWOX,-0.36178311705589294,161,S,W,WWOX,A
3239,ThermoMPNN,WWOX,-0.4670708477497101,161,S,Y,WWOX,A
3240,ThermoMPNN,WWOX,0.051508188247680664,162,E,A,WWOX,A
3241,ThermoMPNN,WWOX,0.029582858085632324,162,E,C,WWOX,A
3242,ThermoMPNN,WWOX,0.37398624420166016,162,E,D,WWOX,A
3243,ThermoMPNN,WWOX,0.0,162,E,E,WWOX,A
3244,ThermoMPNN,WWOX,0.48037999868392944,162,E,F,WWOX,A
3245,ThermoMPNN,WWOX,0.8601310849189758,162,E,G,WWOX,A
3246,ThermoMPNN,WWOX,0.5277943015098572,162,E,H,WWOX,A
3247,ThermoMPNN,WWOX,0.2645254135131836,162,E,I,WWOX,A
3248,ThermoMPNN,WWOX,0.28386634588241577,162,E,K,WWOX,A
3249,ThermoMPNN,WWOX,0.1603296995162964,162,E,L,WWOX,A
3250,ThermoMPNN,WWOX,0.20470458269119263,162,E,M,WWOX,A
3251,ThermoMPNN,WWOX,0.47507452964782715,162,E,N,WWOX,A
3252,ThermoMPNN,WWOX,2.492405891418457,162,E,P,WWOX,A
3253,ThermoMPNN,WWOX,0.23544561862945557,162,E,Q,WWOX,A
3254,ThermoMPNN,WWOX,0.2392737865447998,162,E,R,WWOX,A
3255,ThermoMPNN,WWOX,0.3976101875305176,162,E,S,WWOX,A
3256,ThermoMPNN,WWOX,0.5589420795440674,162,E,T,WWOX,A
3257,ThermoMPNN,WWOX,0.40341490507125854,162,E,V,WWOX,A
3258,ThermoMPNN,WWOX,0.3725590109825134,162,E,W,WWOX,A
3259,ThermoMPNN,WWOX,0.4761388897895813,162,E,Y,WWOX,A
3260,ThermoMPNN,WWOX,0.0,163,A,A,WWOX,A
3261,ThermoMPNN,WWOX,0.801264762878418,163,A,C,WWOX,A
3262,ThermoMPNN,WWOX,2.187359094619751,163,A,D,WWOX,A
3263,ThermoMPNN,WWOX,1.8709169626235962,163,A,E,WWOX,A
3264,ThermoMPNN,WWOX,0.989793062210083,163,A,F,WWOX,A
3265,ThermoMPNN,WWOX,1.7311981916427612,163,A,G,WWOX,A
3266,ThermoMPNN,WWOX,1.6291372776031494,163,A,H,WWOX,A
3267,ThermoMPNN,WWOX,1.1618342399597168,163,A,I,WWOX,A
3268,ThermoMPNN,WWOX,1.765136480331421,163,A,K,WWOX,A
3269,ThermoMPNN,WWOX,1.1000380516052246,163,A,L,WWOX,A
3270,ThermoMPNN,WWOX,1.1357117891311646,163,A,M,WWOX,A
3271,ThermoMPNN,WWOX,1.9327187538146973,163,A,N,WWOX,A
3272,ThermoMPNN,WWOX,2.1812751293182373,163,A,P,WWOX,A
3273,ThermoMPNN,WWOX,1.8461780548095703,163,A,Q,WWOX,A
3274,ThermoMPNN,WWOX,1.7588310241699219,163,A,R,WWOX,A
3275,ThermoMPNN,WWOX,1.3023643493652344,163,A,S,WWOX,A
3276,ThermoMPNN,WWOX,1.6453850269317627,163,A,T,WWOX,A
3277,ThermoMPNN,WWOX,0.9518401622772217,163,A,V,WWOX,A
3278,ThermoMPNN,WWOX,0.9384720325469971,163,A,W,WWOX,A
3279,ThermoMPNN,WWOX,0.945794939994812,163,A,Y,WWOX,A
3280,ThermoMPNN,WWOX,1.352252721786499,164,V,A,WWOX,A
3281,ThermoMPNN,WWOX,0.6978425979614258,164,V,C,WWOX,A
3282,ThermoMPNN,WWOX,2.606837511062622,164,V,D,WWOX,A
3283,ThermoMPNN,WWOX,2.0577239990234375,164,V,E,WWOX,A
3284,ThermoMPNN,WWOX,0.9471151232719421,164,V,F,WWOX,A
3285,ThermoMPNN,WWOX,2.039658546447754,164,V,G,WWOX,A
3286,ThermoMPNN,WWOX,1.698704719543457,164,V,H,WWOX,A
3287,ThermoMPNN,WWOX,0.05126166343688965,164,V,I,WWOX,A
3288,ThermoMPNN,WWOX,1.1885395050048828,164,V,K,WWOX,A
3289,ThermoMPNN,WWOX,-0.014492988586425781,164,V,L,WWOX,A
3290,ThermoMPNN,WWOX,0.5851653814315796,164,V,M,WWOX,A
3291,ThermoMPNN,WWOX,2.0913493633270264,164,V,N,WWOX,A
3292,ThermoMPNN,WWOX,2.271888256072998,164,V,P,WWOX,A
3293,ThermoMPNN,WWOX,1.5082900524139404,164,V,Q,WWOX,A
3294,ThermoMPNN,WWOX,1.1707082986831665,164,V,R,WWOX,A
3295,ThermoMPNN,WWOX,1.7744828462600708,164,V,S,WWOX,A
3296,ThermoMPNN,WWOX,1.3514065742492676,164,V,T,WWOX,A
3297,ThermoMPNN,WWOX,0.0,164,V,V,WWOX,A
3298,ThermoMPNN,WWOX,0.9999974966049194,164,V,W,WWOX,A
3299,ThermoMPNN,WWOX,1.083559274673462,164,V,Y,WWOX,A
3300,ThermoMPNN,WWOX,-0.27446967363357544,165,S,A,WWOX,A
3301,ThermoMPNN,WWOX,-0.2092645764350891,165,S,C,WWOX,A
3302,ThermoMPNN,WWOX,0.3315143883228302,165,S,D,WWOX,A
3303,ThermoMPNN,WWOX,-0.005791604518890381,165,S,E,WWOX,A
3304,ThermoMPNN,WWOX,0.14864182472229004,165,S,F,WWOX,A
3305,ThermoMPNN,WWOX,0.5357577800750732,165,S,G,WWOX,A
3306,ThermoMPNN,WWOX,0.006537318229675293,165,S,H,WWOX,A
3307,ThermoMPNN,WWOX,-0.005356967449188232,165,S,I,WWOX,A
3308,ThermoMPNN,WWOX,-0.3994731307029724,165,S,K,WWOX,A
3309,ThermoMPNN,WWOX,-0.12363535165786743,165,S,L,WWOX,A
3310,ThermoMPNN,WWOX,-0.1750054955482483,165,S,M,WWOX,A
3311,ThermoMPNN,WWOX,-0.0050147175788879395,165,S,N,WWOX,A
3312,ThermoMPNN,WWOX,2.64697527885437,165,S,P,WWOX,A
3313,ThermoMPNN,WWOX,-0.24277621507644653,165,S,Q,WWOX,A
3314,ThermoMPNN,WWOX,-0.4800141453742981,165,S,R,WWOX,A
3315,ThermoMPNN,WWOX,0.0,165,S,S,WWOX,A
3316,ThermoMPNN,WWOX,0.178358793258667,165,S,T,WWOX,A
3317,ThermoMPNN,WWOX,0.16340768337249756,165,S,V,WWOX,A
3318,ThermoMPNN,WWOX,0.12546807527542114,165,S,W,WWOX,A
3319,ThermoMPNN,WWOX,0.09477078914642334,165,S,Y,WWOX,A
3320,ThermoMPNN,WWOX,0.3880484104156494,166,R,A,WWOX,A
3321,ThermoMPNN,WWOX,0.474595308303833,166,R,C,WWOX,A
3322,ThermoMPNN,WWOX,1.0324724912643433,166,R,D,WWOX,A
3323,ThermoMPNN,WWOX,0.7025993466377258,166,R,E,WWOX,A
3324,ThermoMPNN,WWOX,0.7940168976783752,166,R,F,WWOX,A
3325,ThermoMPNN,WWOX,1.1805278062820435,166,R,G,WWOX,A
3326,ThermoMPNN,WWOX,0.7966899275779724,166,R,H,WWOX,A
3327,ThermoMPNN,WWOX,0.5265683531761169,166,R,I,WWOX,A
3328,ThermoMPNN,WWOX,0.18869531154632568,166,R,K,WWOX,A
3329,ThermoMPNN,WWOX,0.29199957847595215,166,R,L,WWOX,A
3330,ThermoMPNN,WWOX,0.3599642515182495,166,R,M,WWOX,A
3331,ThermoMPNN,WWOX,0.7685306072235107,166,R,N,WWOX,A
3332,ThermoMPNN,WWOX,2.8670506477355957,166,R,P,WWOX,A
3333,ThermoMPNN,WWOX,0.46512508392333984,166,R,Q,WWOX,A
3334,ThermoMPNN,WWOX,0.0,166,R,R,WWOX,A
3335,ThermoMPNN,WWOX,0.6956218481063843,166,R,S,WWOX,A
3336,ThermoMPNN,WWOX,0.7847771644592285,166,R,T,WWOX,A
3337,ThermoMPNN,WWOX,0.7155252695083618,166,R,V,WWOX,A
3338,ThermoMPNN,WWOX,0.8061395287513733,166,R,W,WWOX,A
3339,ThermoMPNN,WWOX,0.8517031669616699,166,R,Y,WWOX,A
3340,ThermoMPNN,WWOX,1.9333066940307617,167,I,A,WWOX,A
3341,ThermoMPNN,WWOX,1.4812195301055908,167,I,C,WWOX,A
3342,ThermoMPNN,WWOX,2.793766498565674,167,I,D,WWOX,A
3343,ThermoMPNN,WWOX,2.7415456771850586,167,I,E,WWOX,A
3344,ThermoMPNN,WWOX,1.1982839107513428,167,I,F,WWOX,A
3345,ThermoMPNN,WWOX,2.595456838607788,167,I,G,WWOX,A
3346,ThermoMPNN,WWOX,2.269030809402466,167,I,H,WWOX,A
3347,ThermoMPNN,WWOX,0.0,167,I,I,WWOX,A
3348,ThermoMPNN,WWOX,2.2697408199310303,167,I,K,WWOX,A
3349,ThermoMPNN,WWOX,0.6309897899627686,167,I,L,WWOX,A
3350,ThermoMPNN,WWOX,1.1388518810272217,167,I,M,WWOX,A
3351,ThermoMPNN,WWOX,2.5248584747314453,167,I,N,WWOX,A
3352,ThermoMPNN,WWOX,2.580988645553589,167,I,P,WWOX,A
3353,ThermoMPNN,WWOX,2.420842170715332,167,I,Q,WWOX,A
3354,ThermoMPNN,WWOX,2.309394121170044,167,I,R,WWOX,A
3355,ThermoMPNN,WWOX,2.5980539321899414,167,I,S,WWOX,A
3356,ThermoMPNN,WWOX,2.2563328742980957,167,I,T,WWOX,A
3357,ThermoMPNN,WWOX,0.8970623016357422,167,I,V,WWOX,A
3358,ThermoMPNN,WWOX,1.6637426614761353,167,I,W,WWOX,A
3359,ThermoMPNN,WWOX,1.584766149520874,167,I,Y,WWOX,A
3360,ThermoMPNN,WWOX,1.9180731773376465,168,L,A,WWOX,A
3361,ThermoMPNN,WWOX,0.9452710151672363,168,L,C,WWOX,A
3362,ThermoMPNN,WWOX,3.1998002529144287,168,L,D,WWOX,A
3363,ThermoMPNN,WWOX,2.5182361602783203,168,L,E,WWOX,A
3364,ThermoMPNN,WWOX,1.258988380432129,168,L,F,WWOX,A
3365,ThermoMPNN,WWOX,2.4982242584228516,168,L,G,WWOX,A
3366,ThermoMPNN,WWOX,1.6468126773834229,168,L,H,WWOX,A
3367,ThermoMPNN,WWOX,0.4162147045135498,168,L,I,WWOX,A
3368,ThermoMPNN,WWOX,0.6800326108932495,168,L,K,WWOX,A
3369,ThermoMPNN,WWOX,0.0,168,L,L,WWOX,A
3370,ThermoMPNN,WWOX,0.7380205392837524,168,L,M,WWOX,A
3371,ThermoMPNN,WWOX,2.185213088989258,168,L,N,WWOX,A
3372,ThermoMPNN,WWOX,2.595317840576172,168,L,P,WWOX,A
3373,ThermoMPNN,WWOX,1.4010591506958008,168,L,Q,WWOX,A
3374,ThermoMPNN,WWOX,0.825503945350647,168,L,R,WWOX,A
3375,ThermoMPNN,WWOX,2.074561595916748,168,L,S,WWOX,A
3376,ThermoMPNN,WWOX,1.6128236055374146,168,L,T,WWOX,A
3377,ThermoMPNN,WWOX,0.968946099281311,168,L,V,WWOX,A
3378,ThermoMPNN,WWOX,1.4341681003570557,168,L,W,WWOX,A
3379,ThermoMPNN,WWOX,1.2995836734771729,168,L,Y,WWOX,A
3380,ThermoMPNN,WWOX,-0.27397972345352173,169,E,A,WWOX,A
3381,ThermoMPNN,WWOX,-0.17402499914169312,169,E,C,WWOX,A
3382,ThermoMPNN,WWOX,0.2125059962272644,169,E,D,WWOX,A
3383,ThermoMPNN,WWOX,0.0,169,E,E,WWOX,A
3384,ThermoMPNN,WWOX,0.23674577474594116,169,E,F,WWOX,A
3385,ThermoMPNN,WWOX,0.4434022307395935,169,E,G,WWOX,A
3386,ThermoMPNN,WWOX,0.15638631582260132,169,E,H,WWOX,A
3387,ThermoMPNN,WWOX,0.05203402042388916,169,E,I,WWOX,A
3388,ThermoMPNN,WWOX,-0.2759479880332947,169,E,K,WWOX,A
3389,ThermoMPNN,WWOX,-0.11808604001998901,169,E,L,WWOX,A
3390,ThermoMPNN,WWOX,-0.10677075386047363,169,E,M,WWOX,A
3391,ThermoMPNN,WWOX,0.01703888177871704,169,E,N,WWOX,A
3392,ThermoMPNN,WWOX,2.038379669189453,169,E,P,WWOX,A
3393,ThermoMPNN,WWOX,-0.08848446607589722,169,E,Q,WWOX,A
3394,ThermoMPNN,WWOX,-0.32148081064224243,169,E,R,WWOX,A
3395,ThermoMPNN,WWOX,-0.028132259845733643,169,E,S,WWOX,A
3396,ThermoMPNN,WWOX,0.22127294540405273,169,E,T,WWOX,A
3397,ThermoMPNN,WWOX,0.29572755098342896,169,E,V,WWOX,A
3398,ThermoMPNN,WWOX,0.20945149660110474,169,E,W,WWOX,A
3399,ThermoMPNN,WWOX,0.2356652021408081,169,E,Y,WWOX,A
3400,ThermoMPNN,WWOX,0.3872894048690796,170,E,A,WWOX,A
3401,ThermoMPNN,WWOX,0.010556697845458984,170,E,C,WWOX,A
3402,ThermoMPNN,WWOX,1.005134105682373,170,E,D,WWOX,A
3403,ThermoMPNN,WWOX,0.0,170,E,E,WWOX,A
3404,ThermoMPNN,WWOX,0.25530868768692017,170,E,F,WWOX,A
3405,ThermoMPNN,WWOX,0.9301937222480774,170,E,G,WWOX,A
3406,ThermoMPNN,WWOX,0.613025426864624,170,E,H,WWOX,A
3407,ThermoMPNN,WWOX,-0.3355379104614258,170,E,I,WWOX,A
3408,ThermoMPNN,WWOX,0.5898790955543518,170,E,K,WWOX,A
3409,ThermoMPNN,WWOX,-0.19144058227539062,170,E,L,WWOX,A
3410,ThermoMPNN,WWOX,-0.08838069438934326,170,E,M,WWOX,A
3411,ThermoMPNN,WWOX,0.9416919946670532,170,E,N,WWOX,A
3412,ThermoMPNN,WWOX,1.7778377532958984,170,E,P,WWOX,A
3413,ThermoMPNN,WWOX,0.2964414358139038,170,E,Q,WWOX,A
3414,ThermoMPNN,WWOX,0.6504043936729431,170,E,R,WWOX,A
3415,ThermoMPNN,WWOX,0.8132594227790833,170,E,S,WWOX,A
3416,ThermoMPNN,WWOX,0.5614207983016968,170,E,T,WWOX,A
3417,ThermoMPNN,WWOX,-0.07275176048278809,170,E,V,WWOX,A
3418,ThermoMPNN,WWOX,0.36337757110595703,170,E,W,WWOX,A
3419,ThermoMPNN,WWOX,0.28490155935287476,170,E,Y,WWOX,A
3420,ThermoMPNN,WWOX,0.8934284448623657,171,W,A,WWOX,A
3421,ThermoMPNN,WWOX,0.24308061599731445,171,W,C,WWOX,A
3422,ThermoMPNN,WWOX,0.8841539621353149,171,W,D,WWOX,A
3423,ThermoMPNN,WWOX,1.0768141746520996,171,W,E,WWOX,A
3424,ThermoMPNN,WWOX,0.46301162242889404,171,W,F,WWOX,A
3425,ThermoMPNN,WWOX,1.4667048454284668,171,W,G,WWOX,A
3426,ThermoMPNN,WWOX,0.7042427659034729,171,W,H,WWOX,A
3427,ThermoMPNN,WWOX,0.42574650049209595,171,W,I,WWOX,A
3428,ThermoMPNN,WWOX,1.3526711463928223,171,W,K,WWOX,A
3429,ThermoMPNN,WWOX,-0.1767749786376953,171,W,L,WWOX,A
3430,ThermoMPNN,WWOX,0.2618265151977539,171,W,M,WWOX,A
3431,ThermoMPNN,WWOX,0.6744938492774963,171,W,N,WWOX,A
3432,ThermoMPNN,WWOX,1.882786750793457,171,W,P,WWOX,A
3433,ThermoMPNN,WWOX,1.099045753479004,171,W,Q,WWOX,A
3434,ThermoMPNN,WWOX,1.186504602432251,171,W,R,WWOX,A
3435,ThermoMPNN,WWOX,1.1318206787109375,171,W,S,WWOX,A
3436,ThermoMPNN,WWOX,1.3748767375946045,171,W,T,WWOX,A
3437,ThermoMPNN,WWOX,0.5488361716270447,171,W,V,WWOX,A
3438,ThermoMPNN,WWOX,0.0,171,W,W,WWOX,A
3439,ThermoMPNN,WWOX,0.35418838262557983,171,W,Y,WWOX,A
3440,ThermoMPNN,WWOX,0.018132269382476807,172,H,A,WWOX,A
3441,ThermoMPNN,WWOX,0.05430644750595093,172,H,C,WWOX,A
3442,ThermoMPNN,WWOX,0.39202168583869934,172,H,D,WWOX,A
3443,ThermoMPNN,WWOX,0.40950408577919006,172,H,E,WWOX,A
3444,ThermoMPNN,WWOX,0.33130693435668945,172,H,F,WWOX,A
3445,ThermoMPNN,WWOX,0.34095120429992676,172,H,G,WWOX,A
3446,ThermoMPNN,WWOX,0.0,172,H,H,WWOX,A
3447,ThermoMPNN,WWOX,0.43214401602745056,172,H,I,WWOX,A
3448,ThermoMPNN,WWOX,0.09479939937591553,172,H,K,WWOX,A
3449,ThermoMPNN,WWOX,0.4820040762424469,172,H,L,WWOX,A
3450,ThermoMPNN,WWOX,0.4609996974468231,172,H,M,WWOX,A
3451,ThermoMPNN,WWOX,0.13893133401870728,172,H,N,WWOX,A
3452,ThermoMPNN,WWOX,-0.5443521738052368,172,H,P,WWOX,A
3453,ThermoMPNN,WWOX,0.21259397268295288,172,H,Q,WWOX,A
3454,ThermoMPNN,WWOX,0.16092950105667114,172,H,R,WWOX,A
3455,ThermoMPNN,WWOX,-0.01657789945602417,172,H,S,WWOX,A
3456,ThermoMPNN,WWOX,0.2789333462715149,172,H,T,WWOX,A
3457,ThermoMPNN,WWOX,0.5472557544708252,172,H,V,WWOX,A
3458,ThermoMPNN,WWOX,0.11293303966522217,172,H,W,WWOX,A
3459,ThermoMPNN,WWOX,0.09492295980453491,172,H,Y,WWOX,A
3460,ThermoMPNN,WWOX,0.0434078574180603,173,K,A,WWOX,A
3461,ThermoMPNN,WWOX,-0.5027207136154175,173,K,C,WWOX,A
3462,ThermoMPNN,WWOX,-0.005580544471740723,173,K,D,WWOX,A
3463,ThermoMPNN,WWOX,-0.03665459156036377,173,K,E,WWOX,A
3464,ThermoMPNN,WWOX,-0.3254162073135376,173,K,F,WWOX,A
3465,ThermoMPNN,WWOX,0.0816659927368164,173,K,G,WWOX,A
3466,ThermoMPNN,WWOX,-0.32145678997039795,173,K,H,WWOX,A
3467,ThermoMPNN,WWOX,0.20649519562721252,173,K,I,WWOX,A
3468,ThermoMPNN,WWOX,0.0,173,K,K,WWOX,A
3469,ThermoMPNN,WWOX,-0.14199954271316528,173,K,L,WWOX,A
3470,ThermoMPNN,WWOX,-0.08382946252822876,173,K,M,WWOX,A
3471,ThermoMPNN,WWOX,-0.27934736013412476,173,K,N,WWOX,A
3472,ThermoMPNN,WWOX,0.6889892816543579,173,K,P,WWOX,A
3473,ThermoMPNN,WWOX,-0.03151273727416992,173,K,Q,WWOX,A
3474,ThermoMPNN,WWOX,0.045824646949768066,173,K,R,WWOX,A
3475,ThermoMPNN,WWOX,0.042672574520111084,173,K,S,WWOX,A
3476,ThermoMPNN,WWOX,0.028882741928100586,173,K,T,WWOX,A
3477,ThermoMPNN,WWOX,0.22972142696380615,173,K,V,WWOX,A
3478,ThermoMPNN,WWOX,-0.24357742071151733,173,K,W,WWOX,A
3479,ThermoMPNN,WWOX,-0.37070775032043457,173,K,Y,WWOX,A
3480,ThermoMPNN,WWOX,0.0,174,A,A,WWOX,A
3481,ThermoMPNN,WWOX,1.0695524215698242,174,A,C,WWOX,A
3482,ThermoMPNN,WWOX,2.6485769748687744,174,A,D,WWOX,A
3483,ThermoMPNN,WWOX,2.5971174240112305,174,A,E,WWOX,A
3484,ThermoMPNN,WWOX,1.9100816249847412,174,A,F,WWOX,A
3485,ThermoMPNN,WWOX,1.9071965217590332,174,A,G,WWOX,A
3486,ThermoMPNN,WWOX,2.353806734085083,174,A,H,WWOX,A
3487,ThermoMPNN,WWOX,1.9091548919677734,174,A,I,WWOX,A
3488,ThermoMPNN,WWOX,2.5468087196350098,174,A,K,WWOX,A
3489,ThermoMPNN,WWOX,1.7045788764953613,174,A,L,WWOX,A
3490,ThermoMPNN,WWOX,1.7358869314193726,174,A,M,WWOX,A
3491,ThermoMPNN,WWOX,2.456986427307129,174,A,N,WWOX,A
3492,ThermoMPNN,WWOX,2.247130870819092,174,A,P,WWOX,A
3493,ThermoMPNN,WWOX,2.5557773113250732,174,A,Q,WWOX,A
3494,ThermoMPNN,WWOX,2.4833221435546875,174,A,R,WWOX,A
3495,ThermoMPNN,WWOX,1.707801342010498,174,A,S,WWOX,A
3496,ThermoMPNN,WWOX,2.1003592014312744,174,A,T,WWOX,A
3497,ThermoMPNN,WWOX,1.3275163173675537,174,A,V,WWOX,A
3498,ThermoMPNN,WWOX,1.976575493812561,174,A,W,WWOX,A
3499,ThermoMPNN,WWOX,1.9688020944595337,174,A,Y,WWOX,A
3500,ThermoMPNN,WWOX,0.4169806241989136,175,K,A,WWOX,A
3501,ThermoMPNN,WWOX,0.4804011583328247,175,K,C,WWOX,A
3502,ThermoMPNN,WWOX,1.1114097833633423,175,K,D,WWOX,A
3503,ThermoMPNN,WWOX,0.9847599267959595,175,K,E,WWOX,A
3504,ThermoMPNN,WWOX,0.9039180874824524,175,K,F,WWOX,A
3505,ThermoMPNN,WWOX,0.9580793380737305,175,K,G,WWOX,A
3506,ThermoMPNN,WWOX,0.5295506715774536,175,K,H,WWOX,A
3507,ThermoMPNN,WWOX,0.8652715682983398,175,K,I,WWOX,A
3508,ThermoMPNN,WWOX,0.0,175,K,K,WWOX,A
3509,ThermoMPNN,WWOX,0.5331941246986389,175,K,L,WWOX,A
3510,ThermoMPNN,WWOX,0.527531087398529,175,K,M,WWOX,A
3511,ThermoMPNN,WWOX,0.4956260919570923,175,K,N,WWOX,A
3512,ThermoMPNN,WWOX,1.8590435981750488,175,K,P,WWOX,A
3513,ThermoMPNN,WWOX,0.318381667137146,175,K,Q,WWOX,A
3514,ThermoMPNN,WWOX,0.03175830841064453,175,K,R,WWOX,A
3515,ThermoMPNN,WWOX,0.5456507802009583,175,K,S,WWOX,A
3516,ThermoMPNN,WWOX,0.8323953747749329,175,K,T,WWOX,A
3517,ThermoMPNN,WWOX,1.00115168094635,175,K,V,WWOX,A
3518,ThermoMPNN,WWOX,0.966500461101532,175,K,W,WWOX,A
3519,ThermoMPNN,WWOX,0.9187988042831421,175,K,Y,WWOX,A
3520,ThermoMPNN,WWOX,1.1783984899520874,176,V,A,WWOX,A
3521,ThermoMPNN,WWOX,1.0072071552276611,176,V,C,WWOX,A
3522,ThermoMPNN,WWOX,2.895249605178833,176,V,D,WWOX,A
3523,ThermoMPNN,WWOX,2.8111610412597656,176,V,E,WWOX,A
3524,ThermoMPNN,WWOX,1.8536367416381836,176,V,F,WWOX,A
3525,ThermoMPNN,WWOX,2.188371419906616,176,V,G,WWOX,A
3526,ThermoMPNN,WWOX,2.7329115867614746,176,V,H,WWOX,A
3527,ThermoMPNN,WWOX,0.6057062149047852,176,V,I,WWOX,A
3528,ThermoMPNN,WWOX,2.813279151916504,176,V,K,WWOX,A
3529,ThermoMPNN,WWOX,1.450600028038025,176,V,L,WWOX,A
3530,ThermoMPNN,WWOX,1.8276787996292114,176,V,M,WWOX,A
3531,ThermoMPNN,WWOX,2.741713285446167,176,V,N,WWOX,A
3532,ThermoMPNN,WWOX,2.336447238922119,176,V,P,WWOX,A
3533,ThermoMPNN,WWOX,2.8392727375030518,176,V,Q,WWOX,A
3534,ThermoMPNN,WWOX,2.7483489513397217,176,V,R,WWOX,A
3535,ThermoMPNN,WWOX,2.2345142364501953,176,V,S,WWOX,A
3536,ThermoMPNN,WWOX,1.808661699295044,176,V,T,WWOX,A
3537,ThermoMPNN,WWOX,0.0,176,V,V,WWOX,A
3538,ThermoMPNN,WWOX,2.0866105556488037,176,V,W,WWOX,A
3539,ThermoMPNN,WWOX,2.1539933681488037,176,V,Y,WWOX,A
3540,ThermoMPNN,WWOX,0.8603403568267822,177,E,A,WWOX,A
3541,ThermoMPNN,WWOX,0.09467947483062744,177,E,C,WWOX,A
3542,ThermoMPNN,WWOX,1.1672942638397217,177,E,D,WWOX,A
3543,ThermoMPNN,WWOX,0.0,177,E,E,WWOX,A
3544,ThermoMPNN,WWOX,0.5623373985290527,177,E,F,WWOX,A
3545,ThermoMPNN,WWOX,1.589885950088501,177,E,G,WWOX,A
3546,ThermoMPNN,WWOX,0.8799687623977661,177,E,H,WWOX,A
3547,ThermoMPNN,WWOX,0.2707720994949341,177,E,I,WWOX,A
3548,ThermoMPNN,WWOX,1.2775077819824219,177,E,K,WWOX,A
3549,ThermoMPNN,WWOX,0.6662054657936096,177,E,L,WWOX,A
3550,ThermoMPNN,WWOX,0.4493159055709839,177,E,M,WWOX,A
3551,ThermoMPNN,WWOX,1.402876377105713,177,E,N,WWOX,A
3552,ThermoMPNN,WWOX,2.6617588996887207,177,E,P,WWOX,A
3553,ThermoMPNN,WWOX,0.510129988193512,177,E,Q,WWOX,A
3554,ThermoMPNN,WWOX,1.3213932514190674,177,E,R,WWOX,A
3555,ThermoMPNN,WWOX,0.6536767482757568,177,E,S,WWOX,A
3556,ThermoMPNN,WWOX,0.415938138961792,177,E,T,WWOX,A
3557,ThermoMPNN,WWOX,0.23031437397003174,177,E,V,WWOX,A
3558,ThermoMPNN,WWOX,0.39494800567626953,177,E,W,WWOX,A
3559,ThermoMPNN,WWOX,0.5271642208099365,177,E,Y,WWOX,A
3560,ThermoMPNN,WWOX,0.0,178,A,A,WWOX,A
3561,ThermoMPNN,WWOX,0.030539989471435547,178,A,C,WWOX,A
3562,ThermoMPNN,WWOX,1.8731446266174316,178,A,D,WWOX,A
3563,ThermoMPNN,WWOX,1.3635592460632324,178,A,E,WWOX,A
3564,ThermoMPNN,WWOX,0.2312988042831421,178,A,F,WWOX,A
3565,ThermoMPNN,WWOX,1.5898232460021973,178,A,G,WWOX,A
3566,ThermoMPNN,WWOX,1.0013532638549805,178,A,H,WWOX,A
3567,ThermoMPNN,WWOX,0.1509861946105957,178,A,I,WWOX,A
3568,ThermoMPNN,WWOX,1.5154705047607422,178,A,K,WWOX,A
3569,ThermoMPNN,WWOX,0.4038928747177124,178,A,L,WWOX,A
3570,ThermoMPNN,WWOX,0.5425811409950256,178,A,M,WWOX,A
3571,ThermoMPNN,WWOX,1.5902142524719238,178,A,N,WWOX,A
3572,ThermoMPNN,WWOX,1.3503189086914062,178,A,P,WWOX,A
3573,ThermoMPNN,WWOX,1.2986652851104736,178,A,Q,WWOX,A
3574,ThermoMPNN,WWOX,1.6887476444244385,178,A,R,WWOX,A
3575,ThermoMPNN,WWOX,0.8708475828170776,178,A,S,WWOX,A
3576,ThermoMPNN,WWOX,0.9219036102294922,178,A,T,WWOX,A
3577,ThermoMPNN,WWOX,-0.019698143005371094,178,A,V,WWOX,A
3578,ThermoMPNN,WWOX,0.4009760618209839,178,A,W,WWOX,A
3579,ThermoMPNN,WWOX,0.3970237970352173,178,A,Y,WWOX,A
3580,ThermoMPNN,WWOX,1.905640959739685,179,M,A,WWOX,A
3581,ThermoMPNN,WWOX,1.1359750032424927,179,M,C,WWOX,A
3582,ThermoMPNN,WWOX,2.6977310180664062,179,M,D,WWOX,A
3583,ThermoMPNN,WWOX,2.2664175033569336,179,M,E,WWOX,A
3584,ThermoMPNN,WWOX,1.0758843421936035,179,M,F,WWOX,A
3585,ThermoMPNN,WWOX,2.9248006343841553,179,M,G,WWOX,A
3586,ThermoMPNN,WWOX,2.1704814434051514,179,M,H,WWOX,A
3587,ThermoMPNN,WWOX,0.5251551866531372,179,M,I,WWOX,A
3588,ThermoMPNN,WWOX,2.848839044570923,179,M,K,WWOX,A
3589,ThermoMPNN,WWOX,0.2336750030517578,179,M,L,WWOX,A
3590,ThermoMPNN,WWOX,0.0,179,M,M,WWOX,A
3591,ThermoMPNN,WWOX,2.699796438217163,179,M,N,WWOX,A
3592,ThermoMPNN,WWOX,2.9673244953155518,179,M,P,WWOX,A
3593,ThermoMPNN,WWOX,1.9294464588165283,179,M,Q,WWOX,A
3594,ThermoMPNN,WWOX,2.617675542831421,179,M,R,WWOX,A
3595,ThermoMPNN,WWOX,2.20447039604187,179,M,S,WWOX,A
3596,ThermoMPNN,WWOX,2.1213698387145996,179,M,T,WWOX,A
3597,ThermoMPNN,WWOX,1.0780476331710815,179,M,V,WWOX,A
3598,ThermoMPNN,WWOX,1.0422266721725464,179,M,W,WWOX,A
3599,ThermoMPNN,WWOX,1.4536879062652588,179,M,Y,WWOX,A
3600,ThermoMPNN,WWOX,0.011868715286254883,180,T,A,WWOX,A
3601,ThermoMPNN,WWOX,-0.2159130573272705,180,T,C,WWOX,A
3602,ThermoMPNN,WWOX,0.4325764775276184,180,T,D,WWOX,A
3603,ThermoMPNN,WWOX,0.18810582160949707,180,T,E,WWOX,A
3604,ThermoMPNN,WWOX,-0.3257741928100586,180,T,F,WWOX,A
3605,ThermoMPNN,WWOX,0.29717427492141724,180,T,G,WWOX,A
3606,ThermoMPNN,WWOX,-0.2942183017730713,180,T,H,WWOX,A
3607,ThermoMPNN,WWOX,-0.09254950284957886,180,T,I,WWOX,A
3608,ThermoMPNN,WWOX,-0.1647244691848755,180,T,K,WWOX,A
3609,ThermoMPNN,WWOX,0.049102067947387695,180,T,L,WWOX,A
3610,ThermoMPNN,WWOX,0.05069631338119507,180,T,M,WWOX,A
3611,ThermoMPNN,WWOX,0.1346210241317749,180,T,N,WWOX,A
3612,ThermoMPNN,WWOX,0.18122461438179016,180,T,P,WWOX,A
3613,ThermoMPNN,WWOX,0.02635359764099121,180,T,Q,WWOX,A
3614,ThermoMPNN,WWOX,-0.20352619886398315,180,T,R,WWOX,A
3615,ThermoMPNN,WWOX,0.008476018905639648,180,T,S,WWOX,A
3616,ThermoMPNN,WWOX,0.0,180,T,T,WWOX,A
3617,ThermoMPNN,WWOX,-0.051985204219818115,180,T,V,WWOX,A
3618,ThermoMPNN,WWOX,-0.3583296537399292,180,T,W,WWOX,A
3619,ThermoMPNN,WWOX,-0.48260486125946045,180,T,Y,WWOX,A
3620,ThermoMPNN,WWOX,2.038257598876953,181,L,A,WWOX,A
3621,ThermoMPNN,WWOX,1.1838966608047485,181,L,C,WWOX,A
3622,ThermoMPNN,WWOX,2.7793118953704834,181,L,D,WWOX,A
3623,ThermoMPNN,WWOX,2.6852657794952393,181,L,E,WWOX,A
3624,ThermoMPNN,WWOX,1.2015964984893799,181,L,F,WWOX,A
3625,ThermoMPNN,WWOX,2.5621824264526367,181,L,G,WWOX,A
3626,ThermoMPNN,WWOX,2.457038640975952,181,L,H,WWOX,A
3627,ThermoMPNN,WWOX,0.977327823638916,181,L,I,WWOX,A
3628,ThermoMPNN,WWOX,2.510878801345825,181,L,K,WWOX,A
3629,ThermoMPNN,WWOX,0.0,181,L,L,WWOX,A
3630,ThermoMPNN,WWOX,1.2294731140136719,181,L,M,WWOX,A
3631,ThermoMPNN,WWOX,2.7079875469207764,181,L,N,WWOX,A
3632,ThermoMPNN,WWOX,2.577882766723633,181,L,P,WWOX,A
3633,ThermoMPNN,WWOX,2.793118476867676,181,L,Q,WWOX,A
3634,ThermoMPNN,WWOX,2.5199520587921143,181,L,R,WWOX,A
3635,ThermoMPNN,WWOX,2.587270498275757,181,L,S,WWOX,A
3636,ThermoMPNN,WWOX,2.58577299118042,181,L,T,WWOX,A
3637,ThermoMPNN,WWOX,1.2713439464569092,181,L,V,WWOX,A
3638,ThermoMPNN,WWOX,1.6851177215576172,181,L,W,WWOX,A
3639,ThermoMPNN,WWOX,1.6235778331756592,181,L,Y,WWOX,A
3640,ThermoMPNN,WWOX,1.6209440231323242,182,D,A,WWOX,A
3641,ThermoMPNN,WWOX,0.9830098152160645,182,D,C,WWOX,A
3642,ThermoMPNN,WWOX,0.0,182,D,D,WWOX,A
3643,ThermoMPNN,WWOX,1.3776443004608154,182,D,E,WWOX,A
3644,ThermoMPNN,WWOX,1.438817024230957,182,D,F,WWOX,A
3645,ThermoMPNN,WWOX,1.9769728183746338,182,D,G,WWOX,A
3646,ThermoMPNN,WWOX,1.363727331161499,182,D,H,WWOX,A
3647,ThermoMPNN,WWOX,1.6308729648590088,182,D,I,WWOX,A
3648,ThermoMPNN,WWOX,1.9836843013763428,182,D,K,WWOX,A
3649,ThermoMPNN,WWOX,1.541605830192566,182,D,L,WWOX,A
3650,ThermoMPNN,WWOX,1.6839872598648071,182,D,M,WWOX,A
3651,ThermoMPNN,WWOX,0.8180136680603027,182,D,N,WWOX,A
3652,ThermoMPNN,WWOX,1.8753631114959717,182,D,P,WWOX,A
3653,ThermoMPNN,WWOX,1.6906709671020508,182,D,Q,WWOX,A
3654,ThermoMPNN,WWOX,1.9820488691329956,182,D,R,WWOX,A
3655,ThermoMPNN,WWOX,1.195741891860962,182,D,S,WWOX,A
3656,ThermoMPNN,WWOX,1.8071379661560059,182,D,T,WWOX,A
3657,ThermoMPNN,WWOX,1.6829720735549927,182,D,V,WWOX,A
3658,ThermoMPNN,WWOX,1.2377660274505615,182,D,W,WWOX,A
3659,ThermoMPNN,WWOX,1.5363905429840088,182,D,Y,WWOX,A
3660,ThermoMPNN,WWOX,2.293323278427124,183,L,A,WWOX,A
3661,ThermoMPNN,WWOX,1.4275553226470947,183,L,C,WWOX,A
3662,ThermoMPNN,WWOX,2.7845187187194824,183,L,D,WWOX,A
3663,ThermoMPNN,WWOX,2.6415300369262695,183,L,E,WWOX,A
3664,ThermoMPNN,WWOX,1.7347716093063354,183,L,F,WWOX,A
3665,ThermoMPNN,WWOX,2.54982852935791,183,L,G,WWOX,A
3666,ThermoMPNN,WWOX,2.588787078857422,183,L,H,WWOX,A
3667,ThermoMPNN,WWOX,1.3732935190200806,183,L,I,WWOX,A
3668,ThermoMPNN,WWOX,2.6304705142974854,183,L,K,WWOX,A
3669,ThermoMPNN,WWOX,0.0,183,L,L,WWOX,A
3670,ThermoMPNN,WWOX,1.3263734579086304,183,L,M,WWOX,A
3671,ThermoMPNN,WWOX,2.667184829711914,183,L,N,WWOX,A
3672,ThermoMPNN,WWOX,2.668872117996216,183,L,P,WWOX,A
3673,ThermoMPNN,WWOX,2.713351011276245,183,L,Q,WWOX,A
3674,ThermoMPNN,WWOX,2.8191587924957275,183,L,R,WWOX,A
3675,ThermoMPNN,WWOX,2.706749677658081,183,L,S,WWOX,A
3676,ThermoMPNN,WWOX,2.5798251628875732,183,L,T,WWOX,A
3677,ThermoMPNN,WWOX,1.725095272064209,183,L,V,WWOX,A
3678,ThermoMPNN,WWOX,2.1548047065734863,183,L,W,WWOX,A
3679,ThermoMPNN,WWOX,2.1144347190856934,183,L,Y,WWOX,A
3680,ThermoMPNN,WWOX,0.0,184,A,A,WWOX,A
3681,ThermoMPNN,WWOX,0.37932288646698,184,A,C,WWOX,A
3682,ThermoMPNN,WWOX,0.7533497214317322,184,A,D,WWOX,A
3683,ThermoMPNN,WWOX,0.9388805627822876,184,A,E,WWOX,A
3684,ThermoMPNN,WWOX,1.0238583087921143,184,A,F,WWOX,A
3685,ThermoMPNN,WWOX,0.42192089557647705,184,A,G,WWOX,A
3686,ThermoMPNN,WWOX,0.916129469871521,184,A,H,WWOX,A
3687,ThermoMPNN,WWOX,0.9739431142807007,184,A,I,WWOX,A
3688,ThermoMPNN,WWOX,0.6806159019470215,184,A,K,WWOX,A
3689,ThermoMPNN,WWOX,0.792320966720581,184,A,L,WWOX,A
3690,ThermoMPNN,WWOX,0.5459890365600586,184,A,M,WWOX,A
3691,ThermoMPNN,WWOX,0.7508502006530762,184,A,N,WWOX,A
3692,ThermoMPNN,WWOX,1.499265193939209,184,A,P,WWOX,A
3693,ThermoMPNN,WWOX,0.6319974064826965,184,A,Q,WWOX,A
3694,ThermoMPNN,WWOX,0.7970694899559021,184,A,R,WWOX,A
3695,ThermoMPNN,WWOX,-0.06251692771911621,184,A,S,WWOX,A
3696,ThermoMPNN,WWOX,0.38685065507888794,184,A,T,WWOX,A
3697,ThermoMPNN,WWOX,1.041822075843811,184,A,V,WWOX,A
3698,ThermoMPNN,WWOX,0.8688488006591797,184,A,W,WWOX,A
3699,ThermoMPNN,WWOX,1.0559258460998535,184,A,Y,WWOX,A
3700,ThermoMPNN,WWOX,0.5336201190948486,185,L,A,WWOX,A
3701,ThermoMPNN,WWOX,0.07025516033172607,185,L,C,WWOX,A
3702,ThermoMPNN,WWOX,-0.30014967918395996,185,L,D,WWOX,A
3703,ThermoMPNN,WWOX,0.3385060429573059,185,L,E,WWOX,A
3704,ThermoMPNN,WWOX,0.3364424705505371,185,L,F,WWOX,A
3705,ThermoMPNN,WWOX,1.4948911666870117,185,L,G,WWOX,A
3706,ThermoMPNN,WWOX,0.3010997176170349,185,L,H,WWOX,A
3707,ThermoMPNN,WWOX,-0.20113742351531982,185,L,I,WWOX,A
3708,ThermoMPNN,WWOX,0.803847074508667,185,L,K,WWOX,A
3709,ThermoMPNN,WWOX,0.0,185,L,L,WWOX,A
3710,ThermoMPNN,WWOX,0.19300293922424316,185,L,M,WWOX,A
3711,ThermoMPNN,WWOX,0.09096920490264893,185,L,N,WWOX,A
3712,ThermoMPNN,WWOX,2.2248761653900146,185,L,P,WWOX,A
3713,ThermoMPNN,WWOX,0.36461150646209717,185,L,Q,WWOX,A
3714,ThermoMPNN,WWOX,0.5610315203666687,185,L,R,WWOX,A
3715,ThermoMPNN,WWOX,0.2754790782928467,185,L,S,WWOX,A
3716,ThermoMPNN,WWOX,0.5150597095489502,185,L,T,WWOX,A
3717,ThermoMPNN,WWOX,-0.09613394737243652,185,L,V,WWOX,A
3718,ThermoMPNN,WWOX,0.22992044687271118,185,L,W,WWOX,A
3719,ThermoMPNN,WWOX,0.33140528202056885,185,L,Y,WWOX,A
3720,ThermoMPNN,WWOX,1.854949951171875,186,L,A,WWOX,A
3721,ThermoMPNN,WWOX,1.0710241794586182,186,L,C,WWOX,A
3722,ThermoMPNN,WWOX,2.1459004878997803,186,L,D,WWOX,A
3723,ThermoMPNN,WWOX,2.1756327152252197,186,L,E,WWOX,A
3724,ThermoMPNN,WWOX,0.47073376178741455,186,L,F,WWOX,A
3725,ThermoMPNN,WWOX,2.256561756134033,186,L,G,WWOX,A
3726,ThermoMPNN,WWOX,1.8540258407592773,186,L,H,WWOX,A
3727,ThermoMPNN,WWOX,0.5620584487915039,186,L,I,WWOX,A
3728,ThermoMPNN,WWOX,1.9090001583099365,186,L,K,WWOX,A
3729,ThermoMPNN,WWOX,0.0,186,L,L,WWOX,A
3730,ThermoMPNN,WWOX,0.673349142074585,186,L,M,WWOX,A
3731,ThermoMPNN,WWOX,1.9878052473068237,186,L,N,WWOX,A
3732,ThermoMPNN,WWOX,2.0458548069000244,186,L,P,WWOX,A
3733,ThermoMPNN,WWOX,1.9511229991912842,186,L,Q,WWOX,A
3734,ThermoMPNN,WWOX,1.940565586090088,186,L,R,WWOX,A
3735,ThermoMPNN,WWOX,1.9266445636749268,186,L,S,WWOX,A
3736,ThermoMPNN,WWOX,1.4810478687286377,186,L,T,WWOX,A
3737,ThermoMPNN,WWOX,0.9701980352401733,186,L,V,WWOX,A
3738,ThermoMPNN,WWOX,1.1562016010284424,186,L,W,WWOX,A
3739,ThermoMPNN,WWOX,1.0864324569702148,186,L,Y,WWOX,A
3740,ThermoMPNN,WWOX,0.14125144481658936,187,R,A,WWOX,A
3741,ThermoMPNN,WWOX,0.1679999828338623,187,R,C,WWOX,A
3742,ThermoMPNN,WWOX,0.47131311893463135,187,R,D,WWOX,A
3743,ThermoMPNN,WWOX,0.3827040195465088,187,R,E,WWOX,A
3744,ThermoMPNN,WWOX,0.3648155927658081,187,R,F,WWOX,A
3745,ThermoMPNN,WWOX,0.5703908205032349,187,R,G,WWOX,A
3746,ThermoMPNN,WWOX,0.2999601364135742,187,R,H,WWOX,A
3747,ThermoMPNN,WWOX,0.1427268385887146,187,R,I,WWOX,A
3748,ThermoMPNN,WWOX,0.04966503381729126,187,R,K,WWOX,A
3749,ThermoMPNN,WWOX,0.14528346061706543,187,R,L,WWOX,A
3750,ThermoMPNN,WWOX,0.23859471082687378,187,R,M,WWOX,A
3751,ThermoMPNN,WWOX,0.4540063142776489,187,R,N,WWOX,A
3752,ThermoMPNN,WWOX,0.5590139031410217,187,R,P,WWOX,A
3753,ThermoMPNN,WWOX,0.19745755195617676,187,R,Q,WWOX,A
3754,ThermoMPNN,WWOX,0.0,187,R,R,WWOX,A
3755,ThermoMPNN,WWOX,0.211625874042511,187,R,S,WWOX,A
3756,ThermoMPNN,WWOX,0.19987767934799194,187,R,T,WWOX,A
3757,ThermoMPNN,WWOX,0.27611660957336426,187,R,V,WWOX,A
3758,ThermoMPNN,WWOX,0.26355403661727905,187,R,W,WWOX,A
3759,ThermoMPNN,WWOX,0.31694650650024414,187,R,Y,WWOX,A
3760,ThermoMPNN,WWOX,0.5490927696228027,188,S,A,WWOX,A
3761,ThermoMPNN,WWOX,0.6832032203674316,188,S,C,WWOX,A
3762,ThermoMPNN,WWOX,1.7969462871551514,188,S,D,WWOX,A
3763,ThermoMPNN,WWOX,1.3493317365646362,188,S,E,WWOX,A
3764,ThermoMPNN,WWOX,1.852095127105713,188,S,F,WWOX,A
3765,ThermoMPNN,WWOX,1.4451838731765747,188,S,G,WWOX,A
3766,ThermoMPNN,WWOX,1.653429627418518,188,S,H,WWOX,A
3767,ThermoMPNN,WWOX,1.6516395807266235,188,S,I,WWOX,A
3768,ThermoMPNN,WWOX,1.434830665588379,188,S,K,WWOX,A
3769,ThermoMPNN,WWOX,1.5789958238601685,188,S,L,WWOX,A
3770,ThermoMPNN,WWOX,1.2275476455688477,188,S,M,WWOX,A
3771,ThermoMPNN,WWOX,1.5743900537490845,188,S,N,WWOX,A
3772,ThermoMPNN,WWOX,2.1837806701660156,188,S,P,WWOX,A
3773,ThermoMPNN,WWOX,1.2357418537139893,188,S,Q,WWOX,A
3774,ThermoMPNN,WWOX,1.451767921447754,188,S,R,WWOX,A
3775,ThermoMPNN,WWOX,0.0,188,S,S,WWOX,A
3776,ThermoMPNN,WWOX,0.7969218492507935,188,S,T,WWOX,A
3777,ThermoMPNN,WWOX,1.4075851440429688,188,S,V,WWOX,A
3778,ThermoMPNN,WWOX,1.615100622177124,188,S,W,WWOX,A
3779,ThermoMPNN,WWOX,1.9169690608978271,188,S,Y,WWOX,A
3780,ThermoMPNN,WWOX,1.3363456726074219,189,V,A,WWOX,A
3781,ThermoMPNN,WWOX,0.9815614223480225,189,V,C,WWOX,A
3782,ThermoMPNN,WWOX,1.9367483854293823,189,V,D,WWOX,A
3783,ThermoMPNN,WWOX,2.1292855739593506,189,V,E,WWOX,A
3784,ThermoMPNN,WWOX,1.5377905368804932,189,V,F,WWOX,A
3785,ThermoMPNN,WWOX,2.1377360820770264,189,V,G,WWOX,A
3786,ThermoMPNN,WWOX,1.8889014720916748,189,V,H,WWOX,A
3787,ThermoMPNN,WWOX,0.3357846736907959,189,V,I,WWOX,A
3788,ThermoMPNN,WWOX,1.8427238464355469,189,V,K,WWOX,A
3789,ThermoMPNN,WWOX,0.8856291770935059,189,V,L,WWOX,A
3790,ThermoMPNN,WWOX,1.3707458972930908,189,V,M,WWOX,A
3791,ThermoMPNN,WWOX,2.0351767539978027,189,V,N,WWOX,A
3792,ThermoMPNN,WWOX,1.6655170917510986,189,V,P,WWOX,A
3793,ThermoMPNN,WWOX,1.8748031854629517,189,V,Q,WWOX,A
3794,ThermoMPNN,WWOX,1.9460396766662598,189,V,R,WWOX,A
3795,ThermoMPNN,WWOX,1.8851902484893799,189,V,S,WWOX,A
3796,ThermoMPNN,WWOX,1.547693133354187,189,V,T,WWOX,A
3797,ThermoMPNN,WWOX,0.0,189,V,V,WWOX,A
3798,ThermoMPNN,WWOX,1.8206493854522705,189,V,W,WWOX,A
3799,ThermoMPNN,WWOX,1.7810295820236206,189,V,Y,WWOX,A
3800,ThermoMPNN,WWOX,0.2186741828918457,190,Q,A,WWOX,A
3801,ThermoMPNN,WWOX,0.23689484596252441,190,Q,C,WWOX,A
3802,ThermoMPNN,WWOX,1.4595155715942383,190,Q,D,WWOX,A
3803,ThermoMPNN,WWOX,0.4960428476333618,190,Q,E,WWOX,A
3804,ThermoMPNN,WWOX,0.34086161851882935,190,Q,F,WWOX,A
3805,ThermoMPNN,WWOX,0.751624345779419,190,Q,G,WWOX,A
3806,ThermoMPNN,WWOX,0.5311942100524902,190,Q,H,WWOX,A
3807,ThermoMPNN,WWOX,0.42685067653656006,190,Q,I,WWOX,A
3808,ThermoMPNN,WWOX,0.24913454055786133,190,Q,K,WWOX,A
3809,ThermoMPNN,WWOX,0.42403119802474976,190,Q,L,WWOX,A
3810,ThermoMPNN,WWOX,0.14773356914520264,190,Q,M,WWOX,A
3811,ThermoMPNN,WWOX,1.059354305267334,190,Q,N,WWOX,A
3812,ThermoMPNN,WWOX,2.704392194747925,190,Q,P,WWOX,A
3813,ThermoMPNN,WWOX,0.0,190,Q,Q,WWOX,A
3814,ThermoMPNN,WWOX,0.1643812656402588,190,Q,R,WWOX,A
3815,ThermoMPNN,WWOX,0.6066206693649292,190,Q,S,WWOX,A
3816,ThermoMPNN,WWOX,0.6429650783538818,190,Q,T,WWOX,A
3817,ThermoMPNN,WWOX,0.39614176750183105,190,Q,V,WWOX,A
3818,ThermoMPNN,WWOX,0.607961118221283,190,Q,W,WWOX,A
3819,ThermoMPNN,WWOX,0.3612205982208252,190,Q,Y,WWOX,A
3820,ThermoMPNN,WWOX,-0.18661785125732422,191,H,A,WWOX,A
3821,ThermoMPNN,WWOX,-0.12806808948516846,191,H,C,WWOX,A
3822,ThermoMPNN,WWOX,0.2806907892227173,191,H,D,WWOX,A
3823,ThermoMPNN,WWOX,0.0017805099487304688,191,H,E,WWOX,A
3824,ThermoMPNN,WWOX,0.21684563159942627,191,H,F,WWOX,A
3825,ThermoMPNN,WWOX,0.6437441110610962,191,H,G,WWOX,A
3826,ThermoMPNN,WWOX,0.0,191,H,H,WWOX,A
3827,ThermoMPNN,WWOX,-0.014647245407104492,191,H,I,WWOX,A
3828,ThermoMPNN,WWOX,-0.19313406944274902,191,H,K,WWOX,A
3829,ThermoMPNN,WWOX,-0.037899553775787354,191,H,L,WWOX,A
3830,ThermoMPNN,WWOX,-0.10392558574676514,191,H,M,WWOX,A
3831,ThermoMPNN,WWOX,0.10464882850646973,191,H,N,WWOX,A
3832,ThermoMPNN,WWOX,2.52032208442688,191,H,P,WWOX,A
3833,ThermoMPNN,WWOX,-0.13032007217407227,191,H,Q,WWOX,A
3834,ThermoMPNN,WWOX,-0.38147246837615967,191,H,R,WWOX,A
3835,ThermoMPNN,WWOX,0.017383217811584473,191,H,S,WWOX,A
3836,ThermoMPNN,WWOX,0.11574828624725342,191,H,T,WWOX,A
3837,ThermoMPNN,WWOX,0.07918083667755127,191,H,V,WWOX,A
3838,ThermoMPNN,WWOX,0.10477626323699951,191,H,W,WWOX,A
3839,ThermoMPNN,WWOX,0.07950925827026367,191,H,Y,WWOX,A
3840,ThermoMPNN,WWOX,0.807811975479126,192,F,A,WWOX,A
3841,ThermoMPNN,WWOX,0.2703421115875244,192,F,C,WWOX,A
3842,ThermoMPNN,WWOX,1.5761737823486328,192,F,D,WWOX,A
3843,ThermoMPNN,WWOX,1.6376967430114746,192,F,E,WWOX,A
3844,ThermoMPNN,WWOX,0.0,192,F,F,WWOX,A
3845,ThermoMPNN,WWOX,1.5327181816101074,192,F,G,WWOX,A
3846,ThermoMPNN,WWOX,1.8177157640457153,192,F,H,WWOX,A
3847,ThermoMPNN,WWOX,0.6561503410339355,192,F,I,WWOX,A
3848,ThermoMPNN,WWOX,1.7542729377746582,192,F,K,WWOX,A
3849,ThermoMPNN,WWOX,0.8304382562637329,192,F,L,WWOX,A
3850,ThermoMPNN,WWOX,0.8262025713920593,192,F,M,WWOX,A
3851,ThermoMPNN,WWOX,1.462138295173645,192,F,N,WWOX,A
3852,ThermoMPNN,WWOX,1.3571972846984863,192,F,P,WWOX,A
3853,ThermoMPNN,WWOX,1.8099095821380615,192,F,Q,WWOX,A
3854,ThermoMPNN,WWOX,1.8151044845581055,192,F,R,WWOX,A
3855,ThermoMPNN,WWOX,1.089667558670044,192,F,S,WWOX,A
3856,ThermoMPNN,WWOX,1.095759630203247,192,F,T,WWOX,A
3857,ThermoMPNN,WWOX,0.4872845411300659,192,F,V,WWOX,A
3858,ThermoMPNN,WWOX,1.554337739944458,192,F,W,WWOX,A
3859,ThermoMPNN,WWOX,1.2590430974960327,192,F,Y,WWOX,A
3860,ThermoMPNN,WWOX,0.0,193,A,A,WWOX,A
3861,ThermoMPNN,WWOX,0.6124393939971924,193,A,C,WWOX,A
3862,ThermoMPNN,WWOX,2.4721529483795166,193,A,D,WWOX,A
3863,ThermoMPNN,WWOX,2.2679378986358643,193,A,E,WWOX,A
3864,ThermoMPNN,WWOX,1.0141699314117432,193,A,F,WWOX,A
3865,ThermoMPNN,WWOX,1.8715410232543945,193,A,G,WWOX,A
3866,ThermoMPNN,WWOX,2.005222797393799,193,A,H,WWOX,A
3867,ThermoMPNN,WWOX,0.8696701526641846,193,A,I,WWOX,A
3868,ThermoMPNN,WWOX,2.2499160766601562,193,A,K,WWOX,A
3869,ThermoMPNN,WWOX,0.9209145307540894,193,A,L,WWOX,A
3870,ThermoMPNN,WWOX,1.0388069152832031,193,A,M,WWOX,A
3871,ThermoMPNN,WWOX,2.2652173042297363,193,A,N,WWOX,A
3872,ThermoMPNN,WWOX,2.174990653991699,193,A,P,WWOX,A
3873,ThermoMPNN,WWOX,2.1887547969818115,193,A,Q,WWOX,A
3874,ThermoMPNN,WWOX,2.3351073265075684,193,A,R,WWOX,A
3875,ThermoMPNN,WWOX,1.3031811714172363,193,A,S,WWOX,A
3876,ThermoMPNN,WWOX,1.6193101406097412,193,A,T,WWOX,A
3877,ThermoMPNN,WWOX,0.7814111709594727,193,A,V,WWOX,A
3878,ThermoMPNN,WWOX,1.2116916179656982,193,A,W,WWOX,A
3879,ThermoMPNN,WWOX,1.21759033203125,193,A,Y,WWOX,A
3880,ThermoMPNN,WWOX,-0.042337775230407715,194,E,A,WWOX,A
3881,ThermoMPNN,WWOX,-0.0680692195892334,194,E,C,WWOX,A
3882,ThermoMPNN,WWOX,0.28076791763305664,194,E,D,WWOX,A
3883,ThermoMPNN,WWOX,0.0,194,E,E,WWOX,A
3884,ThermoMPNN,WWOX,0.2584657669067383,194,E,F,WWOX,A
3885,ThermoMPNN,WWOX,0.7005637884140015,194,E,G,WWOX,A
3886,ThermoMPNN,WWOX,0.23331540822982788,194,E,H,WWOX,A
3887,ThermoMPNN,WWOX,0.035918354988098145,194,E,I,WWOX,A
3888,ThermoMPNN,WWOX,-0.0842205286026001,194,E,K,WWOX,A
3889,ThermoMPNN,WWOX,-0.0470656156539917,194,E,L,WWOX,A
3890,ThermoMPNN,WWOX,-0.05311691761016846,194,E,M,WWOX,A
3891,ThermoMPNN,WWOX,0.22809720039367676,194,E,N,WWOX,A
3892,ThermoMPNN,WWOX,2.149167537689209,194,E,P,WWOX,A
3893,ThermoMPNN,WWOX,-0.06855976581573486,194,E,Q,WWOX,A
3894,ThermoMPNN,WWOX,-0.13898897171020508,194,E,R,WWOX,A
3895,ThermoMPNN,WWOX,0.185288667678833,194,E,S,WWOX,A
3896,ThermoMPNN,WWOX,0.23470842838287354,194,E,T,WWOX,A
3897,ThermoMPNN,WWOX,0.16757476329803467,194,E,V,WWOX,A
3898,ThermoMPNN,WWOX,0.13235312700271606,194,E,W,WWOX,A
3899,ThermoMPNN,WWOX,0.22381430864334106,194,E,Y,WWOX,A
3900,ThermoMPNN,WWOX,0.0,195,A,A,WWOX,A
3901,ThermoMPNN,WWOX,0.15197032690048218,195,A,C,WWOX,A
3902,ThermoMPNN,WWOX,0.528761625289917,195,A,D,WWOX,A
3903,ThermoMPNN,WWOX,0.2626510262489319,195,A,E,WWOX,A
3904,ThermoMPNN,WWOX,0.49836206436157227,195,A,F,WWOX,A
3905,ThermoMPNN,WWOX,0.9088294506072998,195,A,G,WWOX,A
3906,ThermoMPNN,WWOX,0.41206037998199463,195,A,H,WWOX,A
3907,ThermoMPNN,WWOX,0.24174559116363525,195,A,I,WWOX,A
3908,ThermoMPNN,WWOX,0.15443164110183716,195,A,K,WWOX,A
3909,ThermoMPNN,WWOX,0.15979939699172974,195,A,L,WWOX,A
3910,ThermoMPNN,WWOX,0.09637248516082764,195,A,M,WWOX,A
3911,ThermoMPNN,WWOX,0.4576781988143921,195,A,N,WWOX,A
3912,ThermoMPNN,WWOX,2.6079225540161133,195,A,P,WWOX,A
3913,ThermoMPNN,WWOX,0.11723387241363525,195,A,Q,WWOX,A
3914,ThermoMPNN,WWOX,0.0493851900100708,195,A,R,WWOX,A
3915,ThermoMPNN,WWOX,0.29988813400268555,195,A,S,WWOX,A
3916,ThermoMPNN,WWOX,0.35772067308425903,195,A,T,WWOX,A
3917,ThermoMPNN,WWOX,0.34333550930023193,195,A,V,WWOX,A
3918,ThermoMPNN,WWOX,0.37177616357803345,195,A,W,WWOX,A
3919,ThermoMPNN,WWOX,0.4402974843978882,195,A,Y,WWOX,A
3920,ThermoMPNN,WWOX,2.1232709884643555,196,F,A,WWOX,A
3921,ThermoMPNN,WWOX,1.3786401748657227,196,F,C,WWOX,A
3922,ThermoMPNN,WWOX,2.504176139831543,196,F,D,WWOX,A
3923,ThermoMPNN,WWOX,2.3064377307891846,196,F,E,WWOX,A
3924,ThermoMPNN,WWOX,0.0,196,F,F,WWOX,A
3925,ThermoMPNN,WWOX,2.3101444244384766,196,F,G,WWOX,A
3926,ThermoMPNN,WWOX,1.9109371900558472,196,F,H,WWOX,A
3927,ThermoMPNN,WWOX,1.3641821146011353,196,F,I,WWOX,A
3928,ThermoMPNN,WWOX,2.288036823272705,196,F,K,WWOX,A
3929,ThermoMPNN,WWOX,1.018929123878479,196,F,L,WWOX,A
3930,ThermoMPNN,WWOX,1.1696860790252686,196,F,M,WWOX,A
3931,ThermoMPNN,WWOX,2.4445862770080566,196,F,N,WWOX,A
3932,ThermoMPNN,WWOX,2.1307618618011475,196,F,P,WWOX,A
3933,ThermoMPNN,WWOX,2.163980722427368,196,F,Q,WWOX,A
3934,ThermoMPNN,WWOX,2.1942319869995117,196,F,R,WWOX,A
3935,ThermoMPNN,WWOX,2.3865954875946045,196,F,S,WWOX,A
3936,ThermoMPNN,WWOX,2.260590076446533,196,F,T,WWOX,A
3937,ThermoMPNN,WWOX,1.6806485652923584,196,F,V,WWOX,A
3938,ThermoMPNN,WWOX,0.8681851625442505,196,F,W,WWOX,A
3939,ThermoMPNN,WWOX,0.5754357576370239,196,F,Y,WWOX,A
3940,ThermoMPNN,WWOX,0.6619115471839905,197,K,A,WWOX,A
3941,ThermoMPNN,WWOX,0.5749854445457458,197,K,C,WWOX,A
3942,ThermoMPNN,WWOX,1.8728220462799072,197,K,D,WWOX,A
3943,ThermoMPNN,WWOX,1.2894459962844849,197,K,E,WWOX,A
3944,ThermoMPNN,WWOX,0.6914077401161194,197,K,F,WWOX,A
3945,ThermoMPNN,WWOX,1.5434350967407227,197,K,G,WWOX,A
3946,ThermoMPNN,WWOX,0.8106197118759155,197,K,H,WWOX,A
3947,ThermoMPNN,WWOX,-0.15752339363098145,197,K,I,WWOX,A
3948,ThermoMPNN,WWOX,0.0,197,K,K,WWOX,A
3949,ThermoMPNN,WWOX,0.28372669219970703,197,K,L,WWOX,A
3950,ThermoMPNN,WWOX,0.3352731466293335,197,K,M,WWOX,A
3951,ThermoMPNN,WWOX,1.2670495510101318,197,K,N,WWOX,A
3952,ThermoMPNN,WWOX,2.3597958087921143,197,K,P,WWOX,A
3953,ThermoMPNN,WWOX,0.4923554062843323,197,K,Q,WWOX,A
3954,ThermoMPNN,WWOX,-0.04205799102783203,197,K,R,WWOX,A
3955,ThermoMPNN,WWOX,1.044008493423462,197,K,S,WWOX,A
3956,ThermoMPNN,WWOX,0.8214719295501709,197,K,T,WWOX,A
3957,ThermoMPNN,WWOX,0.2204822301864624,197,K,V,WWOX,A
3958,ThermoMPNN,WWOX,0.680355966091156,197,K,W,WWOX,A
3959,ThermoMPNN,WWOX,0.5866888165473938,197,K,Y,WWOX,A
3960,ThermoMPNN,WWOX,0.0,198,A,A,WWOX,A
3961,ThermoMPNN,WWOX,0.20533645153045654,198,A,C,WWOX,A
3962,ThermoMPNN,WWOX,0.4937945008277893,198,A,D,WWOX,A
3963,ThermoMPNN,WWOX,0.29093682765960693,198,A,E,WWOX,A
3964,ThermoMPNN,WWOX,0.554678201675415,198,A,F,WWOX,A
3965,ThermoMPNN,WWOX,0.5552704334259033,198,A,G,WWOX,A
3966,ThermoMPNN,WWOX,0.39956873655319214,198,A,H,WWOX,A
3967,ThermoMPNN,WWOX,0.36847347021102905,198,A,I,WWOX,A
3968,ThermoMPNN,WWOX,0.08359742164611816,198,A,K,WWOX,A
3969,ThermoMPNN,WWOX,0.21182268857955933,198,A,L,WWOX,A
3970,ThermoMPNN,WWOX,0.165657639503479,198,A,M,WWOX,A
3971,ThermoMPNN,WWOX,0.3477073907852173,198,A,N,WWOX,A
3972,ThermoMPNN,WWOX,1.8818933963775635,198,A,P,WWOX,A
3973,ThermoMPNN,WWOX,0.12908601760864258,198,A,Q,WWOX,A
3974,ThermoMPNN,WWOX,0.13307178020477295,198,A,R,WWOX,A
3975,ThermoMPNN,WWOX,0.2308233380317688,198,A,S,WWOX,A
3976,ThermoMPNN,WWOX,0.4622316360473633,198,A,T,WWOX,A
3977,ThermoMPNN,WWOX,0.5539711713790894,198,A,V,WWOX,A
3978,ThermoMPNN,WWOX,0.5022348761558533,198,A,W,WWOX,A
3979,ThermoMPNN,WWOX,0.5552261471748352,198,A,Y,WWOX,A
3980,ThermoMPNN,WWOX,1.0647599697113037,199,K,A,WWOX,A
3981,ThermoMPNN,WWOX,0.6514192223548889,199,K,C,WWOX,A
3982,ThermoMPNN,WWOX,2.1362860202789307,199,K,D,WWOX,A
3983,ThermoMPNN,WWOX,1.541398048400879,199,K,E,WWOX,A
3984,ThermoMPNN,WWOX,0.8038198351860046,199,K,F,WWOX,A
3985,ThermoMPNN,WWOX,1.7814021110534668,199,K,G,WWOX,A
3986,ThermoMPNN,WWOX,0.9534517526626587,199,K,H,WWOX,A
3987,ThermoMPNN,WWOX,0.8050390481948853,199,K,I,WWOX,A
3988,ThermoMPNN,WWOX,0.0,199,K,K,WWOX,A
3989,ThermoMPNN,WWOX,0.14019250869750977,199,K,L,WWOX,A
3990,ThermoMPNN,WWOX,0.12903141975402832,199,K,M,WWOX,A
3991,ThermoMPNN,WWOX,1.2118663787841797,199,K,N,WWOX,A
3992,ThermoMPNN,WWOX,2.3578262329101562,199,K,P,WWOX,A
3993,ThermoMPNN,WWOX,0.44927287101745605,199,K,Q,WWOX,A
3994,ThermoMPNN,WWOX,-0.13678884506225586,199,K,R,WWOX,A
3995,ThermoMPNN,WWOX,1.1379011869430542,199,K,S,WWOX,A
3996,ThermoMPNN,WWOX,0.8400611281394958,199,K,T,WWOX,A
3997,ThermoMPNN,WWOX,1.03462553024292,199,K,V,WWOX,A
3998,ThermoMPNN,WWOX,0.6641600131988525,199,K,W,WWOX,A
3999,ThermoMPNN,WWOX,0.8204533457756042,199,K,Y,WWOX,A
4000,ThermoMPNN,WWOX,0.8817449808120728,200,N,A,WWOX,A
4001,ThermoMPNN,WWOX,-0.012903451919555664,200,N,C,WWOX,A
4002,ThermoMPNN,WWOX,0.5040653944015503,200,N,D,WWOX,A
4003,ThermoMPNN,WWOX,0.6746560335159302,200,N,E,WWOX,A
4004,ThermoMPNN,WWOX,0.5375654697418213,200,N,F,WWOX,A
4005,ThermoMPNN,WWOX,-0.1670384407043457,200,N,G,WWOX,A
4006,ThermoMPNN,WWOX,0.3320242166519165,200,N,H,WWOX,A
4007,ThermoMPNN,WWOX,1.4589121341705322,200,N,I,WWOX,A
4008,ThermoMPNN,WWOX,0.6481242179870605,200,N,K,WWOX,A
4009,ThermoMPNN,WWOX,0.6966993808746338,200,N,L,WWOX,A
4010,ThermoMPNN,WWOX,0.4812755584716797,200,N,M,WWOX,A
4011,ThermoMPNN,WWOX,0.0,200,N,N,WWOX,A
4012,ThermoMPNN,WWOX,2.1721463203430176,200,N,P,WWOX,A
4013,ThermoMPNN,WWOX,0.5375580191612244,200,N,Q,WWOX,A
4014,ThermoMPNN,WWOX,0.7843098640441895,200,N,R,WWOX,A
4015,ThermoMPNN,WWOX,0.8043423295021057,200,N,S,WWOX,A
4016,ThermoMPNN,WWOX,1.37725031375885,200,N,T,WWOX,A
4017,ThermoMPNN,WWOX,1.5154860019683838,200,N,V,WWOX,A
4018,ThermoMPNN,WWOX,0.7771245837211609,200,N,W,WWOX,A
4019,ThermoMPNN,WWOX,0.6871915459632874,200,N,Y,WWOX,A
4020,ThermoMPNN,WWOX,0.4422612488269806,201,V,A,WWOX,A
4021,ThermoMPNN,WWOX,-0.1125444769859314,201,V,C,WWOX,A
4022,ThermoMPNN,WWOX,0.9343299865722656,201,V,D,WWOX,A
4023,ThermoMPNN,WWOX,0.4676569998264313,201,V,E,WWOX,A
4024,ThermoMPNN,WWOX,-0.09700113534927368,201,V,F,WWOX,A
4025,ThermoMPNN,WWOX,0.9097978472709656,201,V,G,WWOX,A
4026,ThermoMPNN,WWOX,0.31998854875564575,201,V,H,WWOX,A
4027,ThermoMPNN,WWOX,-0.17144232988357544,201,V,I,WWOX,A
4028,ThermoMPNN,WWOX,0.2274380326271057,201,V,K,WWOX,A
4029,ThermoMPNN,WWOX,-0.46095818281173706,201,V,L,WWOX,A
4030,ThermoMPNN,WWOX,-0.2023351788520813,201,V,M,WWOX,A
4031,ThermoMPNN,WWOX,0.6460820436477661,201,V,N,WWOX,A
4032,ThermoMPNN,WWOX,1.080177664756775,201,V,P,WWOX,A
4033,ThermoMPNN,WWOX,0.2265569567680359,201,V,Q,WWOX,A
4034,ThermoMPNN,WWOX,0.24495112895965576,201,V,R,WWOX,A
4035,ThermoMPNN,WWOX,0.6274318099021912,201,V,S,WWOX,A
4036,ThermoMPNN,WWOX,0.311756432056427,201,V,T,WWOX,A
4037,ThermoMPNN,WWOX,0.0,201,V,V,WWOX,A
4038,ThermoMPNN,WWOX,-0.19365864992141724,201,V,W,WWOX,A
4039,ThermoMPNN,WWOX,-0.17074626684188843,201,V,Y,WWOX,A
4040,ThermoMPNN,WWOX,0.5568647384643555,202,P,A,WWOX,A
4041,ThermoMPNN,WWOX,0.0694272518157959,202,P,C,WWOX,A
4042,ThermoMPNN,WWOX,0.827031135559082,202,P,D,WWOX,A
4043,ThermoMPNN,WWOX,0.8484815359115601,202,P,E,WWOX,A
4044,ThermoMPNN,WWOX,0.4074099659919739,202,P,F,WWOX,A
4045,ThermoMPNN,WWOX,0.9258249998092651,202,P,G,WWOX,A
4046,ThermoMPNN,WWOX,0.7319543957710266,202,P,H,WWOX,A
4047,ThermoMPNN,WWOX,0.35408931970596313,202,P,I,WWOX,A
4048,ThermoMPNN,WWOX,0.7555880546569824,202,P,K,WWOX,A
4049,ThermoMPNN,WWOX,0.12419307231903076,202,P,L,WWOX,A
4050,ThermoMPNN,WWOX,0.3159891366958618,202,P,M,WWOX,A
4051,ThermoMPNN,WWOX,0.8424391150474548,202,P,N,WWOX,A
4052,ThermoMPNN,WWOX,0.0,202,P,P,WWOX,A
4053,ThermoMPNN,WWOX,0.8146201372146606,202,P,Q,WWOX,A
4054,ThermoMPNN,WWOX,0.8129554986953735,202,P,R,WWOX,A
4055,ThermoMPNN,WWOX,0.7503931522369385,202,P,S,WWOX,A
4056,ThermoMPNN,WWOX,0.7151521444320679,202,P,T,WWOX,A
4057,ThermoMPNN,WWOX,0.46498823165893555,202,P,V,WWOX,A
4058,ThermoMPNN,WWOX,0.1474364995956421,202,P,W,WWOX,A
4059,ThermoMPNN,WWOX,0.3962639570236206,202,P,Y,WWOX,A
4060,ThermoMPNN,WWOX,1.7135716676712036,203,L,A,WWOX,A
4061,ThermoMPNN,WWOX,0.9550207853317261,203,L,C,WWOX,A
4062,ThermoMPNN,WWOX,2.3117294311523438,203,L,D,WWOX,A
4063,ThermoMPNN,WWOX,2.1565005779266357,203,L,E,WWOX,A
4064,ThermoMPNN,WWOX,0.9333572387695312,203,L,F,WWOX,A
4065,ThermoMPNN,WWOX,2.3106181621551514,203,L,G,WWOX,A
4066,ThermoMPNN,WWOX,2.138235092163086,203,L,H,WWOX,A
4067,ThermoMPNN,WWOX,0.48734617233276367,203,L,I,WWOX,A
4068,ThermoMPNN,WWOX,2.2705650329589844,203,L,K,WWOX,A
4069,ThermoMPNN,WWOX,0.0,203,L,L,WWOX,A
4070,ThermoMPNN,WWOX,1.1025029420852661,203,L,M,WWOX,A
4071,ThermoMPNN,WWOX,2.3673486709594727,203,L,N,WWOX,A
4072,ThermoMPNN,WWOX,2.200200319290161,203,L,P,WWOX,A
4073,ThermoMPNN,WWOX,2.3269150257110596,203,L,Q,WWOX,A
4074,ThermoMPNN,WWOX,2.3859171867370605,203,L,R,WWOX,A
4075,ThermoMPNN,WWOX,2.237016439437866,203,L,S,WWOX,A
4076,ThermoMPNN,WWOX,1.9390162229537964,203,L,T,WWOX,A
4077,ThermoMPNN,WWOX,0.5589725971221924,203,L,V,WWOX,A
4078,ThermoMPNN,WWOX,1.5264146327972412,203,L,W,WWOX,A
4079,ThermoMPNN,WWOX,1.3953068256378174,203,L,Y,WWOX,A
4080,ThermoMPNN,WWOX,0.6618156433105469,204,H,A,WWOX,A
4081,ThermoMPNN,WWOX,-0.10530638694763184,204,H,C,WWOX,A
4082,ThermoMPNN,WWOX,0.0024819374084472656,204,H,D,WWOX,A
4083,ThermoMPNN,WWOX,0.9500544667243958,204,H,E,WWOX,A
4084,ThermoMPNN,WWOX,1.0894265174865723,204,H,F,WWOX,A
4085,ThermoMPNN,WWOX,1.1131970882415771,204,H,G,WWOX,A
4086,ThermoMPNN,WWOX,0.0,204,H,H,WWOX,A
4087,ThermoMPNN,WWOX,1.414515495300293,204,H,I,WWOX,A
4088,ThermoMPNN,WWOX,1.5309159755706787,204,H,K,WWOX,A
4089,ThermoMPNN,WWOX,1.2213575839996338,204,H,L,WWOX,A
4090,ThermoMPNN,WWOX,1.1835721731185913,204,H,M,WWOX,A
4091,ThermoMPNN,WWOX,-0.3639216423034668,204,H,N,WWOX,A
4092,ThermoMPNN,WWOX,1.1884946823120117,204,H,P,WWOX,A
4093,ThermoMPNN,WWOX,1.1782300472259521,204,H,Q,WWOX,A
4094,ThermoMPNN,WWOX,1.3227007389068604,204,H,R,WWOX,A
4095,ThermoMPNN,WWOX,-0.0727393627166748,204,H,S,WWOX,A
4096,ThermoMPNN,WWOX,0.23626160621643066,204,H,T,WWOX,A
4097,ThermoMPNN,WWOX,0.8672424554824829,204,H,V,WWOX,A
4098,ThermoMPNN,WWOX,0.9045326709747314,204,H,W,WWOX,A
4099,ThermoMPNN,WWOX,0.7836400866508484,204,H,Y,WWOX,A
4100,ThermoMPNN,WWOX,1.7715646028518677,205,V,A,WWOX,A
4101,ThermoMPNN,WWOX,0.9380859136581421,205,V,C,WWOX,A
4102,ThermoMPNN,WWOX,2.9316630363464355,205,V,D,WWOX,A
4103,ThermoMPNN,WWOX,2.5290331840515137,205,V,E,WWOX,A
4104,ThermoMPNN,WWOX,0.9497827291488647,205,V,F,WWOX,A
4105,ThermoMPNN,WWOX,2.9825308322906494,205,V,G,WWOX,A
4106,ThermoMPNN,WWOX,2.169288158416748,205,V,H,WWOX,A
4107,ThermoMPNN,WWOX,-0.29470229148864746,205,V,I,WWOX,A
4108,ThermoMPNN,WWOX,2.4951319694519043,205,V,K,WWOX,A
4109,ThermoMPNN,WWOX,0.7570743560791016,205,V,L,WWOX,A
4110,ThermoMPNN,WWOX,1.1421555280685425,205,V,M,WWOX,A
4111,ThermoMPNN,WWOX,2.722586154937744,205,V,N,WWOX,A
4112,ThermoMPNN,WWOX,3.019397020339966,205,V,P,WWOX,A
4113,ThermoMPNN,WWOX,2.359994411468506,205,V,Q,WWOX,A
4114,ThermoMPNN,WWOX,2.475125312805176,205,V,R,WWOX,A
4115,ThermoMPNN,WWOX,2.2655651569366455,205,V,S,WWOX,A
4116,ThermoMPNN,WWOX,1.399916410446167,205,V,T,WWOX,A
4117,ThermoMPNN,WWOX,0.0,205,V,V,WWOX,A
4118,ThermoMPNN,WWOX,1.2566769123077393,205,V,W,WWOX,A
4119,ThermoMPNN,WWOX,1.1104779243469238,205,V,Y,WWOX,A
4120,ThermoMPNN,WWOX,2.686603307723999,206,L,A,WWOX,A
4121,ThermoMPNN,WWOX,1.6417583227157593,206,L,C,WWOX,A
4122,ThermoMPNN,WWOX,3.1028409004211426,206,L,D,WWOX,A
4123,ThermoMPNN,WWOX,3.0981571674346924,206,L,E,WWOX,A
4124,ThermoMPNN,WWOX,1.3745853900909424,206,L,F,WWOX,A
4125,ThermoMPNN,WWOX,3.0311498641967773,206,L,G,WWOX,A
4126,ThermoMPNN,WWOX,3.1461408138275146,206,L,H,WWOX,A
4127,ThermoMPNN,WWOX,1.1867883205413818,206,L,I,WWOX,A
4128,ThermoMPNN,WWOX,3.0196497440338135,206,L,K,WWOX,A
4129,ThermoMPNN,WWOX,0.0,206,L,L,WWOX,A
4130,ThermoMPNN,WWOX,1.1698663234710693,206,L,M,WWOX,A
4131,ThermoMPNN,WWOX,3.1916043758392334,206,L,N,WWOX,A
4132,ThermoMPNN,WWOX,3.0947914123535156,206,L,P,WWOX,A
4133,ThermoMPNN,WWOX,3.079848051071167,206,L,Q,WWOX,A
4134,ThermoMPNN,WWOX,3.0929243564605713,206,L,R,WWOX,A
4135,ThermoMPNN,WWOX,3.0404486656188965,206,L,S,WWOX,A
4136,ThermoMPNN,WWOX,2.8284690380096436,206,L,T,WWOX,A
4137,ThermoMPNN,WWOX,1.779942274093628,206,L,V,WWOX,A
4138,ThermoMPNN,WWOX,2.350926637649536,206,L,W,WWOX,A
4139,ThermoMPNN,WWOX,2.3402507305145264,206,L,Y,WWOX,A
4140,ThermoMPNN,WWOX,2.1406612396240234,207,V,A,WWOX,A
4141,ThermoMPNN,WWOX,1.1050434112548828,207,V,C,WWOX,A
4142,ThermoMPNN,WWOX,2.6927664279937744,207,V,D,WWOX,A
4143,ThermoMPNN,WWOX,2.7732396125793457,207,V,E,WWOX,A
4144,ThermoMPNN,WWOX,1.6803791522979736,207,V,F,WWOX,A
4145,ThermoMPNN,WWOX,2.6620349884033203,207,V,G,WWOX,A
4146,ThermoMPNN,WWOX,2.725278377532959,207,V,H,WWOX,A
4147,ThermoMPNN,WWOX,-0.029090166091918945,207,V,I,WWOX,A
4148,ThermoMPNN,WWOX,2.899013042449951,207,V,K,WWOX,A
4149,ThermoMPNN,WWOX,1.0530532598495483,207,V,L,WWOX,A
4150,ThermoMPNN,WWOX,1.5420219898223877,207,V,M,WWOX,A
4151,ThermoMPNN,WWOX,2.68990159034729,207,V,N,WWOX,A
4152,ThermoMPNN,WWOX,2.9421327114105225,207,V,P,WWOX,A
4153,ThermoMPNN,WWOX,2.860041856765747,207,V,Q,WWOX,A
4154,ThermoMPNN,WWOX,2.9716334342956543,207,V,R,WWOX,A
4155,ThermoMPNN,WWOX,2.588150978088379,207,V,S,WWOX,A
4156,ThermoMPNN,WWOX,2.0950663089752197,207,V,T,WWOX,A
4157,ThermoMPNN,WWOX,0.0,207,V,V,WWOX,A
4158,ThermoMPNN,WWOX,2.2895443439483643,207,V,W,WWOX,A
4159,ThermoMPNN,WWOX,2.220773458480835,207,V,Y,WWOX,A
4160,ThermoMPNN,WWOX,0.7097952961921692,208,C,A,WWOX,A
4161,ThermoMPNN,WWOX,0.0,208,C,C,WWOX,A
4162,ThermoMPNN,WWOX,1.7820346355438232,208,C,D,WWOX,A
4163,ThermoMPNN,WWOX,1.496858835220337,208,C,E,WWOX,A
4164,ThermoMPNN,WWOX,0.707363486289978,208,C,F,WWOX,A
4165,ThermoMPNN,WWOX,1.3428208827972412,208,C,G,WWOX,A
4166,ThermoMPNN,WWOX,1.010291576385498,208,C,H,WWOX,A
4167,ThermoMPNN,WWOX,0.6783246397972107,208,C,I,WWOX,A
4168,ThermoMPNN,WWOX,1.3808765411376953,208,C,K,WWOX,A
4169,ThermoMPNN,WWOX,-0.514517068862915,208,C,L,WWOX,A
4170,ThermoMPNN,WWOX,0.342864990234375,208,C,M,WWOX,A
4171,ThermoMPNN,WWOX,0.9564224481582642,208,C,N,WWOX,A
4172,ThermoMPNN,WWOX,1.8381567001342773,208,C,P,WWOX,A
4173,ThermoMPNN,WWOX,1.5445688962936401,208,C,Q,WWOX,A
4174,ThermoMPNN,WWOX,1.490389108657837,208,C,R,WWOX,A
4175,ThermoMPNN,WWOX,1.208588719367981,208,C,S,WWOX,A
4176,ThermoMPNN,WWOX,1.074711799621582,208,C,T,WWOX,A
4177,ThermoMPNN,WWOX,0.7692501544952393,208,C,V,WWOX,A
4178,ThermoMPNN,WWOX,1.1167924404144287,208,C,W,WWOX,A
4179,ThermoMPNN,WWOX,0.768373966217041,208,C,Y,WWOX,A
4180,ThermoMPNN,WWOX,1.0051186084747314,209,N,A,WWOX,A
4181,ThermoMPNN,WWOX,0.2221837043762207,209,N,C,WWOX,A
4182,ThermoMPNN,WWOX,1.1161834001541138,209,N,D,WWOX,A
4183,ThermoMPNN,WWOX,1.3475182056427002,209,N,E,WWOX,A
4184,ThermoMPNN,WWOX,0.7572698593139648,209,N,F,WWOX,A
4185,ThermoMPNN,WWOX,0.9447884559631348,209,N,G,WWOX,A
4186,ThermoMPNN,WWOX,0.37177181243896484,209,N,H,WWOX,A
4187,ThermoMPNN,WWOX,1.1510993242263794,209,N,I,WWOX,A
4188,ThermoMPNN,WWOX,1.151238203048706,209,N,K,WWOX,A
4189,ThermoMPNN,WWOX,0.314919114112854,209,N,L,WWOX,A
4190,ThermoMPNN,WWOX,0.5134490728378296,209,N,M,WWOX,A
4191,ThermoMPNN,WWOX,0.0,209,N,N,WWOX,A
4192,ThermoMPNN,WWOX,2.085196018218994,209,N,P,WWOX,A
4193,ThermoMPNN,WWOX,1.0502064228057861,209,N,Q,WWOX,A
4194,ThermoMPNN,WWOX,1.1622986793518066,209,N,R,WWOX,A
4195,ThermoMPNN,WWOX,0.9917069673538208,209,N,S,WWOX,A
4196,ThermoMPNN,WWOX,1.778280258178711,209,N,T,WWOX,A
4197,ThermoMPNN,WWOX,1.1326899528503418,209,N,V,WWOX,A
4198,ThermoMPNN,WWOX,0.7620766162872314,209,N,W,WWOX,A
4199,ThermoMPNN,WWOX,0.7907348275184631,209,N,Y,WWOX,A
4200,ThermoMPNN,WWOX,0.0,210,A,A,WWOX,A
4201,ThermoMPNN,WWOX,0.6427671909332275,210,A,C,WWOX,A
4202,ThermoMPNN,WWOX,2.274813175201416,210,A,D,WWOX,A
4203,ThermoMPNN,WWOX,2.15793776512146,210,A,E,WWOX,A
4204,ThermoMPNN,WWOX,1.1772559881210327,210,A,F,WWOX,A
4205,ThermoMPNN,WWOX,1.6756701469421387,210,A,G,WWOX,A
4206,ThermoMPNN,WWOX,1.662590742111206,210,A,H,WWOX,A
4207,ThermoMPNN,WWOX,1.3371527194976807,210,A,I,WWOX,A
4208,ThermoMPNN,WWOX,1.715317726135254,210,A,K,WWOX,A
4209,ThermoMPNN,WWOX,0.796924352645874,210,A,L,WWOX,A
4210,ThermoMPNN,WWOX,0.8143333196640015,210,A,M,WWOX,A
4211,ThermoMPNN,WWOX,1.9692823886871338,210,A,N,WWOX,A
4212,ThermoMPNN,WWOX,3.2815957069396973,210,A,P,WWOX,A
4213,ThermoMPNN,WWOX,1.735644817352295,210,A,Q,WWOX,A
4214,ThermoMPNN,WWOX,1.7487006187438965,210,A,R,WWOX,A
4215,ThermoMPNN,WWOX,1.08017897605896,210,A,S,WWOX,A
4216,ThermoMPNN,WWOX,1.6124979257583618,210,A,T,WWOX,A
4217,ThermoMPNN,WWOX,1.3872414827346802,210,A,V,WWOX,A
4218,ThermoMPNN,WWOX,1.1717991828918457,210,A,W,WWOX,A
4219,ThermoMPNN,WWOX,1.093437671661377,210,A,Y,WWOX,A
4220,ThermoMPNN,WWOX,0.0,211,A,A,WWOX,A
4221,ThermoMPNN,WWOX,0.20315217971801758,211,A,C,WWOX,A
4222,ThermoMPNN,WWOX,1.6601121425628662,211,A,D,WWOX,A
4223,ThermoMPNN,WWOX,1.2756662368774414,211,A,E,WWOX,A
4224,ThermoMPNN,WWOX,0.8434107303619385,211,A,F,WWOX,A
4225,ThermoMPNN,WWOX,0.6098926663398743,211,A,G,WWOX,A
4226,ThermoMPNN,WWOX,1.1511626243591309,211,A,H,WWOX,A
4227,ThermoMPNN,WWOX,0.9004679322242737,211,A,I,WWOX,A
4228,ThermoMPNN,WWOX,1.1063380241394043,211,A,K,WWOX,A
4229,ThermoMPNN,WWOX,0.8143566250801086,211,A,L,WWOX,A
4230,ThermoMPNN,WWOX,0.7430103421211243,211,A,M,WWOX,A
4231,ThermoMPNN,WWOX,1.4211127758026123,211,A,N,WWOX,A
4232,ThermoMPNN,WWOX,2.8927299976348877,211,A,P,WWOX,A
4233,ThermoMPNN,WWOX,1.116111159324646,211,A,Q,WWOX,A
4234,ThermoMPNN,WWOX,1.1409589052200317,211,A,R,WWOX,A
4235,ThermoMPNN,WWOX,0.5244739055633545,211,A,S,WWOX,A
4236,ThermoMPNN,WWOX,0.8139245510101318,211,A,T,WWOX,A
4237,ThermoMPNN,WWOX,0.7934257984161377,211,A,V,WWOX,A
4238,ThermoMPNN,WWOX,0.8503560423851013,211,A,W,WWOX,A
4239,ThermoMPNN,WWOX,0.8031919002532959,211,A,Y,WWOX,A
4240,ThermoMPNN,WWOX,0.08578717708587646,212,T,A,WWOX,A
4241,ThermoMPNN,WWOX,-0.4884297251701355,212,T,C,WWOX,A
4242,ThermoMPNN,WWOX,1.581404685974121,212,T,D,WWOX,A
4243,ThermoMPNN,WWOX,0.8292179703712463,212,T,E,WWOX,A
4244,ThermoMPNN,WWOX,-0.26134783029556274,212,T,F,WWOX,A
4245,ThermoMPNN,WWOX,1.1266297101974487,212,T,G,WWOX,A
4246,ThermoMPNN,WWOX,0.36968404054641724,212,T,H,WWOX,A
4247,ThermoMPNN,WWOX,-0.5085011124610901,212,T,I,WWOX,A
4248,ThermoMPNN,WWOX,0.7429962158203125,212,T,K,WWOX,A
4249,ThermoMPNN,WWOX,-0.4412006735801697,212,T,L,WWOX,A
4250,ThermoMPNN,WWOX,-0.16155153512954712,212,T,M,WWOX,A
4251,ThermoMPNN,WWOX,0.9761589169502258,212,T,N,WWOX,A
4252,ThermoMPNN,WWOX,2.131732702255249,212,T,P,WWOX,A
4253,ThermoMPNN,WWOX,0.6968684792518616,212,T,Q,WWOX,A
4254,ThermoMPNN,WWOX,0.5628173351287842,212,T,R,WWOX,A
4255,ThermoMPNN,WWOX,0.44409415125846863,212,T,S,WWOX,A
4256,ThermoMPNN,WWOX,0.0,212,T,T,WWOX,A
4257,ThermoMPNN,WWOX,-0.7286959290504456,212,T,V,WWOX,A
4258,ThermoMPNN,WWOX,-0.15575510263442993,212,T,W,WWOX,A
4259,ThermoMPNN,WWOX,-0.4092785716056824,212,T,Y,WWOX,A
4260,ThermoMPNN,WWOX,1.7537577152252197,213,F,A,WWOX,A
4261,ThermoMPNN,WWOX,0.7929644584655762,213,F,C,WWOX,A
4262,ThermoMPNN,WWOX,2.1726150512695312,213,F,D,WWOX,A
4263,ThermoMPNN,WWOX,1.5827692747116089,213,F,E,WWOX,A
4264,ThermoMPNN,WWOX,0.0,213,F,F,WWOX,A
4265,ThermoMPNN,WWOX,2.23024845123291,213,F,G,WWOX,A
4266,ThermoMPNN,WWOX,1.4200512170791626,213,F,H,WWOX,A
4267,ThermoMPNN,WWOX,0.8742868900299072,213,F,I,WWOX,A
4268,ThermoMPNN,WWOX,1.7823768854141235,213,F,K,WWOX,A
4269,ThermoMPNN,WWOX,0.757709264755249,213,F,L,WWOX,A
4270,ThermoMPNN,WWOX,0.7726376056671143,213,F,M,WWOX,A
4271,ThermoMPNN,WWOX,1.986134648323059,213,F,N,WWOX,A
4272,ThermoMPNN,WWOX,2.295907735824585,213,F,P,WWOX,A
4273,ThermoMPNN,WWOX,1.7024431228637695,213,F,Q,WWOX,A
4274,ThermoMPNN,WWOX,1.5632197856903076,213,F,R,WWOX,A
4275,ThermoMPNN,WWOX,1.8379924297332764,213,F,S,WWOX,A
4276,ThermoMPNN,WWOX,1.7224960327148438,213,F,T,WWOX,A
4277,ThermoMPNN,WWOX,1.1925647258758545,213,F,V,WWOX,A
4278,ThermoMPNN,WWOX,0.009342193603515625,213,F,W,WWOX,A
4279,ThermoMPNN,WWOX,0.14047181606292725,213,F,Y,WWOX,A
4280,ThermoMPNN,WWOX,0.0,214,A,A,WWOX,A
4281,ThermoMPNN,WWOX,-0.6385786533355713,214,A,C,WWOX,A
4282,ThermoMPNN,WWOX,0.516255795955658,214,A,D,WWOX,A
4283,ThermoMPNN,WWOX,0.2899002730846405,214,A,E,WWOX,A
4284,ThermoMPNN,WWOX,-0.5091073513031006,214,A,F,WWOX,A
4285,ThermoMPNN,WWOX,-0.2525554299354553,214,A,G,WWOX,A
4286,ThermoMPNN,WWOX,-0.1351923942565918,214,A,H,WWOX,A
4287,ThermoMPNN,WWOX,0.37213659286499023,214,A,I,WWOX,A
4288,ThermoMPNN,WWOX,0.23515668511390686,214,A,K,WWOX,A
4289,ThermoMPNN,WWOX,-0.531125545501709,214,A,L,WWOX,A
4290,ThermoMPNN,WWOX,-0.41887152194976807,214,A,M,WWOX,A
4291,ThermoMPNN,WWOX,0.16000020503997803,214,A,N,WWOX,A
4292,ThermoMPNN,WWOX,1.2743804454803467,214,A,P,WWOX,A
4293,ThermoMPNN,WWOX,0.146270751953125,214,A,Q,WWOX,A
4294,ThermoMPNN,WWOX,0.27855753898620605,214,A,R,WWOX,A
4295,ThermoMPNN,WWOX,0.39268577098846436,214,A,S,WWOX,A
4296,ThermoMPNN,WWOX,0.7131531834602356,214,A,T,WWOX,A
4297,ThermoMPNN,WWOX,0.5702528953552246,214,A,V,WWOX,A
4298,ThermoMPNN,WWOX,-0.4347740411758423,214,A,W,WWOX,A
4299,ThermoMPNN,WWOX,-0.4227159023284912,214,A,Y,WWOX,A
4300,ThermoMPNN,WWOX,0.1731797456741333,215,L,A,WWOX,A
4301,ThermoMPNN,WWOX,-0.226323664188385,215,L,C,WWOX,A
4302,ThermoMPNN,WWOX,0.38340556621551514,215,L,D,WWOX,A
4303,ThermoMPNN,WWOX,0.13943630456924438,215,L,E,WWOX,A
4304,ThermoMPNN,WWOX,0.26300615072250366,215,L,F,WWOX,A
4305,ThermoMPNN,WWOX,0.4040314853191376,215,L,G,WWOX,A
4306,ThermoMPNN,WWOX,0.3138827681541443,215,L,H,WWOX,A
4307,ThermoMPNN,WWOX,-0.10790687799453735,215,L,I,WWOX,A
4308,ThermoMPNN,WWOX,0.41489097476005554,215,L,K,WWOX,A
4309,ThermoMPNN,WWOX,0.0,215,L,L,WWOX,A
4310,ThermoMPNN,WWOX,0.21048736572265625,215,L,M,WWOX,A
4311,ThermoMPNN,WWOX,0.3737693428993225,215,L,N,WWOX,A
4312,ThermoMPNN,WWOX,0.4828251600265503,215,L,P,WWOX,A
4313,ThermoMPNN,WWOX,0.301513671875,215,L,Q,WWOX,A
4314,ThermoMPNN,WWOX,0.5213147401809692,215,L,R,WWOX,A
4315,ThermoMPNN,WWOX,0.19306868314743042,215,L,S,WWOX,A
4316,ThermoMPNN,WWOX,-0.05622178316116333,215,L,T,WWOX,A
4317,ThermoMPNN,WWOX,-0.2437925934791565,215,L,V,WWOX,A
4318,ThermoMPNN,WWOX,0.2965205907821655,215,L,W,WWOX,A
4319,ThermoMPNN,WWOX,0.29093343019485474,215,L,Y,WWOX,A
4320,ThermoMPNN,WWOX,0.6114262938499451,216,P,A,WWOX,A
4321,ThermoMPNN,WWOX,0.5042222738265991,216,P,C,WWOX,A
4322,ThermoMPNN,WWOX,0.9289802312850952,216,P,D,WWOX,A
4323,ThermoMPNN,WWOX,0.7362905740737915,216,P,E,WWOX,A
4324,ThermoMPNN,WWOX,1.1549997329711914,216,P,F,WWOX,A
4325,ThermoMPNN,WWOX,1.0273979902267456,216,P,G,WWOX,A
4326,ThermoMPNN,WWOX,1.0320219993591309,216,P,H,WWOX,A
4327,ThermoMPNN,WWOX,1.1215953826904297,216,P,I,WWOX,A
4328,ThermoMPNN,WWOX,0.8194262385368347,216,P,K,WWOX,A
4329,ThermoMPNN,WWOX,1.0159218311309814,216,P,L,WWOX,A
4330,ThermoMPNN,WWOX,0.9940975904464722,216,P,M,WWOX,A
4331,ThermoMPNN,WWOX,0.9509247541427612,216,P,N,WWOX,A
4332,ThermoMPNN,WWOX,0.0,216,P,P,WWOX,A
4333,ThermoMPNN,WWOX,0.7985711097717285,216,P,Q,WWOX,A
4334,ThermoMPNN,WWOX,1.009927749633789,216,P,R,WWOX,A
4335,ThermoMPNN,WWOX,0.5068454742431641,216,P,S,WWOX,A
4336,ThermoMPNN,WWOX,0.7650546431541443,216,P,T,WWOX,A
4337,ThermoMPNN,WWOX,1.124727487564087,216,P,V,WWOX,A
4338,ThermoMPNN,WWOX,0.9702218174934387,216,P,W,WWOX,A
4339,ThermoMPNN,WWOX,1.0597877502441406,216,P,Y,WWOX,A
4340,ThermoMPNN,WWOX,2.379169225692749,217,W,A,WWOX,A
4341,ThermoMPNN,WWOX,1.813915491104126,217,W,C,WWOX,A
4342,ThermoMPNN,WWOX,2.461843490600586,217,W,D,WWOX,A
4343,ThermoMPNN,WWOX,2.7113773822784424,217,W,E,WWOX,A
4344,ThermoMPNN,WWOX,0.833728551864624,217,W,F,WWOX,A
4345,ThermoMPNN,WWOX,2.2972800731658936,217,W,G,WWOX,A
4346,ThermoMPNN,WWOX,1.631293535232544,217,W,H,WWOX,A
4347,ThermoMPNN,WWOX,2.087714195251465,217,W,I,WWOX,A
4348,ThermoMPNN,WWOX,2.16424298286438,217,W,K,WWOX,A
4349,ThermoMPNN,WWOX,2.0377650260925293,217,W,L,WWOX,A
4350,ThermoMPNN,WWOX,1.9241406917572021,217,W,M,WWOX,A
4351,ThermoMPNN,WWOX,2.3753180503845215,217,W,N,WWOX,A
4352,ThermoMPNN,WWOX,1.8954455852508545,217,W,P,WWOX,A
4353,ThermoMPNN,WWOX,2.2481586933135986,217,W,Q,WWOX,A
4354,ThermoMPNN,WWOX,1.8661236763000488,217,W,R,WWOX,A
4355,ThermoMPNN,WWOX,2.2747509479522705,217,W,S,WWOX,A
4356,ThermoMPNN,WWOX,2.3956003189086914,217,W,T,WWOX,A
4357,ThermoMPNN,WWOX,2.207841157913208,217,W,V,WWOX,A
4358,ThermoMPNN,WWOX,0.0,217,W,W,WWOX,A
4359,ThermoMPNN,WWOX,0.2605299949645996,217,W,Y,WWOX,A
4360,ThermoMPNN,WWOX,-0.05538678169250488,218,S,A,WWOX,A
4361,ThermoMPNN,WWOX,0.3535945415496826,218,S,C,WWOX,A
4362,ThermoMPNN,WWOX,1.040781855583191,218,S,D,WWOX,A
4363,ThermoMPNN,WWOX,0.8843528628349304,218,S,E,WWOX,A
4364,ThermoMPNN,WWOX,0.898471474647522,218,S,F,WWOX,A
4365,ThermoMPNN,WWOX,0.6804627776145935,218,S,G,WWOX,A
4366,ThermoMPNN,WWOX,0.7027068138122559,218,S,H,WWOX,A
4367,ThermoMPNN,WWOX,0.8994675278663635,218,S,I,WWOX,A
4368,ThermoMPNN,WWOX,0.5648416876792908,218,S,K,WWOX,A
4369,ThermoMPNN,WWOX,1.083282470703125,218,S,L,WWOX,A
4370,ThermoMPNN,WWOX,0.6181387901306152,218,S,M,WWOX,A
4371,ThermoMPNN,WWOX,0.7220646142959595,218,S,N,WWOX,A
4372,ThermoMPNN,WWOX,2.8620846271514893,218,S,P,WWOX,A
4373,ThermoMPNN,WWOX,0.5779872536659241,218,S,Q,WWOX,A
4374,ThermoMPNN,WWOX,0.4248991012573242,218,S,R,WWOX,A
4375,ThermoMPNN,WWOX,0.0,218,S,S,WWOX,A
4376,ThermoMPNN,WWOX,0.7543541789054871,218,S,T,WWOX,A
4377,ThermoMPNN,WWOX,0.905537486076355,218,S,V,WWOX,A
4378,ThermoMPNN,WWOX,0.9808560013771057,218,S,W,WWOX,A
4379,ThermoMPNN,WWOX,1.0907493829727173,218,S,Y,WWOX,A
4380,ThermoMPNN,WWOX,1.432686686515808,219,L,A,WWOX,A
4381,ThermoMPNN,WWOX,0.5128533840179443,219,L,C,WWOX,A
4382,ThermoMPNN,WWOX,2.6747117042541504,219,L,D,WWOX,A
4383,ThermoMPNN,WWOX,1.5823110342025757,219,L,E,WWOX,A
4384,ThermoMPNN,WWOX,0.7628743648529053,219,L,F,WWOX,A
4385,ThermoMPNN,WWOX,2.4165587425231934,219,L,G,WWOX,A
4386,ThermoMPNN,WWOX,1.109545350074768,219,L,H,WWOX,A
4387,ThermoMPNN,WWOX,-0.008491992950439453,219,L,I,WWOX,A
4388,ThermoMPNN,WWOX,0.40273940563201904,219,L,K,WWOX,A
4389,ThermoMPNN,WWOX,0.0,219,L,L,WWOX,A
4390,ThermoMPNN,WWOX,0.4145016670227051,219,L,M,WWOX,A
4391,ThermoMPNN,WWOX,1.7280116081237793,219,L,N,WWOX,A
4392,ThermoMPNN,WWOX,1.5291298627853394,219,L,P,WWOX,A
4393,ThermoMPNN,WWOX,0.9480220079421997,219,L,Q,WWOX,A
4394,ThermoMPNN,WWOX,0.5287904739379883,219,L,R,WWOX,A
4395,ThermoMPNN,WWOX,1.5478284358978271,219,L,S,WWOX,A
4396,ThermoMPNN,WWOX,0.9196146726608276,219,L,T,WWOX,A
4397,ThermoMPNN,WWOX,0.27841830253601074,219,L,V,WWOX,A
4398,ThermoMPNN,WWOX,0.917935311794281,219,L,W,WWOX,A
4399,ThermoMPNN,WWOX,0.7700902223587036,219,L,Y,WWOX,A
4400,ThermoMPNN,WWOX,1.7353510856628418,220,T,A,WWOX,A
4401,ThermoMPNN,WWOX,1.2717212438583374,220,T,C,WWOX,A
4402,ThermoMPNN,WWOX,0.7100367546081543,220,T,D,WWOX,A
4403,ThermoMPNN,WWOX,2.3899877071380615,220,T,E,WWOX,A
4404,ThermoMPNN,WWOX,1.983965516090393,220,T,F,WWOX,A
4405,ThermoMPNN,WWOX,1.5687741041183472,220,T,G,WWOX,A
4406,ThermoMPNN,WWOX,1.9786509275436401,220,T,H,WWOX,A
4407,ThermoMPNN,WWOX,1.892329454421997,220,T,I,WWOX,A
4408,ThermoMPNN,WWOX,2.4388015270233154,220,T,K,WWOX,A
4409,ThermoMPNN,WWOX,1.9568203687667847,220,T,L,WWOX,A
4410,ThermoMPNN,WWOX,1.9860341548919678,220,T,M,WWOX,A
4411,ThermoMPNN,WWOX,0.865543007850647,220,T,N,WWOX,A
4412,ThermoMPNN,WWOX,2.188436985015869,220,T,P,WWOX,A
4413,ThermoMPNN,WWOX,2.3900437355041504,220,T,Q,WWOX,A
4414,ThermoMPNN,WWOX,2.2588813304901123,220,T,R,WWOX,A
4415,ThermoMPNN,WWOX,0.2293250560760498,220,T,S,WWOX,A
4416,ThermoMPNN,WWOX,0.0,220,T,T,WWOX,A
4417,ThermoMPNN,WWOX,1.752213954925537,220,T,V,WWOX,A
4418,ThermoMPNN,WWOX,1.9853267669677734,220,T,W,WWOX,A
4419,ThermoMPNN,WWOX,2.1095263957977295,220,T,Y,WWOX,A
4420,ThermoMPNN,WWOX,-0.2627997398376465,221,K,A,WWOX,A
4421,ThermoMPNN,WWOX,-0.12734806537628174,221,K,C,WWOX,A
4422,ThermoMPNN,WWOX,0.09865093231201172,221,K,D,WWOX,A
4423,ThermoMPNN,WWOX,-0.31435585021972656,221,K,E,WWOX,A
4424,ThermoMPNN,WWOX,0.4756956696510315,221,K,F,WWOX,A
4425,ThermoMPNN,WWOX,0.3595709502696991,221,K,G,WWOX,A
4426,ThermoMPNN,WWOX,0.17641222476959229,221,K,H,WWOX,A
4427,ThermoMPNN,WWOX,0.11227226257324219,221,K,I,WWOX,A
4428,ThermoMPNN,WWOX,0.0,221,K,K,WWOX,A
4429,ThermoMPNN,WWOX,0.16925477981567383,221,K,L,WWOX,A
4430,ThermoMPNN,WWOX,0.14177173376083374,221,K,M,WWOX,A
4431,ThermoMPNN,WWOX,0.20424556732177734,221,K,N,WWOX,A
4432,ThermoMPNN,WWOX,-0.38793444633483887,221,K,P,WWOX,A
4433,ThermoMPNN,WWOX,-0.1704540252685547,221,K,Q,WWOX,A
4434,ThermoMPNN,WWOX,0.1655409336090088,221,K,R,WWOX,A
4435,ThermoMPNN,WWOX,-0.280063271522522,221,K,S,WWOX,A
4436,ThermoMPNN,WWOX,0.0929800271987915,221,K,T,WWOX,A
4437,ThermoMPNN,WWOX,0.04947185516357422,221,K,V,WWOX,A
4438,ThermoMPNN,WWOX,0.42646652460098267,221,K,W,WWOX,A
4439,ThermoMPNN,WWOX,0.42663291096687317,221,K,Y,WWOX,A
4440,ThermoMPNN,WWOX,2.5923848152160645,222,D,A,WWOX,A
4441,ThermoMPNN,WWOX,1.8774069547653198,222,D,C,WWOX,A
4442,ThermoMPNN,WWOX,0.0,222,D,D,WWOX,A
4443,ThermoMPNN,WWOX,2.298971176147461,222,D,E,WWOX,A
4444,ThermoMPNN,WWOX,2.421095609664917,222,D,F,WWOX,A
4445,ThermoMPNN,WWOX,2.726102828979492,222,D,G,WWOX,A
4446,ThermoMPNN,WWOX,2.496497631072998,222,D,H,WWOX,A
4447,ThermoMPNN,WWOX,2.632420539855957,222,D,I,WWOX,A
4448,ThermoMPNN,WWOX,3.0134944915771484,222,D,K,WWOX,A
4449,ThermoMPNN,WWOX,2.7584941387176514,222,D,L,WWOX,A
4450,ThermoMPNN,WWOX,2.6564278602600098,222,D,M,WWOX,A
4451,ThermoMPNN,WWOX,1.438469409942627,222,D,N,WWOX,A
4452,ThermoMPNN,WWOX,3.2900943756103516,222,D,P,WWOX,A
4453,ThermoMPNN,WWOX,2.648106813430786,222,D,Q,WWOX,A
4454,ThermoMPNN,WWOX,2.92151141166687,222,D,R,WWOX,A
4455,ThermoMPNN,WWOX,1.6959171295166016,222,D,S,WWOX,A
4456,ThermoMPNN,WWOX,2.4423398971557617,222,D,T,WWOX,A
4457,ThermoMPNN,WWOX,2.995016574859619,222,D,V,WWOX,A
4458,ThermoMPNN,WWOX,2.420306444168091,222,D,W,WWOX,A
4459,ThermoMPNN,WWOX,2.8991405963897705,222,D,Y,WWOX,A
4460,ThermoMPNN,WWOX,1.650869369506836,223,G,A,WWOX,A
4461,ThermoMPNN,WWOX,0.8138077259063721,223,G,C,WWOX,A
4462,ThermoMPNN,WWOX,1.4493671655654907,223,G,D,WWOX,A
4463,ThermoMPNN,WWOX,1.578431487083435,223,G,E,WWOX,A
4464,ThermoMPNN,WWOX,1.5395715236663818,223,G,F,WWOX,A
4465,ThermoMPNN,WWOX,0.0,223,G,G,WWOX,A
4466,ThermoMPNN,WWOX,1.2371599674224854,223,G,H,WWOX,A
4467,ThermoMPNN,WWOX,2.5024776458740234,223,G,I,WWOX,A
4468,ThermoMPNN,WWOX,1.5342544317245483,223,G,K,WWOX,A
4469,ThermoMPNN,WWOX,1.721466064453125,223,G,L,WWOX,A
4470,ThermoMPNN,WWOX,1.4155093431472778,223,G,M,WWOX,A
4471,ThermoMPNN,WWOX,1.0723199844360352,223,G,N,WWOX,A
4472,ThermoMPNN,WWOX,2.8798611164093018,223,G,P,WWOX,A
4473,ThermoMPNN,WWOX,1.3988423347473145,223,G,Q,WWOX,A
4474,ThermoMPNN,WWOX,1.6374866962432861,223,G,R,WWOX,A
4475,ThermoMPNN,WWOX,1.6198434829711914,223,G,S,WWOX,A
4476,ThermoMPNN,WWOX,2.138530969619751,223,G,T,WWOX,A
4477,ThermoMPNN,WWOX,2.4402592182159424,223,G,V,WWOX,A
4478,ThermoMPNN,WWOX,1.8188642263412476,223,G,W,WWOX,A
4479,ThermoMPNN,WWOX,1.6697155237197876,223,G,Y,WWOX,A
4480,ThermoMPNN,WWOX,1.7032485008239746,224,L,A,WWOX,A
4481,ThermoMPNN,WWOX,0.8966692090034485,224,L,C,WWOX,A
4482,ThermoMPNN,WWOX,1.8374228477478027,224,L,D,WWOX,A
4483,ThermoMPNN,WWOX,1.6927709579467773,224,L,E,WWOX,A
4484,ThermoMPNN,WWOX,0.7674908638000488,224,L,F,WWOX,A
4485,ThermoMPNN,WWOX,1.9155608415603638,224,L,G,WWOX,A
4486,ThermoMPNN,WWOX,1.7295305728912354,224,L,H,WWOX,A
4487,ThermoMPNN,WWOX,0.49637627601623535,224,L,I,WWOX,A
4488,ThermoMPNN,WWOX,2.2494945526123047,224,L,K,WWOX,A
4489,ThermoMPNN,WWOX,0.0,224,L,L,WWOX,A
4490,ThermoMPNN,WWOX,0.7147464752197266,224,L,M,WWOX,A
4491,ThermoMPNN,WWOX,1.9620078802108765,224,L,N,WWOX,A
4492,ThermoMPNN,WWOX,2.081655263900757,224,L,P,WWOX,A
4493,ThermoMPNN,WWOX,1.8411424160003662,224,L,Q,WWOX,A
4494,ThermoMPNN,WWOX,2.2800724506378174,224,L,R,WWOX,A
4495,ThermoMPNN,WWOX,1.879063606262207,224,L,S,WWOX,A
4496,ThermoMPNN,WWOX,1.305241584777832,224,L,T,WWOX,A
4497,ThermoMPNN,WWOX,0.5357365608215332,224,L,V,WWOX,A
4498,ThermoMPNN,WWOX,1.389500379562378,224,L,W,WWOX,A
4499,ThermoMPNN,WWOX,1.0942635536193848,224,L,Y,WWOX,A
4500,ThermoMPNN,WWOX,0.01753079891204834,225,E,A,WWOX,A
4501,ThermoMPNN,WWOX,-0.11262863874435425,225,E,C,WWOX,A
4502,ThermoMPNN,WWOX,0.8375266790390015,225,E,D,WWOX,A
4503,ThermoMPNN,WWOX,0.0,225,E,E,WWOX,A
4504,ThermoMPNN,WWOX,-0.08677196502685547,225,E,F,WWOX,A
4505,ThermoMPNN,WWOX,0.6566598415374756,225,E,G,WWOX,A
4506,ThermoMPNN,WWOX,-0.06285303831100464,225,E,H,WWOX,A
4507,ThermoMPNN,WWOX,0.3651370108127594,225,E,I,WWOX,A
4508,ThermoMPNN,WWOX,0.8001859188079834,225,E,K,WWOX,A
4509,ThermoMPNN,WWOX,0.23610574007034302,225,E,L,WWOX,A
4510,ThermoMPNN,WWOX,0.04883807897567749,225,E,M,WWOX,A
4511,ThermoMPNN,WWOX,0.6633419990539551,225,E,N,WWOX,A
4512,ThermoMPNN,WWOX,0.4969041347503662,225,E,P,WWOX,A
4513,ThermoMPNN,WWOX,0.18636608123779297,225,E,Q,WWOX,A
4514,ThermoMPNN,WWOX,0.6659649014472961,225,E,R,WWOX,A
4515,ThermoMPNN,WWOX,0.6761869788169861,225,E,S,WWOX,A
4516,ThermoMPNN,WWOX,0.5254582762718201,225,E,T,WWOX,A
4517,ThermoMPNN,WWOX,-0.2483559250831604,225,E,V,WWOX,A
4518,ThermoMPNN,WWOX,0.31001967191696167,225,E,W,WWOX,A
4519,ThermoMPNN,WWOX,-0.3103964924812317,225,E,Y,WWOX,A
4520,ThermoMPNN,WWOX,0.14100724458694458,226,T,A,WWOX,A
4521,ThermoMPNN,WWOX,-0.03062659502029419,226,T,C,WWOX,A
4522,ThermoMPNN,WWOX,1.1471259593963623,226,T,D,WWOX,A
4523,ThermoMPNN,WWOX,0.4443700909614563,226,T,E,WWOX,A
4524,ThermoMPNN,WWOX,0.22178184986114502,226,T,F,WWOX,A
4525,ThermoMPNN,WWOX,0.9874814748764038,226,T,G,WWOX,A
4526,ThermoMPNN,WWOX,0.5022164583206177,226,T,H,WWOX,A
4527,ThermoMPNN,WWOX,-0.627740204334259,226,T,I,WWOX,A
4528,ThermoMPNN,WWOX,0.28311485052108765,226,T,K,WWOX,A
4529,ThermoMPNN,WWOX,-0.23869913816452026,226,T,L,WWOX,A
4530,ThermoMPNN,WWOX,0.005766689777374268,226,T,M,WWOX,A
4531,ThermoMPNN,WWOX,0.8995978832244873,226,T,N,WWOX,A
4532,ThermoMPNN,WWOX,1.620522141456604,226,T,P,WWOX,A
4533,ThermoMPNN,WWOX,0.38744109869003296,226,T,Q,WWOX,A
4534,ThermoMPNN,WWOX,0.15848308801651,226,T,R,WWOX,A
4535,ThermoMPNN,WWOX,0.43830472230911255,226,T,S,WWOX,A
4536,ThermoMPNN,WWOX,0.0,226,T,T,WWOX,A
4537,ThermoMPNN,WWOX,-0.4921799302101135,226,T,V,WWOX,A
4538,ThermoMPNN,WWOX,0.08406245708465576,226,T,W,WWOX,A
4539,ThermoMPNN,WWOX,0.06416821479797363,226,T,Y,WWOX,A
4540,ThermoMPNN,WWOX,0.628554105758667,227,T,A,WWOX,A
4541,ThermoMPNN,WWOX,0.19292563199996948,227,T,C,WWOX,A
4542,ThermoMPNN,WWOX,0.5992915630340576,227,T,D,WWOX,A
4543,ThermoMPNN,WWOX,0.9579718708992004,227,T,E,WWOX,A
4544,ThermoMPNN,WWOX,0.5997799038887024,227,T,F,WWOX,A
4545,ThermoMPNN,WWOX,1.1983494758605957,227,T,G,WWOX,A
4546,ThermoMPNN,WWOX,0.37646985054016113,227,T,H,WWOX,A
4547,ThermoMPNN,WWOX,-0.5974463224411011,227,T,I,WWOX,A
4548,ThermoMPNN,WWOX,0.9001553654670715,227,T,K,WWOX,A
4549,ThermoMPNN,WWOX,-0.03284728527069092,227,T,L,WWOX,A
4550,ThermoMPNN,WWOX,0.32784146070480347,227,T,M,WWOX,A
4551,ThermoMPNN,WWOX,0.5901650786399841,227,T,N,WWOX,A
4552,ThermoMPNN,WWOX,1.1443970203399658,227,T,P,WWOX,A
4553,ThermoMPNN,WWOX,0.7208839654922485,227,T,Q,WWOX,A
4554,ThermoMPNN,WWOX,0.7514381408691406,227,T,R,WWOX,A
4555,ThermoMPNN,WWOX,0.5089054107666016,227,T,S,WWOX,A
4556,ThermoMPNN,WWOX,0.0,227,T,T,WWOX,A
4557,ThermoMPNN,WWOX,-0.3147357702255249,227,T,V,WWOX,A
4558,ThermoMPNN,WWOX,0.6339581608772278,227,T,W,WWOX,A
4559,ThermoMPNN,WWOX,0.512433648109436,227,T,Y,WWOX,A
4560,ThermoMPNN,WWOX,2.3131046295166016,228,F,A,WWOX,A
4561,ThermoMPNN,WWOX,1.5856456756591797,228,F,C,WWOX,A
4562,ThermoMPNN,WWOX,2.647582769393921,228,F,D,WWOX,A
4563,ThermoMPNN,WWOX,2.4749090671539307,228,F,E,WWOX,A
4564,ThermoMPNN,WWOX,0.0,228,F,F,WWOX,A
4565,ThermoMPNN,WWOX,2.6143527030944824,228,F,G,WWOX,A
4566,ThermoMPNN,WWOX,2.430218458175659,228,F,H,WWOX,A
4567,ThermoMPNN,WWOX,1.4192702770233154,228,F,I,WWOX,A
4568,ThermoMPNN,WWOX,2.5701258182525635,228,F,K,WWOX,A
4569,ThermoMPNN,WWOX,1.5015156269073486,228,F,L,WWOX,A
4570,ThermoMPNN,WWOX,1.5604052543640137,228,F,M,WWOX,A
4571,ThermoMPNN,WWOX,2.625201940536499,228,F,N,WWOX,A
4572,ThermoMPNN,WWOX,2.5419921875,228,F,P,WWOX,A
4573,ThermoMPNN,WWOX,2.591459274291992,228,F,Q,WWOX,A
4574,ThermoMPNN,WWOX,2.4574804306030273,228,F,R,WWOX,A
4575,ThermoMPNN,WWOX,2.3933796882629395,228,F,S,WWOX,A
4576,ThermoMPNN,WWOX,2.25754976272583,228,F,T,WWOX,A
4577,ThermoMPNN,WWOX,1.5235998630523682,228,F,V,WWOX,A
4578,ThermoMPNN,WWOX,0.6206068992614746,228,F,W,WWOX,A
4579,ThermoMPNN,WWOX,0.8748819828033447,228,F,Y,WWOX,A
4580,ThermoMPNN,WWOX,0.580016553401947,229,Q,A,WWOX,A
4581,ThermoMPNN,WWOX,0.25330543518066406,229,Q,C,WWOX,A
4582,ThermoMPNN,WWOX,1.032991647720337,229,Q,D,WWOX,A
4583,ThermoMPNN,WWOX,0.1290801763534546,229,Q,E,WWOX,A
4584,ThermoMPNN,WWOX,0.49919748306274414,229,Q,F,WWOX,A
4585,ThermoMPNN,WWOX,1.5994038581848145,229,Q,G,WWOX,A
4586,ThermoMPNN,WWOX,0.49180102348327637,229,Q,H,WWOX,A
4587,ThermoMPNN,WWOX,0.8542346954345703,229,Q,I,WWOX,A
4588,ThermoMPNN,WWOX,1.66697359085083,229,Q,K,WWOX,A
4589,ThermoMPNN,WWOX,0.9882020950317383,229,Q,L,WWOX,A
4590,ThermoMPNN,WWOX,0.3047076463699341,229,Q,M,WWOX,A
4591,ThermoMPNN,WWOX,1.3634133338928223,229,Q,N,WWOX,A
4592,ThermoMPNN,WWOX,1.5143499374389648,229,Q,P,WWOX,A
4593,ThermoMPNN,WWOX,0.0,229,Q,Q,WWOX,A
4594,ThermoMPNN,WWOX,1.8073995113372803,229,Q,R,WWOX,A
4595,ThermoMPNN,WWOX,0.9566217064857483,229,Q,S,WWOX,A
4596,ThermoMPNN,WWOX,0.7247097492218018,229,Q,T,WWOX,A
4597,ThermoMPNN,WWOX,0.4926376938819885,229,Q,V,WWOX,A
4598,ThermoMPNN,WWOX,0.9846207499504089,229,Q,W,WWOX,A
4599,ThermoMPNN,WWOX,0.737229585647583,229,Q,Y,WWOX,A
4600,ThermoMPNN,WWOX,1.6898438930511475,230,V,A,WWOX,A
4601,ThermoMPNN,WWOX,0.9230674505233765,230,V,C,WWOX,A
4602,ThermoMPNN,WWOX,2.447634696960449,230,V,D,WWOX,A
4603,ThermoMPNN,WWOX,2.261204719543457,230,V,E,WWOX,A
4604,ThermoMPNN,WWOX,1.1718003749847412,230,V,F,WWOX,A
4605,ThermoMPNN,WWOX,2.5188260078430176,230,V,G,WWOX,A
4606,ThermoMPNN,WWOX,2.1558070182800293,230,V,H,WWOX,A
4607,ThermoMPNN,WWOX,0.006556987762451172,230,V,I,WWOX,A
4608,ThermoMPNN,WWOX,2.3165175914764404,230,V,K,WWOX,A
4609,ThermoMPNN,WWOX,0.5993263721466064,230,V,L,WWOX,A
4610,ThermoMPNN,WWOX,1.013855218887329,230,V,M,WWOX,A
4611,ThermoMPNN,WWOX,2.3857455253601074,230,V,N,WWOX,A
4612,ThermoMPNN,WWOX,2.711383819580078,230,V,P,WWOX,A
4613,ThermoMPNN,WWOX,2.1500303745269775,230,V,Q,WWOX,A
4614,ThermoMPNN,WWOX,2.3638088703155518,230,V,R,WWOX,A
4615,ThermoMPNN,WWOX,2.222208261489868,230,V,S,WWOX,A
4616,ThermoMPNN,WWOX,1.4622939825057983,230,V,T,WWOX,A
4617,ThermoMPNN,WWOX,0.0,230,V,V,WWOX,A
4618,ThermoMPNN,WWOX,1.5482817888259888,230,V,W,WWOX,A
4619,ThermoMPNN,WWOX,1.5353600978851318,230,V,Y,WWOX,A
4620,ThermoMPNN,WWOX,1.4207127094268799,231,N,A,WWOX,A
4621,ThermoMPNN,WWOX,0.8447396755218506,231,N,C,WWOX,A
4622,ThermoMPNN,WWOX,1.1700893640518188,231,N,D,WWOX,A
4623,ThermoMPNN,WWOX,1.6720367670059204,231,N,E,WWOX,A
4624,ThermoMPNN,WWOX,1.55907142162323,231,N,F,WWOX,A
4625,ThermoMPNN,WWOX,1.557240605354309,231,N,G,WWOX,A
4626,ThermoMPNN,WWOX,1.0079610347747803,231,N,H,WWOX,A
4627,ThermoMPNN,WWOX,1.8530051708221436,231,N,I,WWOX,A
4628,ThermoMPNN,WWOX,1.365196943283081,231,N,K,WWOX,A
4629,ThermoMPNN,WWOX,1.1824572086334229,231,N,L,WWOX,A
4630,ThermoMPNN,WWOX,1.3838961124420166,231,N,M,WWOX,A
4631,ThermoMPNN,WWOX,0.0,231,N,N,WWOX,A
4632,ThermoMPNN,WWOX,2.3883867263793945,231,N,P,WWOX,A
4633,ThermoMPNN,WWOX,1.649407982826233,231,N,Q,WWOX,A
4634,ThermoMPNN,WWOX,1.3185516595840454,231,N,R,WWOX,A
4635,ThermoMPNN,WWOX,1.1497998237609863,231,N,S,WWOX,A
4636,ThermoMPNN,WWOX,1.841921329498291,231,N,T,WWOX,A
4637,ThermoMPNN,WWOX,1.7898541688919067,231,N,V,WWOX,A
4638,ThermoMPNN,WWOX,1.8797543048858643,231,N,W,WWOX,A
4639,ThermoMPNN,WWOX,1.6359162330627441,231,N,Y,WWOX,A
4640,ThermoMPNN,WWOX,0.22515642642974854,232,H,A,WWOX,A
4641,ThermoMPNN,WWOX,-0.4061979055404663,232,H,C,WWOX,A
4642,ThermoMPNN,WWOX,0.9070509672164917,232,H,D,WWOX,A
4643,ThermoMPNN,WWOX,1.1571252346038818,232,H,E,WWOX,A
4644,ThermoMPNN,WWOX,-0.3543891906738281,232,H,F,WWOX,A
4645,ThermoMPNN,WWOX,1.0470905303955078,232,H,G,WWOX,A
4646,ThermoMPNN,WWOX,0.0,232,H,H,WWOX,A
4647,ThermoMPNN,WWOX,-0.17572128772735596,232,H,I,WWOX,A
4648,ThermoMPNN,WWOX,0.9943668246269226,232,H,K,WWOX,A
4649,ThermoMPNN,WWOX,0.0904768705368042,232,H,L,WWOX,A
4650,ThermoMPNN,WWOX,0.10169237852096558,232,H,M,WWOX,A
4651,ThermoMPNN,WWOX,0.24654877185821533,232,H,N,WWOX,A
4652,ThermoMPNN,WWOX,0.8786429762840271,232,H,P,WWOX,A
4653,ThermoMPNN,WWOX,0.8607164621353149,232,H,Q,WWOX,A
4654,ThermoMPNN,WWOX,0.7940024733543396,232,H,R,WWOX,A
4655,ThermoMPNN,WWOX,-0.029494643211364746,232,H,S,WWOX,A
4656,ThermoMPNN,WWOX,-0.13563859462738037,232,H,T,WWOX,A
4657,ThermoMPNN,WWOX,-0.35303187370300293,232,H,V,WWOX,A
4658,ThermoMPNN,WWOX,0.19086015224456787,232,H,W,WWOX,A
4659,ThermoMPNN,WWOX,-0.1733384132385254,232,H,Y,WWOX,A
4660,ThermoMPNN,WWOX,2.685483455657959,233,L,A,WWOX,A
4661,ThermoMPNN,WWOX,1.774824619293213,233,L,C,WWOX,A
4662,ThermoMPNN,WWOX,2.5888314247131348,233,L,D,WWOX,A
4663,ThermoMPNN,WWOX,2.8845245838165283,233,L,E,WWOX,A
4664,ThermoMPNN,WWOX,1.4054319858551025,233,L,F,WWOX,A
4665,ThermoMPNN,WWOX,3.187485456466675,233,L,G,WWOX,A
4666,ThermoMPNN,WWOX,2.821600914001465,233,L,H,WWOX,A
4667,ThermoMPNN,WWOX,1.041524887084961,233,L,I,WWOX,A
4668,ThermoMPNN,WWOX,2.9343161582946777,233,L,K,WWOX,A
4669,ThermoMPNN,WWOX,0.0,233,L,L,WWOX,A
4670,ThermoMPNN,WWOX,1.2162902355194092,233,L,M,WWOX,A
4671,ThermoMPNN,WWOX,2.796839714050293,233,L,N,WWOX,A
4672,ThermoMPNN,WWOX,2.831343650817871,233,L,P,WWOX,A
4673,ThermoMPNN,WWOX,2.9598896503448486,233,L,Q,WWOX,A
4674,ThermoMPNN,WWOX,2.9182088375091553,233,L,R,WWOX,A
4675,ThermoMPNN,WWOX,2.951110601425171,233,L,S,WWOX,A
4676,ThermoMPNN,WWOX,2.6787147521972656,233,L,T,WWOX,A
4677,ThermoMPNN,WWOX,1.7464399337768555,233,L,V,WWOX,A
4678,ThermoMPNN,WWOX,2.3655405044555664,233,L,W,WWOX,A
4679,ThermoMPNN,WWOX,2.1813230514526367,233,L,Y,WWOX,A
4680,ThermoMPNN,WWOX,2.1850297451019287,234,G,A,WWOX,A
4681,ThermoMPNN,WWOX,1.7951414585113525,234,G,C,WWOX,A
4682,ThermoMPNN,WWOX,3.091315507888794,234,G,D,WWOX,A
4683,ThermoMPNN,WWOX,3.0636982917785645,234,G,E,WWOX,A
4684,ThermoMPNN,WWOX,1.8376619815826416,234,G,F,WWOX,A
4685,ThermoMPNN,WWOX,0.0,234,G,G,WWOX,A
4686,ThermoMPNN,WWOX,2.7063493728637695,234,G,H,WWOX,A
4687,ThermoMPNN,WWOX,2.346747398376465,234,G,I,WWOX,A
4688,ThermoMPNN,WWOX,2.998323917388916,234,G,K,WWOX,A
4689,ThermoMPNN,WWOX,2.3007497787475586,234,G,L,WWOX,A
4690,ThermoMPNN,WWOX,2.2350780963897705,234,G,M,WWOX,A
4691,ThermoMPNN,WWOX,2.902404308319092,234,G,N,WWOX,A
4692,ThermoMPNN,WWOX,2.634859323501587,234,G,P,WWOX,A
4693,ThermoMPNN,WWOX,2.847193479537964,234,G,Q,WWOX,A
4694,ThermoMPNN,WWOX,2.8798420429229736,234,G,R,WWOX,A
4695,ThermoMPNN,WWOX,2.532822370529175,234,G,S,WWOX,A
4696,ThermoMPNN,WWOX,2.6744773387908936,234,G,T,WWOX,A
4697,ThermoMPNN,WWOX,2.1540262699127197,234,G,V,WWOX,A
4698,ThermoMPNN,WWOX,2.0046727657318115,234,G,W,WWOX,A
4699,ThermoMPNN,WWOX,2.1091902256011963,234,G,Y,WWOX,A
4700,ThermoMPNN,WWOX,0.7532856464385986,235,H,A,WWOX,A
4701,ThermoMPNN,WWOX,0.4712895154953003,235,H,C,WWOX,A
4702,ThermoMPNN,WWOX,1.7475907802581787,235,H,D,WWOX,A
4703,ThermoMPNN,WWOX,1.3556535243988037,235,H,E,WWOX,A
4704,ThermoMPNN,WWOX,0.8083353638648987,235,H,F,WWOX,A
4705,ThermoMPNN,WWOX,1.062943696975708,235,H,G,WWOX,A
4706,ThermoMPNN,WWOX,0.0,235,H,H,WWOX,A
4707,ThermoMPNN,WWOX,1.1631665229797363,235,H,I,WWOX,A
4708,ThermoMPNN,WWOX,0.38503777980804443,235,H,K,WWOX,A
4709,ThermoMPNN,WWOX,0.9019657373428345,235,H,L,WWOX,A
4710,ThermoMPNN,WWOX,0.9285916090011597,235,H,M,WWOX,A
4711,ThermoMPNN,WWOX,0.5450507998466492,235,H,N,WWOX,A
4712,ThermoMPNN,WWOX,0.4500758647918701,235,H,P,WWOX,A
4713,ThermoMPNN,WWOX,0.6119440793991089,235,H,Q,WWOX,A
4714,ThermoMPNN,WWOX,0.5092924237251282,235,H,R,WWOX,A
4715,ThermoMPNN,WWOX,0.9244352579116821,235,H,S,WWOX,A
4716,ThermoMPNN,WWOX,1.3500170707702637,235,H,T,WWOX,A
4717,ThermoMPNN,WWOX,1.3124772310256958,235,H,V,WWOX,A
4718,ThermoMPNN,WWOX,1.0280221700668335,235,H,W,WWOX,A
4719,ThermoMPNN,WWOX,0.4701622724533081,235,H,Y,WWOX,A
4720,ThermoMPNN,WWOX,2.0604324340820312,236,F,A,WWOX,A
4721,ThermoMPNN,WWOX,1.256951093673706,236,F,C,WWOX,A
4722,ThermoMPNN,WWOX,3.1147782802581787,236,F,D,WWOX,A
4723,ThermoMPNN,WWOX,2.6944453716278076,236,F,E,WWOX,A
4724,ThermoMPNN,WWOX,0.0,236,F,F,WWOX,A
4725,ThermoMPNN,WWOX,2.910013198852539,236,F,G,WWOX,A
4726,ThermoMPNN,WWOX,1.6229642629623413,236,F,H,WWOX,A
4727,ThermoMPNN,WWOX,1.5675139427185059,236,F,I,WWOX,A
4728,ThermoMPNN,WWOX,2.337259292602539,236,F,K,WWOX,A
4729,ThermoMPNN,WWOX,1.339064598083496,236,F,L,WWOX,A
4730,ThermoMPNN,WWOX,1.5570895671844482,236,F,M,WWOX,A
4731,ThermoMPNN,WWOX,2.4806597232818604,236,F,N,WWOX,A
4732,ThermoMPNN,WWOX,2.862410306930542,236,F,P,WWOX,A
4733,ThermoMPNN,WWOX,2.3382859230041504,236,F,Q,WWOX,A
4734,ThermoMPNN,WWOX,2.2303848266601562,236,F,R,WWOX,A
4735,ThermoMPNN,WWOX,2.512244701385498,236,F,S,WWOX,A
4736,ThermoMPNN,WWOX,2.375159502029419,236,F,T,WWOX,A
4737,ThermoMPNN,WWOX,1.3809142112731934,236,F,V,WWOX,A
4738,ThermoMPNN,WWOX,0.7090344429016113,236,F,W,WWOX,A
4739,ThermoMPNN,WWOX,0.19726061820983887,236,F,Y,WWOX,A
4740,ThermoMPNN,WWOX,0.9069763422012329,237,Y,A,WWOX,A
4741,ThermoMPNN,WWOX,0.5815510749816895,237,Y,C,WWOX,A
4742,ThermoMPNN,WWOX,3.0808634757995605,237,Y,D,WWOX,A
4743,ThermoMPNN,WWOX,2.7735941410064697,237,Y,E,WWOX,A
4744,ThermoMPNN,WWOX,-0.09879779815673828,237,Y,F,WWOX,A
4745,ThermoMPNN,WWOX,2.398120641708374,237,Y,G,WWOX,A
4746,ThermoMPNN,WWOX,1.5995327234268188,237,Y,H,WWOX,A
4747,ThermoMPNN,WWOX,0.6312835216522217,237,Y,I,WWOX,A
4748,ThermoMPNN,WWOX,2.2397451400756836,237,Y,K,WWOX,A
4749,ThermoMPNN,WWOX,0.37032508850097656,237,Y,L,WWOX,A
4750,ThermoMPNN,WWOX,0.9270926713943481,237,Y,M,WWOX,A
4751,ThermoMPNN,WWOX,2.3712046146392822,237,Y,N,WWOX,A
4752,ThermoMPNN,WWOX,2.88250732421875,237,Y,P,WWOX,A
4753,ThermoMPNN,WWOX,2.472128391265869,237,Y,Q,WWOX,A
4754,ThermoMPNN,WWOX,2.288661003112793,237,Y,R,WWOX,A
4755,ThermoMPNN,WWOX,1.9379754066467285,237,Y,S,WWOX,A
4756,ThermoMPNN,WWOX,1.7775201797485352,237,Y,T,WWOX,A
4757,ThermoMPNN,WWOX,0.6702202558517456,237,Y,V,WWOX,A
4758,ThermoMPNN,WWOX,0.6029168367385864,237,Y,W,WWOX,A
4759,ThermoMPNN,WWOX,0.0,237,Y,Y,WWOX,A
4760,ThermoMPNN,WWOX,1.8822364807128906,238,L,A,WWOX,A
4761,ThermoMPNN,WWOX,1.3696861267089844,238,L,C,WWOX,A
4762,ThermoMPNN,WWOX,3.012183904647827,238,L,D,WWOX,A
4763,ThermoMPNN,WWOX,2.606052875518799,238,L,E,WWOX,A
4764,ThermoMPNN,WWOX,1.334046721458435,238,L,F,WWOX,A
4765,ThermoMPNN,WWOX,2.6990866661071777,238,L,G,WWOX,A
4766,ThermoMPNN,WWOX,2.7782235145568848,238,L,H,WWOX,A
4767,ThermoMPNN,WWOX,1.0958856344223022,238,L,I,WWOX,A
4768,ThermoMPNN,WWOX,2.7579267024993896,238,L,K,WWOX,A
4769,ThermoMPNN,WWOX,0.0,238,L,L,WWOX,A
4770,ThermoMPNN,WWOX,0.9162496328353882,238,L,M,WWOX,A
4771,ThermoMPNN,WWOX,2.878112554550171,238,L,N,WWOX,A
4772,ThermoMPNN,WWOX,3.159156084060669,238,L,P,WWOX,A
4773,ThermoMPNN,WWOX,2.560485601425171,238,L,Q,WWOX,A
4774,ThermoMPNN,WWOX,2.819303512573242,238,L,R,WWOX,A
4775,ThermoMPNN,WWOX,2.506922960281372,238,L,S,WWOX,A
4776,ThermoMPNN,WWOX,2.2193727493286133,238,L,T,WWOX,A
4777,ThermoMPNN,WWOX,1.3925583362579346,238,L,V,WWOX,A
4778,ThermoMPNN,WWOX,1.902690052986145,238,L,W,WWOX,A
4779,ThermoMPNN,WWOX,1.970047116279602,238,L,Y,WWOX,A
4780,ThermoMPNN,WWOX,1.517591118812561,239,V,A,WWOX,A
4781,ThermoMPNN,WWOX,1.1125723123550415,239,V,C,WWOX,A
4782,ThermoMPNN,WWOX,3.4628474712371826,239,V,D,WWOX,A
4783,ThermoMPNN,WWOX,3.3528554439544678,239,V,E,WWOX,A
4784,ThermoMPNN,WWOX,1.8339729309082031,239,V,F,WWOX,A
4785,ThermoMPNN,WWOX,2.7354371547698975,239,V,G,WWOX,A
4786,ThermoMPNN,WWOX,3.0038716793060303,239,V,H,WWOX,A
4787,ThermoMPNN,WWOX,0.25377941131591797,239,V,I,WWOX,A
4788,ThermoMPNN,WWOX,3.1243457794189453,239,V,K,WWOX,A
4789,ThermoMPNN,WWOX,1.2420868873596191,239,V,L,WWOX,A
4790,ThermoMPNN,WWOX,1.6108283996582031,239,V,M,WWOX,A
4791,ThermoMPNN,WWOX,3.217569351196289,239,V,N,WWOX,A
4792,ThermoMPNN,WWOX,3.2440433502197266,239,V,P,WWOX,A
4793,ThermoMPNN,WWOX,3.056575298309326,239,V,Q,WWOX,A
4794,ThermoMPNN,WWOX,2.9822006225585938,239,V,R,WWOX,A
4795,ThermoMPNN,WWOX,2.3968474864959717,239,V,S,WWOX,A
4796,ThermoMPNN,WWOX,1.5395970344543457,239,V,T,WWOX,A
4797,ThermoMPNN,WWOX,0.0,239,V,V,WWOX,A
4798,ThermoMPNN,WWOX,2.2908120155334473,239,V,W,WWOX,A
4799,ThermoMPNN,WWOX,2.1745386123657227,239,V,Y,WWOX,A
4800,ThermoMPNN,WWOX,0.5360618233680725,240,Q,A,WWOX,A
4801,ThermoMPNN,WWOX,0.058063507080078125,240,Q,C,WWOX,A
4802,ThermoMPNN,WWOX,2.2244410514831543,240,Q,D,WWOX,A
4803,ThermoMPNN,WWOX,1.6963825225830078,240,Q,E,WWOX,A
4804,ThermoMPNN,WWOX,0.029193639755249023,240,Q,F,WWOX,A
4805,ThermoMPNN,WWOX,1.3679757118225098,240,Q,G,WWOX,A
4806,ThermoMPNN,WWOX,0.3577486276626587,240,Q,H,WWOX,A
4807,ThermoMPNN,WWOX,-0.04559469223022461,240,Q,I,WWOX,A
4808,ThermoMPNN,WWOX,-0.4596865177154541,240,Q,K,WWOX,A
4809,ThermoMPNN,WWOX,-0.2755858898162842,240,Q,L,WWOX,A
4810,ThermoMPNN,WWOX,-0.5228173732757568,240,Q,M,WWOX,A
4811,ThermoMPNN,WWOX,0.7880151867866516,240,Q,N,WWOX,A
4812,ThermoMPNN,WWOX,2.6162543296813965,240,Q,P,WWOX,A
4813,ThermoMPNN,WWOX,0.0,240,Q,Q,WWOX,A
4814,ThermoMPNN,WWOX,-0.7500877380371094,240,Q,R,WWOX,A
4815,ThermoMPNN,WWOX,0.22907763719558716,240,Q,S,WWOX,A
4816,ThermoMPNN,WWOX,0.2353806495666504,240,Q,T,WWOX,A
4817,ThermoMPNN,WWOX,0.1287030577659607,240,Q,V,WWOX,A
4818,ThermoMPNN,WWOX,0.3055328130722046,240,Q,W,WWOX,A
4819,ThermoMPNN,WWOX,0.2785453796386719,240,Q,Y,WWOX,A
4820,ThermoMPNN,WWOX,2.2483062744140625,241,L,A,WWOX,A
4821,ThermoMPNN,WWOX,1.2721134424209595,241,L,C,WWOX,A
4822,ThermoMPNN,WWOX,3.6339499950408936,241,L,D,WWOX,A
4823,ThermoMPNN,WWOX,2.2531371116638184,241,L,E,WWOX,A
4824,ThermoMPNN,WWOX,1.5029218196868896,241,L,F,WWOX,A
4825,ThermoMPNN,WWOX,3.0552072525024414,241,L,G,WWOX,A
4826,ThermoMPNN,WWOX,2.360042095184326,241,L,H,WWOX,A
4827,ThermoMPNN,WWOX,1.5866070985794067,241,L,I,WWOX,A
4828,ThermoMPNN,WWOX,2.0248825550079346,241,L,K,WWOX,A
4829,ThermoMPNN,WWOX,0.0,241,L,L,WWOX,A
4830,ThermoMPNN,WWOX,0.7652842998504639,241,L,M,WWOX,A
4831,ThermoMPNN,WWOX,2.8437721729278564,241,L,N,WWOX,A
4832,ThermoMPNN,WWOX,3.7333662509918213,241,L,P,WWOX,A
4833,ThermoMPNN,WWOX,1.9012302160263062,241,L,Q,WWOX,A
4834,ThermoMPNN,WWOX,1.974932074546814,241,L,R,WWOX,A
4835,ThermoMPNN,WWOX,2.664437770843506,241,L,S,WWOX,A
4836,ThermoMPNN,WWOX,2.399742603302002,241,L,T,WWOX,A
4837,ThermoMPNN,WWOX,1.8327040672302246,241,L,V,WWOX,A
4838,ThermoMPNN,WWOX,1.8703792095184326,241,L,W,WWOX,A
4839,ThermoMPNN,WWOX,1.992733120918274,241,L,Y,WWOX,A
4840,ThermoMPNN,WWOX,2.1776483058929443,242,L,A,WWOX,A
4841,ThermoMPNN,WWOX,1.379857063293457,242,L,C,WWOX,A
4842,ThermoMPNN,WWOX,2.9932503700256348,242,L,D,WWOX,A
4843,ThermoMPNN,WWOX,2.641599655151367,242,L,E,WWOX,A
4844,ThermoMPNN,WWOX,1.5354087352752686,242,L,F,WWOX,A
4845,ThermoMPNN,WWOX,2.774409294128418,242,L,G,WWOX,A
4846,ThermoMPNN,WWOX,2.6890039443969727,242,L,H,WWOX,A
4847,ThermoMPNN,WWOX,1.04085373878479,242,L,I,WWOX,A
4848,ThermoMPNN,WWOX,2.645885944366455,242,L,K,WWOX,A
4849,ThermoMPNN,WWOX,0.0,242,L,L,WWOX,A
4850,ThermoMPNN,WWOX,1.094780445098877,242,L,M,WWOX,A
4851,ThermoMPNN,WWOX,2.821042537689209,242,L,N,WWOX,A
4852,ThermoMPNN,WWOX,2.954810857772827,242,L,P,WWOX,A
4853,ThermoMPNN,WWOX,2.4917218685150146,242,L,Q,WWOX,A
4854,ThermoMPNN,WWOX,2.7803795337677,242,L,R,WWOX,A
4855,ThermoMPNN,WWOX,2.5625650882720947,242,L,S,WWOX,A
4856,ThermoMPNN,WWOX,2.1459760665893555,242,L,T,WWOX,A
4857,ThermoMPNN,WWOX,1.1997407674789429,242,L,V,WWOX,A
4858,ThermoMPNN,WWOX,1.9433238506317139,242,L,W,WWOX,A
4859,ThermoMPNN,WWOX,2.037677049636841,242,L,Y,WWOX,A
4860,ThermoMPNN,WWOX,0.21468639373779297,243,Q,A,WWOX,A
4861,ThermoMPNN,WWOX,-0.35456526279449463,243,Q,C,WWOX,A
4862,ThermoMPNN,WWOX,1.0109370946884155,243,Q,D,WWOX,A
4863,ThermoMPNN,WWOX,0.025699198246002197,243,Q,E,WWOX,A
4864,ThermoMPNN,WWOX,-0.23680484294891357,243,Q,F,WWOX,A
4865,ThermoMPNN,WWOX,1.3175630569458008,243,Q,G,WWOX,A
4866,ThermoMPNN,WWOX,0.38029107451438904,243,Q,H,WWOX,A
4867,ThermoMPNN,WWOX,-0.5089865922927856,243,Q,I,WWOX,A
4868,ThermoMPNN,WWOX,0.7841411232948303,243,Q,K,WWOX,A
4869,ThermoMPNN,WWOX,-0.3956209421157837,243,Q,L,WWOX,A
4870,ThermoMPNN,WWOX,-0.4765441417694092,243,Q,M,WWOX,A
4871,ThermoMPNN,WWOX,1.0394835472106934,243,Q,N,WWOX,A
4872,ThermoMPNN,WWOX,2.2147622108459473,243,Q,P,WWOX,A
4873,ThermoMPNN,WWOX,0.0,243,Q,Q,WWOX,A
4874,ThermoMPNN,WWOX,0.6998750567436218,243,Q,R,WWOX,A
4875,ThermoMPNN,WWOX,0.22628545761108398,243,Q,S,WWOX,A
4876,ThermoMPNN,WWOX,0.09094464778900146,243,Q,T,WWOX,A
4877,ThermoMPNN,WWOX,-0.43553388118743896,243,Q,V,WWOX,A
4878,ThermoMPNN,WWOX,-0.6787548065185547,243,Q,W,WWOX,A
4879,ThermoMPNN,WWOX,-0.24975883960723877,243,Q,Y,WWOX,A
4880,ThermoMPNN,WWOX,0.6030623912811279,244,D,A,WWOX,A
4881,ThermoMPNN,WWOX,0.4317702651023865,244,D,C,WWOX,A
4882,ThermoMPNN,WWOX,0.0,244,D,D,WWOX,A
4883,ThermoMPNN,WWOX,0.4514352083206177,244,D,E,WWOX,A
4884,ThermoMPNN,WWOX,0.6510637402534485,244,D,F,WWOX,A
4885,ThermoMPNN,WWOX,0.7454947233200073,244,D,G,WWOX,A
4886,ThermoMPNN,WWOX,0.7389016151428223,244,D,H,WWOX,A
4887,ThermoMPNN,WWOX,0.7170543074607849,244,D,I,WWOX,A
4888,ThermoMPNN,WWOX,0.8841031789779663,244,D,K,WWOX,A
4889,ThermoMPNN,WWOX,0.7717221975326538,244,D,L,WWOX,A
4890,ThermoMPNN,WWOX,0.7851102948188782,244,D,M,WWOX,A
4891,ThermoMPNN,WWOX,0.5593468546867371,244,D,N,WWOX,A
4892,ThermoMPNN,WWOX,0.7455908060073853,244,D,P,WWOX,A
4893,ThermoMPNN,WWOX,0.7298393845558167,244,D,Q,WWOX,A
4894,ThermoMPNN,WWOX,0.857987642288208,244,D,R,WWOX,A
4895,ThermoMPNN,WWOX,0.415313720703125,244,D,S,WWOX,A
4896,ThermoMPNN,WWOX,0.62846440076828,244,D,T,WWOX,A
4897,ThermoMPNN,WWOX,0.7771385312080383,244,D,V,WWOX,A
4898,ThermoMPNN,WWOX,0.49774038791656494,244,D,W,WWOX,A
4899,ThermoMPNN,WWOX,0.7372637987136841,244,D,Y,WWOX,A
4900,ThermoMPNN,WWOX,1.1839686632156372,245,V,A,WWOX,A
4901,ThermoMPNN,WWOX,0.8536862730979919,245,V,C,WWOX,A
4902,ThermoMPNN,WWOX,1.295233130455017,245,V,D,WWOX,A
4903,ThermoMPNN,WWOX,1.3821357488632202,245,V,E,WWOX,A
4904,ThermoMPNN,WWOX,0.7762078046798706,245,V,F,WWOX,A
4905,ThermoMPNN,WWOX,2.370532989501953,245,V,G,WWOX,A
4906,ThermoMPNN,WWOX,1.3458601236343384,245,V,H,WWOX,A
4907,ThermoMPNN,WWOX,0.12715303897857666,245,V,I,WWOX,A
4908,ThermoMPNN,WWOX,1.709792137145996,245,V,K,WWOX,A
4909,ThermoMPNN,WWOX,0.47529661655426025,245,V,L,WWOX,A
4910,ThermoMPNN,WWOX,0.5503487586975098,245,V,M,WWOX,A
4911,ThermoMPNN,WWOX,1.6538777351379395,245,V,N,WWOX,A
4912,ThermoMPNN,WWOX,2.0861337184906006,245,V,P,WWOX,A
4913,ThermoMPNN,WWOX,1.1051442623138428,245,V,Q,WWOX,A
4914,ThermoMPNN,WWOX,1.651132345199585,245,V,R,WWOX,A
4915,ThermoMPNN,WWOX,1.367159128189087,245,V,S,WWOX,A
4916,ThermoMPNN,WWOX,0.8456407189369202,245,V,T,WWOX,A
4917,ThermoMPNN,WWOX,0.0,245,V,V,WWOX,A
4918,ThermoMPNN,WWOX,0.8118235468864441,245,V,W,WWOX,A
4919,ThermoMPNN,WWOX,0.9868389368057251,245,V,Y,WWOX,A
4920,ThermoMPNN,WWOX,2.5765256881713867,246,L,A,WWOX,A
4921,ThermoMPNN,WWOX,1.847733497619629,246,L,C,WWOX,A
4922,ThermoMPNN,WWOX,3.2216780185699463,246,L,D,WWOX,A
4923,ThermoMPNN,WWOX,3.1072404384613037,246,L,E,WWOX,A
4924,ThermoMPNN,WWOX,1.7063571214675903,246,L,F,WWOX,A
4925,ThermoMPNN,WWOX,2.8486547470092773,246,L,G,WWOX,A
4926,ThermoMPNN,WWOX,3.249782085418701,246,L,H,WWOX,A
4927,ThermoMPNN,WWOX,1.409102201461792,246,L,I,WWOX,A
4928,ThermoMPNN,WWOX,3.0479652881622314,246,L,K,WWOX,A
4929,ThermoMPNN,WWOX,0.0,246,L,L,WWOX,A
4930,ThermoMPNN,WWOX,1.1485508680343628,246,L,M,WWOX,A
4931,ThermoMPNN,WWOX,3.175262451171875,246,L,N,WWOX,A
4932,ThermoMPNN,WWOX,3.3123464584350586,246,L,P,WWOX,A
4933,ThermoMPNN,WWOX,3.067145347595215,246,L,Q,WWOX,A
4934,ThermoMPNN,WWOX,3.0563929080963135,246,L,R,WWOX,A
4935,ThermoMPNN,WWOX,3.1185131072998047,246,L,S,WWOX,A
4936,ThermoMPNN,WWOX,3.0275115966796875,246,L,T,WWOX,A
4937,ThermoMPNN,WWOX,2.027963399887085,246,L,V,WWOX,A
4938,ThermoMPNN,WWOX,2.5000147819519043,246,L,W,WWOX,A
4939,ThermoMPNN,WWOX,2.549881935119629,246,L,Y,WWOX,A
4940,ThermoMPNN,WWOX,0.6853329539299011,247,C,A,WWOX,A
4941,ThermoMPNN,WWOX,0.0,247,C,C,WWOX,A
4942,ThermoMPNN,WWOX,0.8555630445480347,247,C,D,WWOX,A
4943,ThermoMPNN,WWOX,0.1452956199645996,247,C,E,WWOX,A
4944,ThermoMPNN,WWOX,0.4963560700416565,247,C,F,WWOX,A
4945,ThermoMPNN,WWOX,1.2936038970947266,247,C,G,WWOX,A
4946,ThermoMPNN,WWOX,0.8278844356536865,247,C,H,WWOX,A
4947,ThermoMPNN,WWOX,-0.20831716060638428,247,C,I,WWOX,A
4948,ThermoMPNN,WWOX,1.088921070098877,247,C,K,WWOX,A
4949,ThermoMPNN,WWOX,0.02214682102203369,247,C,L,WWOX,A
4950,ThermoMPNN,WWOX,0.09297037124633789,247,C,M,WWOX,A
4951,ThermoMPNN,WWOX,0.990371823310852,247,C,N,WWOX,A
4952,ThermoMPNN,WWOX,2.366692066192627,247,C,P,WWOX,A
4953,ThermoMPNN,WWOX,0.4878579378128052,247,C,Q,WWOX,A
4954,ThermoMPNN,WWOX,1.1947734355926514,247,C,R,WWOX,A
4955,ThermoMPNN,WWOX,0.7612861394882202,247,C,S,WWOX,A
4956,ThermoMPNN,WWOX,0.4830169677734375,247,C,T,WWOX,A
4957,ThermoMPNN,WWOX,-0.06722080707550049,247,C,V,WWOX,A
4958,ThermoMPNN,WWOX,0.6479393243789673,247,C,W,WWOX,A
4959,ThermoMPNN,WWOX,0.7182287573814392,247,C,Y,WWOX,A
4960,ThermoMPNN,WWOX,-0.08117151260375977,248,R,A,WWOX,A
4961,ThermoMPNN,WWOX,0.22801005840301514,248,R,C,WWOX,A
4962,ThermoMPNN,WWOX,0.6476433873176575,248,R,D,WWOX,A
4963,ThermoMPNN,WWOX,0.4433475732803345,248,R,E,WWOX,A
4964,ThermoMPNN,WWOX,0.571502149105072,248,R,F,WWOX,A
4965,ThermoMPNN,WWOX,0.6185077428817749,248,R,G,WWOX,A
4966,ThermoMPNN,WWOX,0.4200058579444885,248,R,H,WWOX,A
4967,ThermoMPNN,WWOX,0.5005253553390503,248,R,I,WWOX,A
4968,ThermoMPNN,WWOX,0.06649255752563477,248,R,K,WWOX,A
4969,ThermoMPNN,WWOX,0.27452385425567627,248,R,L,WWOX,A
4970,ThermoMPNN,WWOX,0.18171095848083496,248,R,M,WWOX,A
4971,ThermoMPNN,WWOX,0.41534775495529175,248,R,N,WWOX,A
4972,ThermoMPNN,WWOX,2.3209002017974854,248,R,P,WWOX,A
4973,ThermoMPNN,WWOX,0.15045666694641113,248,R,Q,WWOX,A
4974,ThermoMPNN,WWOX,0.0,248,R,R,WWOX,A
4975,ThermoMPNN,WWOX,0.21296542882919312,248,R,S,WWOX,A
4976,ThermoMPNN,WWOX,0.5767517685890198,248,R,T,WWOX,A
4977,ThermoMPNN,WWOX,0.6920357942581177,248,R,V,WWOX,A
4978,ThermoMPNN,WWOX,0.5103225708007812,248,R,W,WWOX,A
4979,ThermoMPNN,WWOX,0.5451275110244751,248,R,Y,WWOX,A
4980,ThermoMPNN,WWOX,0.8870847225189209,249,S,A,WWOX,A
4981,ThermoMPNN,WWOX,0.9185672998428345,249,S,C,WWOX,A
4982,ThermoMPNN,WWOX,1.7544995546340942,249,S,D,WWOX,A
4983,ThermoMPNN,WWOX,1.9602255821228027,249,S,E,WWOX,A
4984,ThermoMPNN,WWOX,1.4793685674667358,249,S,F,WWOX,A
4985,ThermoMPNN,WWOX,1.3735928535461426,249,S,G,WWOX,A
4986,ThermoMPNN,WWOX,1.884138822555542,249,S,H,WWOX,A
4987,ThermoMPNN,WWOX,1.5291169881820679,249,S,I,WWOX,A
4988,ThermoMPNN,WWOX,1.9471486806869507,249,S,K,WWOX,A
4989,ThermoMPNN,WWOX,1.8753730058670044,249,S,L,WWOX,A
4990,ThermoMPNN,WWOX,1.3767939805984497,249,S,M,WWOX,A
4991,ThermoMPNN,WWOX,1.7391992807388306,249,S,N,WWOX,A
4992,ThermoMPNN,WWOX,2.198885679244995,249,S,P,WWOX,A
4993,ThermoMPNN,WWOX,1.662198543548584,249,S,Q,WWOX,A
4994,ThermoMPNN,WWOX,1.838197112083435,249,S,R,WWOX,A
4995,ThermoMPNN,WWOX,0.0,249,S,S,WWOX,A
4996,ThermoMPNN,WWOX,0.5350048542022705,249,S,T,WWOX,A
4997,ThermoMPNN,WWOX,1.564176082611084,249,S,V,WWOX,A
4998,ThermoMPNN,WWOX,1.4302890300750732,249,S,W,WWOX,A
4999,ThermoMPNN,WWOX,1.7651119232177734,249,S,Y,WWOX,A
5000,ThermoMPNN,WWOX,0.0,250,A,A,WWOX,A
5001,ThermoMPNN,WWOX,0.4653747081756592,250,A,C,WWOX,A
5002,ThermoMPNN,WWOX,1.549459457397461,250,A,D,WWOX,A
5003,ThermoMPNN,WWOX,1.100744605064392,250,A,E,WWOX,A
5004,ThermoMPNN,WWOX,0.8481591939926147,250,A,F,WWOX,A
5005,ThermoMPNN,WWOX,0.7888834476470947,250,A,G,WWOX,A
5006,ThermoMPNN,WWOX,0.9588358402252197,250,A,H,WWOX,A
5007,ThermoMPNN,WWOX,0.8000668287277222,250,A,I,WWOX,A
5008,ThermoMPNN,WWOX,0.6369991302490234,250,A,K,WWOX,A
5009,ThermoMPNN,WWOX,0.9007251858711243,250,A,L,WWOX,A
5010,ThermoMPNN,WWOX,0.7805562019348145,250,A,M,WWOX,A
5011,ThermoMPNN,WWOX,1.1731253862380981,250,A,N,WWOX,A
5012,ThermoMPNN,WWOX,1.1682418584823608,250,A,P,WWOX,A
5013,ThermoMPNN,WWOX,0.8333390951156616,250,A,Q,WWOX,A
5014,ThermoMPNN,WWOX,0.6017774343490601,250,A,R,WWOX,A
5015,ThermoMPNN,WWOX,0.5148719549179077,250,A,S,WWOX,A
5016,ThermoMPNN,WWOX,0.7245895862579346,250,A,T,WWOX,A
5017,ThermoMPNN,WWOX,0.5334818959236145,250,A,V,WWOX,A
5018,ThermoMPNN,WWOX,0.9569839239120483,250,A,W,WWOX,A
5019,ThermoMPNN,WWOX,0.9227628111839294,250,A,Y,WWOX,A
5020,ThermoMPNN,WWOX,1.297660231590271,251,P,A,WWOX,A
5021,ThermoMPNN,WWOX,0.7213325500488281,251,P,C,WWOX,A
5022,ThermoMPNN,WWOX,1.6604697704315186,251,P,D,WWOX,A
5023,ThermoMPNN,WWOX,1.4418666362762451,251,P,E,WWOX,A
5024,ThermoMPNN,WWOX,0.9775380492210388,251,P,F,WWOX,A
5025,ThermoMPNN,WWOX,1.6692862510681152,251,P,G,WWOX,A
5026,ThermoMPNN,WWOX,1.0901206731796265,251,P,H,WWOX,A
5027,ThermoMPNN,WWOX,0.9690022468566895,251,P,I,WWOX,A
5028,ThermoMPNN,WWOX,1.2083661556243896,251,P,K,WWOX,A
5029,ThermoMPNN,WWOX,0.9639976024627686,251,P,L,WWOX,A
5030,ThermoMPNN,WWOX,1.0376564264297485,251,P,M,WWOX,A
5031,ThermoMPNN,WWOX,1.3569996356964111,251,P,N,WWOX,A
5032,ThermoMPNN,WWOX,0.0,251,P,P,WWOX,A
5033,ThermoMPNN,WWOX,1.3655623197555542,251,P,Q,WWOX,A
5034,ThermoMPNN,WWOX,1.2630267143249512,251,P,R,WWOX,A
5035,ThermoMPNN,WWOX,1.3670498132705688,251,P,S,WWOX,A
5036,ThermoMPNN,WWOX,1.2477442026138306,251,P,T,WWOX,A
5037,ThermoMPNN,WWOX,1.0735923051834106,251,P,V,WWOX,A
5038,ThermoMPNN,WWOX,0.9184719920158386,251,P,W,WWOX,A
5039,ThermoMPNN,WWOX,0.7923371195793152,251,P,Y,WWOX,A
5040,ThermoMPNN,WWOX,0.0,252,A,A,WWOX,A
5041,ThermoMPNN,WWOX,0.7386651039123535,252,A,C,WWOX,A
5042,ThermoMPNN,WWOX,2.5405149459838867,252,A,D,WWOX,A
5043,ThermoMPNN,WWOX,2.2702043056488037,252,A,E,WWOX,A
5044,ThermoMPNN,WWOX,1.5167633295059204,252,A,F,WWOX,A
5045,ThermoMPNN,WWOX,1.4206587076187134,252,A,G,WWOX,A
5046,ThermoMPNN,WWOX,2.247483491897583,252,A,H,WWOX,A
5047,ThermoMPNN,WWOX,1.2344145774841309,252,A,I,WWOX,A
5048,ThermoMPNN,WWOX,2.088092088699341,252,A,K,WWOX,A
5049,ThermoMPNN,WWOX,1.627160668373108,252,A,L,WWOX,A
5050,ThermoMPNN,WWOX,1.324783444404602,252,A,M,WWOX,A
5051,ThermoMPNN,WWOX,2.2981765270233154,252,A,N,WWOX,A
5052,ThermoMPNN,WWOX,1.7829828262329102,252,A,P,WWOX,A
5053,ThermoMPNN,WWOX,2.019469976425171,252,A,Q,WWOX,A
5054,ThermoMPNN,WWOX,1.9108996391296387,252,A,R,WWOX,A
5055,ThermoMPNN,WWOX,0.592214822769165,252,A,S,WWOX,A
5056,ThermoMPNN,WWOX,0.9039145708084106,252,A,T,WWOX,A
5057,ThermoMPNN,WWOX,0.6123294830322266,252,A,V,WWOX,A
5058,ThermoMPNN,WWOX,1.7466669082641602,252,A,W,WWOX,A
5059,ThermoMPNN,WWOX,1.8513944149017334,252,A,Y,WWOX,A
5060,ThermoMPNN,WWOX,1.1541757583618164,253,R,A,WWOX,A
5061,ThermoMPNN,WWOX,0.9833498001098633,253,R,C,WWOX,A
5062,ThermoMPNN,WWOX,2.624767303466797,253,R,D,WWOX,A
5063,ThermoMPNN,WWOX,2.51114559173584,253,R,E,WWOX,A
5064,ThermoMPNN,WWOX,1.4814802408218384,253,R,F,WWOX,A
5065,ThermoMPNN,WWOX,2.455711603164673,253,R,G,WWOX,A
5066,ThermoMPNN,WWOX,1.6952608823776245,253,R,H,WWOX,A
5067,ThermoMPNN,WWOX,0.2847921848297119,253,R,I,WWOX,A
5068,ThermoMPNN,WWOX,0.6085436344146729,253,R,K,WWOX,A
5069,ThermoMPNN,WWOX,1.2281752824783325,253,R,L,WWOX,A
5070,ThermoMPNN,WWOX,1.040137767791748,253,R,M,WWOX,A
5071,ThermoMPNN,WWOX,1.8477466106414795,253,R,N,WWOX,A
5072,ThermoMPNN,WWOX,2.5668323040008545,253,R,P,WWOX,A
5073,ThermoMPNN,WWOX,1.614366054534912,253,R,Q,WWOX,A
5074,ThermoMPNN,WWOX,0.0,253,R,R,WWOX,A
5075,ThermoMPNN,WWOX,0.9549859166145325,253,R,S,WWOX,A
5076,ThermoMPNN,WWOX,0.4989936351776123,253,R,T,WWOX,A
5077,ThermoMPNN,WWOX,-0.05717182159423828,253,R,V,WWOX,A
5078,ThermoMPNN,WWOX,1.818789005279541,253,R,W,WWOX,A
5079,ThermoMPNN,WWOX,1.508562445640564,253,R,Y,WWOX,A
5080,ThermoMPNN,WWOX,2.2061352729797363,254,V,A,WWOX,A
5081,ThermoMPNN,WWOX,1.3569506406784058,254,V,C,WWOX,A
5082,ThermoMPNN,WWOX,2.9574878215789795,254,V,D,WWOX,A
5083,ThermoMPNN,WWOX,2.9876067638397217,254,V,E,WWOX,A
5084,ThermoMPNN,WWOX,1.7280805110931396,254,V,F,WWOX,A
5085,ThermoMPNN,WWOX,2.719921588897705,254,V,G,WWOX,A
5086,ThermoMPNN,WWOX,2.99172043800354,254,V,H,WWOX,A
5087,ThermoMPNN,WWOX,-0.00041484832763671875,254,V,I,WWOX,A
5088,ThermoMPNN,WWOX,2.9854767322540283,254,V,K,WWOX,A
5089,ThermoMPNN,WWOX,0.9270209074020386,254,V,L,WWOX,A
5090,ThermoMPNN,WWOX,1.6323251724243164,254,V,M,WWOX,A
5091,ThermoMPNN,WWOX,2.942580461502075,254,V,N,WWOX,A
5092,ThermoMPNN,WWOX,2.6570568084716797,254,V,P,WWOX,A
5093,ThermoMPNN,WWOX,3.050543785095215,254,V,Q,WWOX,A
5094,ThermoMPNN,WWOX,2.9843685626983643,254,V,R,WWOX,A
5095,ThermoMPNN,WWOX,2.741487979888916,254,V,S,WWOX,A
5096,ThermoMPNN,WWOX,2.080794334411621,254,V,T,WWOX,A
5097,ThermoMPNN,WWOX,0.0,254,V,V,WWOX,A
5098,ThermoMPNN,WWOX,2.2386717796325684,254,V,W,WWOX,A
5099,ThermoMPNN,WWOX,2.259281635284424,254,V,Y,WWOX,A
5100,ThermoMPNN,WWOX,2.306067943572998,255,I,A,WWOX,A
5101,ThermoMPNN,WWOX,1.5150196552276611,255,I,C,WWOX,A
5102,ThermoMPNN,WWOX,3.07444429397583,255,I,D,WWOX,A
5103,ThermoMPNN,WWOX,2.91536545753479,255,I,E,WWOX,A
5104,ThermoMPNN,WWOX,1.6902230978012085,255,I,F,WWOX,A
5105,ThermoMPNN,WWOX,3.102207899093628,255,I,G,WWOX,A
5106,ThermoMPNN,WWOX,2.7449302673339844,255,I,H,WWOX,A
5107,ThermoMPNN,WWOX,0.0,255,I,I,WWOX,A
5108,ThermoMPNN,WWOX,2.8782153129577637,255,I,K,WWOX,A
5109,ThermoMPNN,WWOX,0.9681674242019653,255,I,L,WWOX,A
5110,ThermoMPNN,WWOX,1.416645884513855,255,I,M,WWOX,A
5111,ThermoMPNN,WWOX,2.9885618686676025,255,I,N,WWOX,A
5112,ThermoMPNN,WWOX,3.0991697311401367,255,I,P,WWOX,A
5113,ThermoMPNN,WWOX,2.8542439937591553,255,I,Q,WWOX,A
5114,ThermoMPNN,WWOX,2.879329204559326,255,I,R,WWOX,A
5115,ThermoMPNN,WWOX,2.801222801208496,255,I,S,WWOX,A
5116,ThermoMPNN,WWOX,2.268280029296875,255,I,T,WWOX,A
5117,ThermoMPNN,WWOX,0.5645368099212646,255,I,V,WWOX,A
5118,ThermoMPNN,WWOX,2.1296544075012207,255,I,W,WWOX,A
5119,ThermoMPNN,WWOX,2.1122612953186035,255,I,Y,WWOX,A
5120,ThermoMPNN,WWOX,2.1142919063568115,256,V,A,WWOX,A
5121,ThermoMPNN,WWOX,0.9574887752532959,256,V,C,WWOX,A
5122,ThermoMPNN,WWOX,3.136007070541382,256,V,D,WWOX,A
5123,ThermoMPNN,WWOX,3.204442262649536,256,V,E,WWOX,A
5124,ThermoMPNN,WWOX,1.4692468643188477,256,V,F,WWOX,A
5125,ThermoMPNN,WWOX,3.0636820793151855,256,V,G,WWOX,A
5126,ThermoMPNN,WWOX,2.2388322353363037,256,V,H,WWOX,A
5127,ThermoMPNN,WWOX,0.18706893920898438,256,V,I,WWOX,A
5128,ThermoMPNN,WWOX,2.851025104522705,256,V,K,WWOX,A
5129,ThermoMPNN,WWOX,1.1318902969360352,256,V,L,WWOX,A
5130,ThermoMPNN,WWOX,1.407452940940857,256,V,M,WWOX,A
5131,ThermoMPNN,WWOX,2.4162356853485107,256,V,N,WWOX,A
5132,ThermoMPNN,WWOX,3.170957088470459,256,V,P,WWOX,A
5133,ThermoMPNN,WWOX,2.7881481647491455,256,V,Q,WWOX,A
5134,ThermoMPNN,WWOX,2.7244458198547363,256,V,R,WWOX,A
5135,ThermoMPNN,WWOX,2.3839974403381348,256,V,S,WWOX,A
5136,ThermoMPNN,WWOX,1.837141513824463,256,V,T,WWOX,A
5137,ThermoMPNN,WWOX,0.0,256,V,V,WWOX,A
5138,ThermoMPNN,WWOX,1.9952020645141602,256,V,W,WWOX,A
5139,ThermoMPNN,WWOX,1.879785418510437,256,V,Y,WWOX,A
5140,ThermoMPNN,WWOX,1.2581697702407837,257,V,A,WWOX,A
5141,ThermoMPNN,WWOX,0.5877400636672974,257,V,C,WWOX,A
5142,ThermoMPNN,WWOX,2.677844285964966,257,V,D,WWOX,A
5143,ThermoMPNN,WWOX,2.3293325901031494,257,V,E,WWOX,A
5144,ThermoMPNN,WWOX,1.0246071815490723,257,V,F,WWOX,A
5145,ThermoMPNN,WWOX,1.9782748222351074,257,V,G,WWOX,A
5146,ThermoMPNN,WWOX,1.8216753005981445,257,V,H,WWOX,A
5147,ThermoMPNN,WWOX,0.10536742210388184,257,V,I,WWOX,A
5148,ThermoMPNN,WWOX,1.6933075189590454,257,V,K,WWOX,A
5149,ThermoMPNN,WWOX,0.39078402519226074,257,V,L,WWOX,A
5150,ThermoMPNN,WWOX,0.8078670501708984,257,V,M,WWOX,A
5151,ThermoMPNN,WWOX,2.1543562412261963,257,V,N,WWOX,A
5152,ThermoMPNN,WWOX,2.5199460983276367,257,V,P,WWOX,A
5153,ThermoMPNN,WWOX,1.9040449857711792,257,V,Q,WWOX,A
5154,ThermoMPNN,WWOX,1.6665351390838623,257,V,R,WWOX,A
5155,ThermoMPNN,WWOX,1.841738224029541,257,V,S,WWOX,A
5156,ThermoMPNN,WWOX,1.4003331661224365,257,V,T,WWOX,A
5157,ThermoMPNN,WWOX,0.0,257,V,V,WWOX,A
5158,ThermoMPNN,WWOX,1.0979571342468262,257,V,W,WWOX,A
5159,ThermoMPNN,WWOX,1.1327558755874634,257,V,Y,WWOX,A
5160,ThermoMPNN,WWOX,0.3087869882583618,258,S,A,WWOX,A
5161,ThermoMPNN,WWOX,0.26911771297454834,258,S,C,WWOX,A
5162,ThermoMPNN,WWOX,1.562617301940918,258,S,D,WWOX,A
5163,ThermoMPNN,WWOX,1.5409002304077148,258,S,E,WWOX,A
5164,ThermoMPNN,WWOX,0.8591102361679077,258,S,F,WWOX,A
5165,ThermoMPNN,WWOX,0.2251032590866089,258,S,G,WWOX,A
5166,ThermoMPNN,WWOX,1.6312339305877686,258,S,H,WWOX,A
5167,ThermoMPNN,WWOX,0.5625332593917847,258,S,I,WWOX,A
5168,ThermoMPNN,WWOX,1.522524118423462,258,S,K,WWOX,A
5169,ThermoMPNN,WWOX,0.9058266282081604,258,S,L,WWOX,A
5170,ThermoMPNN,WWOX,0.8474541902542114,258,S,M,WWOX,A
5171,ThermoMPNN,WWOX,1.505897045135498,258,S,N,WWOX,A
5172,ThermoMPNN,WWOX,1.4034194946289062,258,S,P,WWOX,A
5173,ThermoMPNN,WWOX,1.4270169734954834,258,S,Q,WWOX,A
5174,ThermoMPNN,WWOX,1.5064358711242676,258,S,R,WWOX,A
5175,ThermoMPNN,WWOX,0.0,258,S,S,WWOX,A
5176,ThermoMPNN,WWOX,0.42718958854675293,258,S,T,WWOX,A
5177,ThermoMPNN,WWOX,0.48737525939941406,258,S,V,WWOX,A
5178,ThermoMPNN,WWOX,0.7038941383361816,258,S,W,WWOX,A
5179,ThermoMPNN,WWOX,1.225275993347168,258,S,Y,WWOX,A
5180,ThermoMPNN,WWOX,0.6244604587554932,259,S,A,WWOX,A
5181,ThermoMPNN,WWOX,0.8926054239273071,259,S,C,WWOX,A
5182,ThermoMPNN,WWOX,1.4655711650848389,259,S,D,WWOX,A
5183,ThermoMPNN,WWOX,1.6000938415527344,259,S,E,WWOX,A
5184,ThermoMPNN,WWOX,1.981879472732544,259,S,F,WWOX,A
5185,ThermoMPNN,WWOX,1.2569619417190552,259,S,G,WWOX,A
5186,ThermoMPNN,WWOX,1.7780680656433105,259,S,H,WWOX,A
5187,ThermoMPNN,WWOX,1.9786689281463623,259,S,I,WWOX,A
5188,ThermoMPNN,WWOX,1.8318698406219482,259,S,K,WWOX,A
5189,ThermoMPNN,WWOX,2.1359198093414307,259,S,L,WWOX,A
5190,ThermoMPNN,WWOX,1.6121761798858643,259,S,M,WWOX,A
5191,ThermoMPNN,WWOX,1.4511635303497314,259,S,N,WWOX,A
5192,ThermoMPNN,WWOX,2.4269447326660156,259,S,P,WWOX,A
5193,ThermoMPNN,WWOX,1.8450446128845215,259,S,Q,WWOX,A
5194,ThermoMPNN,WWOX,1.6516739130020142,259,S,R,WWOX,A
5195,ThermoMPNN,WWOX,0.0,259,S,S,WWOX,A
5196,ThermoMPNN,WWOX,0.8553388118743896,259,S,T,WWOX,A
5197,ThermoMPNN,WWOX,1.886231780052185,259,S,V,WWOX,A
5198,ThermoMPNN,WWOX,1.9097654819488525,259,S,W,WWOX,A
5199,ThermoMPNN,WWOX,2.1348114013671875,259,S,Y,WWOX,A
5200,ThermoMPNN,WWOX,0.25166845321655273,260,E,A,WWOX,A
5201,ThermoMPNN,WWOX,0.08127403259277344,260,E,C,WWOX,A
5202,ThermoMPNN,WWOX,0.7704718708992004,260,E,D,WWOX,A
5203,ThermoMPNN,WWOX,0.0,260,E,E,WWOX,A
5204,ThermoMPNN,WWOX,0.419070303440094,260,E,F,WWOX,A
5205,ThermoMPNN,WWOX,0.6267176270484924,260,E,G,WWOX,A
5206,ThermoMPNN,WWOX,0.4792492985725403,260,E,H,WWOX,A
5207,ThermoMPNN,WWOX,0.024562358856201172,260,E,I,WWOX,A
5208,ThermoMPNN,WWOX,0.5820400714874268,260,E,K,WWOX,A
5209,ThermoMPNN,WWOX,0.23338478803634644,260,E,L,WWOX,A
5210,ThermoMPNN,WWOX,0.3170587420463562,260,E,M,WWOX,A
5211,ThermoMPNN,WWOX,0.7080174684524536,260,E,N,WWOX,A
5212,ThermoMPNN,WWOX,1.0275108814239502,260,E,P,WWOX,A
5213,ThermoMPNN,WWOX,0.42639875411987305,260,E,Q,WWOX,A
5214,ThermoMPNN,WWOX,0.6313502788543701,260,E,R,WWOX,A
5215,ThermoMPNN,WWOX,0.3977179527282715,260,E,S,WWOX,A
5216,ThermoMPNN,WWOX,0.3268822431564331,260,E,T,WWOX,A
5217,ThermoMPNN,WWOX,0.29015350341796875,260,E,V,WWOX,A
5218,ThermoMPNN,WWOX,0.4717729091644287,260,E,W,WWOX,A
5219,ThermoMPNN,WWOX,0.39716094732284546,260,E,Y,WWOX,A
5220,ThermoMPNN,WWOX,-0.23659056425094604,261,S,A,WWOX,A
5221,ThermoMPNN,WWOX,-0.514082670211792,261,S,C,WWOX,A
5222,ThermoMPNN,WWOX,0.4185516834259033,261,S,D,WWOX,A
5223,ThermoMPNN,WWOX,0.18025743961334229,261,S,E,WWOX,A
5224,ThermoMPNN,WWOX,-0.12518900632858276,261,S,F,WWOX,A
5225,ThermoMPNN,WWOX,0.11363232135772705,261,S,G,WWOX,A
5226,ThermoMPNN,WWOX,-0.4583240747451782,261,S,H,WWOX,A
5227,ThermoMPNN,WWOX,0.32124441862106323,261,S,I,WWOX,A
5228,ThermoMPNN,WWOX,-0.0691840648651123,261,S,K,WWOX,A
5229,ThermoMPNN,WWOX,-0.5473470687866211,261,S,L,WWOX,A
5230,ThermoMPNN,WWOX,-0.543758749961853,261,S,M,WWOX,A
5231,ThermoMPNN,WWOX,-0.39915144443511963,261,S,N,WWOX,A
5232,ThermoMPNN,WWOX,1.4532408714294434,261,S,P,WWOX,A
5233,ThermoMPNN,WWOX,-0.0855291485786438,261,S,Q,WWOX,A
5234,ThermoMPNN,WWOX,-0.041534423828125,261,S,R,WWOX,A
5235,ThermoMPNN,WWOX,0.0,261,S,S,WWOX,A
5236,ThermoMPNN,WWOX,0.2570613622665405,261,S,T,WWOX,A
5237,ThermoMPNN,WWOX,0.43515944480895996,261,S,V,WWOX,A
5238,ThermoMPNN,WWOX,0.05339348316192627,261,S,W,WWOX,A
5239,ThermoMPNN,WWOX,-0.2541276216506958,261,S,Y,WWOX,A
5240,ThermoMPNN,WWOX,1.2339993715286255,262,H,A,WWOX,A
5241,ThermoMPNN,WWOX,1.0798152685165405,262,H,C,WWOX,A
5242,ThermoMPNN,WWOX,2.2537784576416016,262,H,D,WWOX,A
5243,ThermoMPNN,WWOX,1.0273234844207764,262,H,E,WWOX,A
5244,ThermoMPNN,WWOX,1.1487960815429688,262,H,F,WWOX,A
5245,ThermoMPNN,WWOX,1.899587869644165,262,H,G,WWOX,A
5246,ThermoMPNN,WWOX,0.0,262,H,H,WWOX,A
5247,ThermoMPNN,WWOX,1.836078405380249,262,H,I,WWOX,A
5248,ThermoMPNN,WWOX,1.6186203956604004,262,H,K,WWOX,A
5249,ThermoMPNN,WWOX,1.6588809490203857,262,H,L,WWOX,A
5250,ThermoMPNN,WWOX,1.1250452995300293,262,H,M,WWOX,A
5251,ThermoMPNN,WWOX,1.477707862854004,262,H,N,WWOX,A
5252,ThermoMPNN,WWOX,1.6928281784057617,262,H,P,WWOX,A
5253,ThermoMPNN,WWOX,0.9967526197433472,262,H,Q,WWOX,A
5254,ThermoMPNN,WWOX,1.4499571323394775,262,H,R,WWOX,A
5255,ThermoMPNN,WWOX,1.7139660120010376,262,H,S,WWOX,A
5256,ThermoMPNN,WWOX,2.1947481632232666,262,H,T,WWOX,A
5257,ThermoMPNN,WWOX,1.9061102867126465,262,H,V,WWOX,A
5258,ThermoMPNN,WWOX,1.2679641246795654,262,H,W,WWOX,A
5259,ThermoMPNN,WWOX,0.19717621803283691,262,H,Y,WWOX,A
5260,ThermoMPNN,WWOX,0.5452179908752441,263,R,A,WWOX,A
5261,ThermoMPNN,WWOX,0.056852102279663086,263,R,C,WWOX,A
5262,ThermoMPNN,WWOX,1.2524305582046509,263,R,D,WWOX,A
5263,ThermoMPNN,WWOX,0.7427957057952881,263,R,E,WWOX,A
5264,ThermoMPNN,WWOX,0.11478936672210693,263,R,F,WWOX,A
5265,ThermoMPNN,WWOX,0.9375013113021851,263,R,G,WWOX,A
5266,ThermoMPNN,WWOX,0.20019686222076416,263,R,H,WWOX,A
5267,ThermoMPNN,WWOX,0.564988374710083,263,R,I,WWOX,A
5268,ThermoMPNN,WWOX,0.17342424392700195,263,R,K,WWOX,A
5269,ThermoMPNN,WWOX,-0.026709794998168945,263,R,L,WWOX,A
5270,ThermoMPNN,WWOX,0.2310413122177124,263,R,M,WWOX,A
5271,ThermoMPNN,WWOX,0.45330357551574707,263,R,N,WWOX,A
5272,ThermoMPNN,WWOX,2.208958864212036,263,R,P,WWOX,A
5273,ThermoMPNN,WWOX,0.458041250705719,263,R,Q,WWOX,A
5274,ThermoMPNN,WWOX,0.0,263,R,R,WWOX,A
5275,ThermoMPNN,WWOX,0.8764643669128418,263,R,S,WWOX,A
5276,ThermoMPNN,WWOX,0.7660355567932129,263,R,T,WWOX,A
5277,ThermoMPNN,WWOX,0.5661221146583557,263,R,V,WWOX,A
5278,ThermoMPNN,WWOX,0.2722094655036926,263,R,W,WWOX,A
5279,ThermoMPNN,WWOX,0.1109614372253418,263,R,Y,WWOX,A
5280,ThermoMPNN,WWOX,1.2098917961120605,264,F,A,WWOX,A
5281,ThermoMPNN,WWOX,0.08305811882019043,264,F,C,WWOX,A
5282,ThermoMPNN,WWOX,1.0438357591629028,264,F,D,WWOX,A
5283,ThermoMPNN,WWOX,0.9904952049255371,264,F,E,WWOX,A
5284,ThermoMPNN,WWOX,0.0,264,F,F,WWOX,A
5285,ThermoMPNN,WWOX,1.2547129392623901,264,F,G,WWOX,A
5286,ThermoMPNN,WWOX,0.7212733030319214,264,F,H,WWOX,A
5287,ThermoMPNN,WWOX,1.45656156539917,264,F,I,WWOX,A
5288,ThermoMPNN,WWOX,0.8771976232528687,264,F,K,WWOX,A
5289,ThermoMPNN,WWOX,0.6130210161209106,264,F,L,WWOX,A
5290,ThermoMPNN,WWOX,0.6547520756721497,264,F,M,WWOX,A
5291,ThermoMPNN,WWOX,0.5719684958457947,264,F,N,WWOX,A
5292,ThermoMPNN,WWOX,2.5926506519317627,264,F,P,WWOX,A
5293,ThermoMPNN,WWOX,0.8961732387542725,264,F,Q,WWOX,A
5294,ThermoMPNN,WWOX,0.9881442189216614,264,F,R,WWOX,A
5295,ThermoMPNN,WWOX,1.0172319412231445,264,F,S,WWOX,A
5296,ThermoMPNN,WWOX,1.2080191373825073,264,F,T,WWOX,A
5297,ThermoMPNN,WWOX,1.609405279159546,264,F,V,WWOX,A
5298,ThermoMPNN,WWOX,0.2743093967437744,264,F,W,WWOX,A
5299,ThermoMPNN,WWOX,0.38631880283355713,264,F,Y,WWOX,A
5300,ThermoMPNN,WWOX,0.12896573543548584,265,T,A,WWOX,A
5301,ThermoMPNN,WWOX,0.35107243061065674,265,T,C,WWOX,A
5302,ThermoMPNN,WWOX,2.7951433658599854,265,T,D,WWOX,A
5303,ThermoMPNN,WWOX,2.5813448429107666,265,T,E,WWOX,A
5304,ThermoMPNN,WWOX,1.1898319721221924,265,T,F,WWOX,A
5305,ThermoMPNN,WWOX,1.473331332206726,265,T,G,WWOX,A
5306,ThermoMPNN,WWOX,2.217931032180786,265,T,H,WWOX,A
5307,ThermoMPNN,WWOX,0.5466998815536499,265,T,I,WWOX,A
5308,ThermoMPNN,WWOX,2.405186653137207,265,T,K,WWOX,A
5309,ThermoMPNN,WWOX,1.2154935598373413,265,T,L,WWOX,A
5310,ThermoMPNN,WWOX,1.0825915336608887,265,T,M,WWOX,A
5311,ThermoMPNN,WWOX,2.4358582496643066,265,T,N,WWOX,A
5312,ThermoMPNN,WWOX,2.1052279472351074,265,T,P,WWOX,A
5313,ThermoMPNN,WWOX,2.177286386489868,265,T,Q,WWOX,A
5314,ThermoMPNN,WWOX,2.080038547515869,265,T,R,WWOX,A
5315,ThermoMPNN,WWOX,0.735594630241394,265,T,S,WWOX,A
5316,ThermoMPNN,WWOX,0.0,265,T,T,WWOX,A
5317,ThermoMPNN,WWOX,-0.13043546676635742,265,T,V,WWOX,A
5318,ThermoMPNN,WWOX,1.8089516162872314,265,T,W,WWOX,A
5319,ThermoMPNN,WWOX,1.5330818891525269,265,T,Y,WWOX,A
5320,ThermoMPNN,WWOX,-0.44609174132347107,266,D,A,WWOX,A
5321,ThermoMPNN,WWOX,-0.6563665866851807,266,D,C,WWOX,A
5322,ThermoMPNN,WWOX,0.0,266,D,D,WWOX,A
5323,ThermoMPNN,WWOX,-0.1575988233089447,266,D,E,WWOX,A
5324,ThermoMPNN,WWOX,-0.2278592884540558,266,D,F,WWOX,A
5325,ThermoMPNN,WWOX,-0.20203366875648499,266,D,G,WWOX,A
5326,ThermoMPNN,WWOX,-0.5976959466934204,266,D,H,WWOX,A
5327,ThermoMPNN,WWOX,-0.18380305171012878,266,D,I,WWOX,A
5328,ThermoMPNN,WWOX,-0.5447685718536377,266,D,K,WWOX,A
5329,ThermoMPNN,WWOX,0.04214376211166382,266,D,L,WWOX,A
5330,ThermoMPNN,WWOX,-0.17996367812156677,266,D,M,WWOX,A
5331,ThermoMPNN,WWOX,-0.360150009393692,266,D,N,WWOX,A
5332,ThermoMPNN,WWOX,1.1429405212402344,266,D,P,WWOX,A
5333,ThermoMPNN,WWOX,-0.5365574359893799,266,D,Q,WWOX,A
5334,ThermoMPNN,WWOX,-0.5996261835098267,266,D,R,WWOX,A
5335,ThermoMPNN,WWOX,-0.8227083683013916,266,D,S,WWOX,A
5336,ThermoMPNN,WWOX,-0.7397046089172363,266,D,T,WWOX,A
5337,ThermoMPNN,WWOX,-0.3172231614589691,266,D,V,WWOX,A
5338,ThermoMPNN,WWOX,-0.1262378990650177,266,D,W,WWOX,A
5339,ThermoMPNN,WWOX,-0.2513767182826996,266,D,Y,WWOX,A
5340,ThermoMPNN,WWOX,1.8795039653778076,267,I,A,WWOX,A
5341,ThermoMPNN,WWOX,1.4655969142913818,267,I,C,WWOX,A
5342,ThermoMPNN,WWOX,2.7183704376220703,267,I,D,WWOX,A
5343,ThermoMPNN,WWOX,2.773923873901367,267,I,E,WWOX,A
5344,ThermoMPNN,WWOX,1.710681676864624,267,I,F,WWOX,A
5345,ThermoMPNN,WWOX,2.483332633972168,267,I,G,WWOX,A
5346,ThermoMPNN,WWOX,2.696331262588501,267,I,H,WWOX,A
5347,ThermoMPNN,WWOX,0.0,267,I,I,WWOX,A
5348,ThermoMPNN,WWOX,2.639918804168701,267,I,K,WWOX,A
5349,ThermoMPNN,WWOX,0.7380738258361816,267,I,L,WWOX,A
5350,ThermoMPNN,WWOX,1.3784546852111816,267,I,M,WWOX,A
5351,ThermoMPNN,WWOX,2.6510770320892334,267,I,N,WWOX,A
5352,ThermoMPNN,WWOX,3.053544044494629,267,I,P,WWOX,A
5353,ThermoMPNN,WWOX,2.534356117248535,267,I,Q,WWOX,A
5354,ThermoMPNN,WWOX,2.7097530364990234,267,I,R,WWOX,A
5355,ThermoMPNN,WWOX,2.4535369873046875,267,I,S,WWOX,A
5356,ThermoMPNN,WWOX,1.890236258506775,267,I,T,WWOX,A
5357,ThermoMPNN,WWOX,0.5907442569732666,267,I,V,WWOX,A
5358,ThermoMPNN,WWOX,2.2080190181732178,267,I,W,WWOX,A
5359,ThermoMPNN,WWOX,2.171844482421875,267,I,Y,WWOX,A
5360,ThermoMPNN,WWOX,0.6717242002487183,268,N,A,WWOX,A
5361,ThermoMPNN,WWOX,0.10967040061950684,268,N,C,WWOX,A
5362,ThermoMPNN,WWOX,1.3315953016281128,268,N,D,WWOX,A
5363,ThermoMPNN,WWOX,1.3015646934509277,268,N,E,WWOX,A
5364,ThermoMPNN,WWOX,0.8126137256622314,268,N,F,WWOX,A
5365,ThermoMPNN,WWOX,0.6439557075500488,268,N,G,WWOX,A
5366,ThermoMPNN,WWOX,0.5924683809280396,268,N,H,WWOX,A
5367,ThermoMPNN,WWOX,0.6474803686141968,268,N,I,WWOX,A
5368,ThermoMPNN,WWOX,0.30016064643859863,268,N,K,WWOX,A
5369,ThermoMPNN,WWOX,0.40613311529159546,268,N,L,WWOX,A
5370,ThermoMPNN,WWOX,0.5159030556678772,268,N,M,WWOX,A
5371,ThermoMPNN,WWOX,0.0,268,N,N,WWOX,A
5372,ThermoMPNN,WWOX,1.6437275409698486,268,N,P,WWOX,A
5373,ThermoMPNN,WWOX,0.7739068269729614,268,N,Q,WWOX,A
5374,ThermoMPNN,WWOX,0.11261069774627686,268,N,R,WWOX,A
5375,ThermoMPNN,WWOX,0.002407550811767578,268,N,S,WWOX,A
5376,ThermoMPNN,WWOX,-0.44429516792297363,268,N,T,WWOX,A
5377,ThermoMPNN,WWOX,0.43630552291870117,268,N,V,WWOX,A
5378,ThermoMPNN,WWOX,1.1373536586761475,268,N,W,WWOX,A
5379,ThermoMPNN,WWOX,0.9295505285263062,268,N,Y,WWOX,A
5380,ThermoMPNN,WWOX,2.6352322101593018,269,D,A,WWOX,A
5381,ThermoMPNN,WWOX,1.5081751346588135,269,D,C,WWOX,A
5382,ThermoMPNN,WWOX,0.0,269,D,D,WWOX,A
5383,ThermoMPNN,WWOX,2.369180202484131,269,D,E,WWOX,A
5384,ThermoMPNN,WWOX,2.463515281677246,269,D,F,WWOX,A
5385,ThermoMPNN,WWOX,2.203150987625122,269,D,G,WWOX,A
5386,ThermoMPNN,WWOX,2.0227253437042236,269,D,H,WWOX,A
5387,ThermoMPNN,WWOX,3.056749105453491,269,D,I,WWOX,A
5388,ThermoMPNN,WWOX,2.6634933948516846,269,D,K,WWOX,A
5389,ThermoMPNN,WWOX,2.665248394012451,269,D,L,WWOX,A
5390,ThermoMPNN,WWOX,2.860076427459717,269,D,M,WWOX,A
5391,ThermoMPNN,WWOX,0.6871943473815918,269,D,N,WWOX,A
5392,ThermoMPNN,WWOX,2.9803848266601562,269,D,P,WWOX,A
5393,ThermoMPNN,WWOX,2.7035703659057617,269,D,Q,WWOX,A
5394,ThermoMPNN,WWOX,2.5414180755615234,269,D,R,WWOX,A
5395,ThermoMPNN,WWOX,1.5648460388183594,269,D,S,WWOX,A
5396,ThermoMPNN,WWOX,2.271001100540161,269,D,T,WWOX,A
5397,ThermoMPNN,WWOX,3.016479730606079,269,D,V,WWOX,A
5398,ThermoMPNN,WWOX,2.626739740371704,269,D,W,WWOX,A
5399,ThermoMPNN,WWOX,2.682431221008301,269,D,Y,WWOX,A
5400,ThermoMPNN,WWOX,-0.037737488746643066,270,S,A,WWOX,A
5401,ThermoMPNN,WWOX,0.06939059495925903,270,S,C,WWOX,A
5402,ThermoMPNN,WWOX,0.39443838596343994,270,S,D,WWOX,A
5403,ThermoMPNN,WWOX,0.0715833306312561,270,S,E,WWOX,A
5404,ThermoMPNN,WWOX,0.4902801513671875,270,S,F,WWOX,A
5405,ThermoMPNN,WWOX,0.30470067262649536,270,S,G,WWOX,A
5406,ThermoMPNN,WWOX,0.13900810480117798,270,S,H,WWOX,A
5407,ThermoMPNN,WWOX,0.37599921226501465,270,S,I,WWOX,A
5408,ThermoMPNN,WWOX,0.013581395149230957,270,S,K,WWOX,A
5409,ThermoMPNN,WWOX,0.3903297185897827,270,S,L,WWOX,A
5410,ThermoMPNN,WWOX,0.43791019916534424,270,S,M,WWOX,A
5411,ThermoMPNN,WWOX,0.23120862245559692,270,S,N,WWOX,A
5412,ThermoMPNN,WWOX,0.12263143062591553,270,S,P,WWOX,A
5413,ThermoMPNN,WWOX,0.07059597969055176,270,S,Q,WWOX,A
5414,ThermoMPNN,WWOX,0.14383703470230103,270,S,R,WWOX,A
5415,ThermoMPNN,WWOX,0.0,270,S,S,WWOX,A
5416,ThermoMPNN,WWOX,0.2975362539291382,270,S,T,WWOX,A
5417,ThermoMPNN,WWOX,0.4087059497833252,270,S,V,WWOX,A
5418,ThermoMPNN,WWOX,0.4781683087348938,270,S,W,WWOX,A
5419,ThermoMPNN,WWOX,0.38109683990478516,270,S,Y,WWOX,A
5420,ThermoMPNN,WWOX,0.2904091477394104,271,L,A,WWOX,A
5421,ThermoMPNN,WWOX,-0.24089592695236206,271,L,C,WWOX,A
5422,ThermoMPNN,WWOX,0.16956472396850586,271,L,D,WWOX,A
5423,ThermoMPNN,WWOX,0.13423609733581543,271,L,E,WWOX,A
5424,ThermoMPNN,WWOX,0.0873231291770935,271,L,F,WWOX,A
5425,ThermoMPNN,WWOX,0.6806108355522156,271,L,G,WWOX,A
5426,ThermoMPNN,WWOX,0.013902842998504639,271,L,H,WWOX,A
5427,ThermoMPNN,WWOX,0.6084957122802734,271,L,I,WWOX,A
5428,ThermoMPNN,WWOX,0.2367485761642456,271,L,K,WWOX,A
5429,ThermoMPNN,WWOX,0.0,271,L,L,WWOX,A
5430,ThermoMPNN,WWOX,0.10066038370132446,271,L,M,WWOX,A
5431,ThermoMPNN,WWOX,-0.11979132890701294,271,L,N,WWOX,A
5432,ThermoMPNN,WWOX,2.22202467918396,271,L,P,WWOX,A
5433,ThermoMPNN,WWOX,0.06354957818984985,271,L,Q,WWOX,A
5434,ThermoMPNN,WWOX,0.2459765076637268,271,L,R,WWOX,A
5435,ThermoMPNN,WWOX,0.24008285999298096,271,L,S,WWOX,A
5436,ThermoMPNN,WWOX,0.24401724338531494,271,L,T,WWOX,A
5437,ThermoMPNN,WWOX,0.5961596965789795,271,L,V,WWOX,A
5438,ThermoMPNN,WWOX,0.09706777334213257,271,L,W,WWOX,A
5439,ThermoMPNN,WWOX,0.10842490196228027,271,L,Y,WWOX,A
5440,ThermoMPNN,WWOX,1.419866681098938,272,G,A,WWOX,A
5441,ThermoMPNN,WWOX,0.7511847019195557,272,G,C,WWOX,A
5442,ThermoMPNN,WWOX,1.4747803211212158,272,G,D,WWOX,A
5443,ThermoMPNN,WWOX,1.5731697082519531,272,G,E,WWOX,A
5444,ThermoMPNN,WWOX,1.2832010984420776,272,G,F,WWOX,A
5445,ThermoMPNN,WWOX,0.0,272,G,G,WWOX,A
5446,ThermoMPNN,WWOX,1.1118875741958618,272,G,H,WWOX,A
5447,ThermoMPNN,WWOX,1.9585912227630615,272,G,I,WWOX,A
5448,ThermoMPNN,WWOX,1.385774850845337,272,G,K,WWOX,A
5449,ThermoMPNN,WWOX,1.4780628681182861,272,G,L,WWOX,A
5450,ThermoMPNN,WWOX,1.3433880805969238,272,G,M,WWOX,A
5451,ThermoMPNN,WWOX,1.0491544008255005,272,G,N,WWOX,A
5452,ThermoMPNN,WWOX,2.2209689617156982,272,G,P,WWOX,A
5453,ThermoMPNN,WWOX,1.3893656730651855,272,G,Q,WWOX,A
5454,ThermoMPNN,WWOX,1.374054193496704,272,G,R,WWOX,A
5455,ThermoMPNN,WWOX,1.4404069185256958,272,G,S,WWOX,A
5456,ThermoMPNN,WWOX,1.7994475364685059,272,G,T,WWOX,A
5457,ThermoMPNN,WWOX,1.9463509321212769,272,G,V,WWOX,A
5458,ThermoMPNN,WWOX,1.5783486366271973,272,G,W,WWOX,A
5459,ThermoMPNN,WWOX,1.4360647201538086,272,G,Y,WWOX,A
5460,ThermoMPNN,WWOX,0.634760856628418,273,K,A,WWOX,A
5461,ThermoMPNN,WWOX,0.313152551651001,273,K,C,WWOX,A
5462,ThermoMPNN,WWOX,1.3240470886230469,273,K,D,WWOX,A
5463,ThermoMPNN,WWOX,0.8560730814933777,273,K,E,WWOX,A
5464,ThermoMPNN,WWOX,0.7292781472206116,273,K,F,WWOX,A
5465,ThermoMPNN,WWOX,1.2770506143569946,273,K,G,WWOX,A
5466,ThermoMPNN,WWOX,0.501903235912323,273,K,H,WWOX,A
5467,ThermoMPNN,WWOX,0.44575488567352295,273,K,I,WWOX,A
5468,ThermoMPNN,WWOX,0.0,273,K,K,WWOX,A
5469,ThermoMPNN,WWOX,0.517557680606842,273,K,L,WWOX,A
5470,ThermoMPNN,WWOX,0.44170522689819336,273,K,M,WWOX,A
5471,ThermoMPNN,WWOX,0.5460242033004761,273,K,N,WWOX,A
5472,ThermoMPNN,WWOX,2.870492458343506,273,K,P,WWOX,A
5473,ThermoMPNN,WWOX,0.3005073070526123,273,K,Q,WWOX,A
5474,ThermoMPNN,WWOX,0.014873743057250977,273,K,R,WWOX,A
5475,ThermoMPNN,WWOX,0.7599499821662903,273,K,S,WWOX,A
5476,ThermoMPNN,WWOX,0.5583279728889465,273,K,T,WWOX,A
5477,ThermoMPNN,WWOX,0.2977423667907715,273,K,V,WWOX,A
5478,ThermoMPNN,WWOX,1.0026260614395142,273,K,W,WWOX,A
5479,ThermoMPNN,WWOX,0.7996729016304016,273,K,Y,WWOX,A
5480,ThermoMPNN,WWOX,2.2261741161346436,274,L,A,WWOX,A
5481,ThermoMPNN,WWOX,1.4835914373397827,274,L,C,WWOX,A
5482,ThermoMPNN,WWOX,2.2945549488067627,274,L,D,WWOX,A
5483,ThermoMPNN,WWOX,2.4793894290924072,274,L,E,WWOX,A
5484,ThermoMPNN,WWOX,1.6299152374267578,274,L,F,WWOX,A
5485,ThermoMPNN,WWOX,2.654906749725342,274,L,G,WWOX,A
5486,ThermoMPNN,WWOX,2.612792491912842,274,L,H,WWOX,A
5487,ThermoMPNN,WWOX,0.6299371719360352,274,L,I,WWOX,A
5488,ThermoMPNN,WWOX,2.5426650047302246,274,L,K,WWOX,A
5489,ThermoMPNN,WWOX,0.0,274,L,L,WWOX,A
5490,ThermoMPNN,WWOX,1.2643394470214844,274,L,M,WWOX,A
5491,ThermoMPNN,WWOX,2.5543806552886963,274,L,N,WWOX,A
5492,ThermoMPNN,WWOX,2.023932695388794,274,L,P,WWOX,A
5493,ThermoMPNN,WWOX,2.4930756092071533,274,L,Q,WWOX,A
5494,ThermoMPNN,WWOX,2.748274803161621,274,L,R,WWOX,A
5495,ThermoMPNN,WWOX,2.5525686740875244,274,L,S,WWOX,A
5496,ThermoMPNN,WWOX,2.132035255432129,274,L,T,WWOX,A
5497,ThermoMPNN,WWOX,0.6831977367401123,274,L,V,WWOX,A
5498,ThermoMPNN,WWOX,2.439297676086426,274,L,W,WWOX,A
5499,ThermoMPNN,WWOX,2.350132465362549,274,L,Y,WWOX,A
5500,ThermoMPNN,WWOX,1.4248995780944824,275,D,A,WWOX,A
5501,ThermoMPNN,WWOX,0.8442495465278625,275,D,C,WWOX,A
5502,ThermoMPNN,WWOX,0.0,275,D,D,WWOX,A
5503,ThermoMPNN,WWOX,0.9715173244476318,275,D,E,WWOX,A
5504,ThermoMPNN,WWOX,1.3150218725204468,275,D,F,WWOX,A
5505,ThermoMPNN,WWOX,2.1508517265319824,275,D,G,WWOX,A
5506,ThermoMPNN,WWOX,1.0435553789138794,275,D,H,WWOX,A
5507,ThermoMPNN,WWOX,1.080439805984497,275,D,I,WWOX,A
5508,ThermoMPNN,WWOX,1.673309087753296,275,D,K,WWOX,A
5509,ThermoMPNN,WWOX,1.1578779220581055,275,D,L,WWOX,A
5510,ThermoMPNN,WWOX,1.356342077255249,275,D,M,WWOX,A
5511,ThermoMPNN,WWOX,0.7779178619384766,275,D,N,WWOX,A
5512,ThermoMPNN,WWOX,2.587984561920166,275,D,P,WWOX,A
5513,ThermoMPNN,WWOX,1.160630226135254,275,D,Q,WWOX,A
5514,ThermoMPNN,WWOX,1.581373929977417,275,D,R,WWOX,A
5515,ThermoMPNN,WWOX,1.1796590089797974,275,D,S,WWOX,A
5516,ThermoMPNN,WWOX,1.2306277751922607,275,D,T,WWOX,A
5517,ThermoMPNN,WWOX,0.8405545949935913,275,D,V,WWOX,A
5518,ThermoMPNN,WWOX,1.388587474822998,275,D,W,WWOX,A
5519,ThermoMPNN,WWOX,1.3870524168014526,275,D,Y,WWOX,A
5520,ThermoMPNN,WWOX,1.643629789352417,276,F,A,WWOX,A
5521,ThermoMPNN,WWOX,0.8074823617935181,276,F,C,WWOX,A
5522,ThermoMPNN,WWOX,2.5752079486846924,276,F,D,WWOX,A
5523,ThermoMPNN,WWOX,1.7094924449920654,276,F,E,WWOX,A
5524,ThermoMPNN,WWOX,0.0,276,F,F,WWOX,A
5525,ThermoMPNN,WWOX,2.3439760208129883,276,F,G,WWOX,A
5526,ThermoMPNN,WWOX,1.8370931148529053,276,F,H,WWOX,A
5527,ThermoMPNN,WWOX,0.7638552188873291,276,F,I,WWOX,A
5528,ThermoMPNN,WWOX,1.8231263160705566,276,F,K,WWOX,A
5529,ThermoMPNN,WWOX,0.4234294891357422,276,F,L,WWOX,A
5530,ThermoMPNN,WWOX,0.717257022857666,276,F,M,WWOX,A
5531,ThermoMPNN,WWOX,2.3808841705322266,276,F,N,WWOX,A
5532,ThermoMPNN,WWOX,1.697300910949707,276,F,P,WWOX,A
5533,ThermoMPNN,WWOX,1.8656048774719238,276,F,Q,WWOX,A
5534,ThermoMPNN,WWOX,1.8474100828170776,276,F,R,WWOX,A
5535,ThermoMPNN,WWOX,2.172497034072876,276,F,S,WWOX,A
5536,ThermoMPNN,WWOX,1.9857844114303589,276,F,T,WWOX,A
5537,ThermoMPNN,WWOX,1.0164625644683838,276,F,V,WWOX,A
5538,ThermoMPNN,WWOX,0.8118313550949097,276,F,W,WWOX,A
5539,ThermoMPNN,WWOX,0.811025857925415,276,F,Y,WWOX,A
5540,ThermoMPNN,WWOX,0.07427310943603516,277,S,A,WWOX,A
5541,ThermoMPNN,WWOX,0.21387481689453125,277,S,C,WWOX,A
5542,ThermoMPNN,WWOX,0.87871915102005,277,S,D,WWOX,A
5543,ThermoMPNN,WWOX,0.8217713832855225,277,S,E,WWOX,A
5544,ThermoMPNN,WWOX,0.5360101461410522,277,S,F,WWOX,A
5545,ThermoMPNN,WWOX,0.27529531717300415,277,S,G,WWOX,A
5546,ThermoMPNN,WWOX,0.26287001371383667,277,S,H,WWOX,A
5547,ThermoMPNN,WWOX,0.5996724963188171,277,S,I,WWOX,A
5548,ThermoMPNN,WWOX,0.007720351219177246,277,S,K,WWOX,A
5549,ThermoMPNN,WWOX,0.5388290286064148,277,S,L,WWOX,A
5550,ThermoMPNN,WWOX,0.4620169401168823,277,S,M,WWOX,A
5551,ThermoMPNN,WWOX,0.2449238896369934,277,S,N,WWOX,A
5552,ThermoMPNN,WWOX,1.3250494003295898,277,S,P,WWOX,A
5553,ThermoMPNN,WWOX,0.35468095541000366,277,S,Q,WWOX,A
5554,ThermoMPNN,WWOX,-0.07780671119689941,277,S,R,WWOX,A
5555,ThermoMPNN,WWOX,0.0,277,S,S,WWOX,A
5556,ThermoMPNN,WWOX,0.13463133573532104,277,S,T,WWOX,A
5557,ThermoMPNN,WWOX,0.6186760663986206,277,S,V,WWOX,A
5558,ThermoMPNN,WWOX,0.516893208026886,277,S,W,WWOX,A
5559,ThermoMPNN,WWOX,0.412739634513855,277,S,Y,WWOX,A
5560,ThermoMPNN,WWOX,1.5698671340942383,278,R,A,WWOX,A
5561,ThermoMPNN,WWOX,1.1516335010528564,278,R,C,WWOX,A
5562,ThermoMPNN,WWOX,3.2056186199188232,278,R,D,WWOX,A
5563,ThermoMPNN,WWOX,3.0754904747009277,278,R,E,WWOX,A
5564,ThermoMPNN,WWOX,1.3545327186584473,278,R,F,WWOX,A
5565,ThermoMPNN,WWOX,2.3375747203826904,278,R,G,WWOX,A
5566,ThermoMPNN,WWOX,1.660413146018982,278,R,H,WWOX,A
5567,ThermoMPNN,WWOX,1.1748219728469849,278,R,I,WWOX,A
5568,ThermoMPNN,WWOX,0.5216940641403198,278,R,K,WWOX,A
5569,ThermoMPNN,WWOX,0.22206997871398926,278,R,L,WWOX,A
5570,ThermoMPNN,WWOX,0.881945013999939,278,R,M,WWOX,A
5571,ThermoMPNN,WWOX,1.96628737449646,278,R,N,WWOX,A
5572,ThermoMPNN,WWOX,3.200925827026367,278,R,P,WWOX,A
5573,ThermoMPNN,WWOX,1.7224360704421997,278,R,Q,WWOX,A
5574,ThermoMPNN,WWOX,0.0,278,R,R,WWOX,A
5575,ThermoMPNN,WWOX,1.788794755935669,278,R,S,WWOX,A
5576,ThermoMPNN,WWOX,1.9258289337158203,278,R,T,WWOX,A
5577,ThermoMPNN,WWOX,1.3206864595413208,278,R,V,WWOX,A
5578,ThermoMPNN,WWOX,1.820357084274292,278,R,W,WWOX,A
5579,ThermoMPNN,WWOX,1.4679951667785645,278,R,Y,WWOX,A
5580,ThermoMPNN,WWOX,2.8520679473876953,279,L,A,WWOX,A
5581,ThermoMPNN,WWOX,1.7534809112548828,279,L,C,WWOX,A
5582,ThermoMPNN,WWOX,2.86008358001709,279,L,D,WWOX,A
5583,ThermoMPNN,WWOX,3.0321240425109863,279,L,E,WWOX,A
5584,ThermoMPNN,WWOX,1.7918728590011597,279,L,F,WWOX,A
5585,ThermoMPNN,WWOX,2.889742374420166,279,L,G,WWOX,A
5586,ThermoMPNN,WWOX,2.919919013977051,279,L,H,WWOX,A
5587,ThermoMPNN,WWOX,1.455287218093872,279,L,I,WWOX,A
5588,ThermoMPNN,WWOX,2.7952144145965576,279,L,K,WWOX,A
5589,ThermoMPNN,WWOX,0.0,279,L,L,WWOX,A
5590,ThermoMPNN,WWOX,1.3785157203674316,279,L,M,WWOX,A
5591,ThermoMPNN,WWOX,2.854370594024658,279,L,N,WWOX,A
5592,ThermoMPNN,WWOX,2.930401086807251,279,L,P,WWOX,A
5593,ThermoMPNN,WWOX,3.0540502071380615,279,L,Q,WWOX,A
5594,ThermoMPNN,WWOX,2.81721568107605,279,L,R,WWOX,A
5595,ThermoMPNN,WWOX,3.0011589527130127,279,L,S,WWOX,A
5596,ThermoMPNN,WWOX,2.947805881500244,279,L,T,WWOX,A
5597,ThermoMPNN,WWOX,2.1829700469970703,279,L,V,WWOX,A
5598,ThermoMPNN,WWOX,2.4382247924804688,279,L,W,WWOX,A
5599,ThermoMPNN,WWOX,2.3319430351257324,279,L,Y,WWOX,A
5600,ThermoMPNN,WWOX,1.1153321266174316,280,S,A,WWOX,A
5601,ThermoMPNN,WWOX,1.1810060739517212,280,S,C,WWOX,A
5602,ThermoMPNN,WWOX,1.9481242895126343,280,S,D,WWOX,A
5603,ThermoMPNN,WWOX,2.4561331272125244,280,S,E,WWOX,A
5604,ThermoMPNN,WWOX,2.262720823287964,280,S,F,WWOX,A
5605,ThermoMPNN,WWOX,1.7626683712005615,280,S,G,WWOX,A
5606,ThermoMPNN,WWOX,2.0159964561462402,280,S,H,WWOX,A
5607,ThermoMPNN,WWOX,2.3915791511535645,280,S,I,WWOX,A
5608,ThermoMPNN,WWOX,2.147378444671631,280,S,K,WWOX,A
5609,ThermoMPNN,WWOX,2.387342691421509,280,S,L,WWOX,A
5610,ThermoMPNN,WWOX,1.7740532159805298,280,S,M,WWOX,A
5611,ThermoMPNN,WWOX,1.3340286016464233,280,S,N,WWOX,A
5612,ThermoMPNN,WWOX,2.834280252456665,280,S,P,WWOX,A
5613,ThermoMPNN,WWOX,1.9610297679901123,280,S,Q,WWOX,A
5614,ThermoMPNN,WWOX,1.8175318241119385,280,S,R,WWOX,A
5615,ThermoMPNN,WWOX,0.0,280,S,S,WWOX,A
5616,ThermoMPNN,WWOX,0.8164496421813965,280,S,T,WWOX,A
5617,ThermoMPNN,WWOX,1.9146740436553955,280,S,V,WWOX,A
5618,ThermoMPNN,WWOX,2.302678346633911,280,S,W,WWOX,A
5619,ThermoMPNN,WWOX,2.609783411026001,280,S,Y,WWOX,A
5620,ThermoMPNN,WWOX,1.8980093002319336,281,P,A,WWOX,A
5621,ThermoMPNN,WWOX,1.4773163795471191,281,P,C,WWOX,A
5622,ThermoMPNN,WWOX,3.179650068283081,281,P,D,WWOX,A
5623,ThermoMPNN,WWOX,2.6143810749053955,281,P,E,WWOX,A
5624,ThermoMPNN,WWOX,2.107900619506836,281,P,F,WWOX,A
5625,ThermoMPNN,WWOX,2.503664016723633,281,P,G,WWOX,A
5626,ThermoMPNN,WWOX,2.5648586750030518,281,P,H,WWOX,A
5627,ThermoMPNN,WWOX,2.0097172260284424,281,P,I,WWOX,A
5628,ThermoMPNN,WWOX,2.0339548587799072,281,P,K,WWOX,A
5629,ThermoMPNN,WWOX,2.0110602378845215,281,P,L,WWOX,A
5630,ThermoMPNN,WWOX,1.9968037605285645,281,P,M,WWOX,A
5631,ThermoMPNN,WWOX,2.6062731742858887,281,P,N,WWOX,A
5632,ThermoMPNN,WWOX,0.0,281,P,P,WWOX,A
5633,ThermoMPNN,WWOX,2.3616793155670166,281,P,Q,WWOX,A
5634,ThermoMPNN,WWOX,2.1912896633148193,281,P,R,WWOX,A
5635,ThermoMPNN,WWOX,2.1965904235839844,281,P,S,WWOX,A
5636,ThermoMPNN,WWOX,2.462554693222046,281,P,T,WWOX,A
5637,ThermoMPNN,WWOX,1.9777238368988037,281,P,V,WWOX,A
5638,ThermoMPNN,WWOX,2.558197498321533,281,P,W,WWOX,A
5639,ThermoMPNN,WWOX,2.320936441421509,281,P,Y,WWOX,A
5640,ThermoMPNN,WWOX,0.6481209993362427,282,T,A,WWOX,A
5641,ThermoMPNN,WWOX,0.5734094977378845,282,T,C,WWOX,A
5642,ThermoMPNN,WWOX,0.37638628482818604,282,T,D,WWOX,A
5643,ThermoMPNN,WWOX,0.883852481842041,282,T,E,WWOX,A
5644,ThermoMPNN,WWOX,1.1971895694732666,282,T,F,WWOX,A
5645,ThermoMPNN,WWOX,0.5348931550979614,282,T,G,WWOX,A
5646,ThermoMPNN,WWOX,0.8608950972557068,282,T,H,WWOX,A
5647,ThermoMPNN,WWOX,1.1917650699615479,282,T,I,WWOX,A
5648,ThermoMPNN,WWOX,0.7753803133964539,282,T,K,WWOX,A
5649,ThermoMPNN,WWOX,1.078608751296997,282,T,L,WWOX,A
5650,ThermoMPNN,WWOX,1.0753288269042969,282,T,M,WWOX,A
5651,ThermoMPNN,WWOX,0.22154581546783447,282,T,N,WWOX,A
5652,ThermoMPNN,WWOX,0.966404914855957,282,T,P,WWOX,A
5653,ThermoMPNN,WWOX,1.0071711540222168,282,T,Q,WWOX,A
5654,ThermoMPNN,WWOX,0.8283219337463379,282,T,R,WWOX,A
5655,ThermoMPNN,WWOX,-0.07090771198272705,282,T,S,WWOX,A
5656,ThermoMPNN,WWOX,0.0,282,T,T,WWOX,A
5657,ThermoMPNN,WWOX,1.3091373443603516,282,T,V,WWOX,A
5658,ThermoMPNN,WWOX,1.277752161026001,282,T,W,WWOX,A
5659,ThermoMPNN,WWOX,1.254185676574707,282,T,Y,WWOX,A
5660,ThermoMPNN,WWOX,-0.05362379550933838,283,K,A,WWOX,A
5661,ThermoMPNN,WWOX,0.3489531874656677,283,K,C,WWOX,A
5662,ThermoMPNN,WWOX,1.8441393375396729,283,K,D,WWOX,A
5663,ThermoMPNN,WWOX,0.25523054599761963,283,K,E,WWOX,A
5664,ThermoMPNN,WWOX,0.6519485712051392,283,K,F,WWOX,A
5665,ThermoMPNN,WWOX,0.8591040372848511,283,K,G,WWOX,A
5666,ThermoMPNN,WWOX,0.4242086410522461,283,K,H,WWOX,A
5667,ThermoMPNN,WWOX,0.9051529169082642,283,K,I,WWOX,A
5668,ThermoMPNN,WWOX,0.0,283,K,K,WWOX,A
5669,ThermoMPNN,WWOX,0.7295747399330139,283,K,L,WWOX,A
5670,ThermoMPNN,WWOX,0.47909820079803467,283,K,M,WWOX,A
5671,ThermoMPNN,WWOX,1.163672685623169,283,K,N,WWOX,A
5672,ThermoMPNN,WWOX,1.2005819082260132,283,K,P,WWOX,A
5673,ThermoMPNN,WWOX,0.06215822696685791,283,K,Q,WWOX,A
5674,ThermoMPNN,WWOX,0.056967854499816895,283,K,R,WWOX,A
5675,ThermoMPNN,WWOX,0.47152066230773926,283,K,S,WWOX,A
5676,ThermoMPNN,WWOX,0.9979291558265686,283,K,T,WWOX,A
5677,ThermoMPNN,WWOX,0.8195517063140869,283,K,V,WWOX,A
5678,ThermoMPNN,WWOX,0.8114749193191528,283,K,W,WWOX,A
5679,ThermoMPNN,WWOX,0.5162370204925537,283,K,Y,WWOX,A
5680,ThermoMPNN,WWOX,-0.4029211401939392,284,N,A,WWOX,A
5681,ThermoMPNN,WWOX,-0.20410048961639404,284,N,C,WWOX,A
5682,ThermoMPNN,WWOX,-0.021975457668304443,284,N,D,WWOX,A
5683,ThermoMPNN,WWOX,-0.39356881380081177,284,N,E,WWOX,A
5684,ThermoMPNN,WWOX,0.2022402286529541,284,N,F,WWOX,A
5685,ThermoMPNN,WWOX,0.04722994565963745,284,N,G,WWOX,A
5686,ThermoMPNN,WWOX,-0.0568961501121521,284,N,H,WWOX,A
5687,ThermoMPNN,WWOX,0.10276412963867188,284,N,I,WWOX,A
5688,ThermoMPNN,WWOX,-0.1624596118927002,284,N,K,WWOX,A
5689,ThermoMPNN,WWOX,-0.017485857009887695,284,N,L,WWOX,A
5690,ThermoMPNN,WWOX,-0.04724156856536865,284,N,M,WWOX,A
5691,ThermoMPNN,WWOX,0.0,284,N,N,WWOX,A
5692,ThermoMPNN,WWOX,1.0493561029434204,284,N,P,WWOX,A
5693,ThermoMPNN,WWOX,-0.2587856650352478,284,N,Q,WWOX,A
5694,ThermoMPNN,WWOX,-0.1265009045600891,284,N,R,WWOX,A
5695,ThermoMPNN,WWOX,-0.14617294073104858,284,N,S,WWOX,A
5696,ThermoMPNN,WWOX,0.010452747344970703,284,N,T,WWOX,A
5697,ThermoMPNN,WWOX,0.10929113626480103,284,N,V,WWOX,A
5698,ThermoMPNN,WWOX,0.05013400316238403,284,N,W,WWOX,A
5699,ThermoMPNN,WWOX,0.0622372031211853,284,N,Y,WWOX,A
5700,ThermoMPNN,WWOX,-0.11992204189300537,285,D,A,WWOX,A
5701,ThermoMPNN,WWOX,-0.2723020315170288,285,D,C,WWOX,A
5702,ThermoMPNN,WWOX,0.0,285,D,D,WWOX,A
5703,ThermoMPNN,WWOX,-0.10737431049346924,285,D,E,WWOX,A
5704,ThermoMPNN,WWOX,0.12566214799880981,285,D,F,WWOX,A
5705,ThermoMPNN,WWOX,0.39087173342704773,285,D,G,WWOX,A
5706,ThermoMPNN,WWOX,-0.0009579658508300781,285,D,H,WWOX,A
5707,ThermoMPNN,WWOX,0.40798628330230713,285,D,I,WWOX,A
5708,ThermoMPNN,WWOX,0.10385787487030029,285,D,K,WWOX,A
5709,ThermoMPNN,WWOX,0.1176488995552063,285,D,L,WWOX,A
5710,ThermoMPNN,WWOX,-0.009371042251586914,285,D,M,WWOX,A
5711,ThermoMPNN,WWOX,0.019797980785369873,285,D,N,WWOX,A
5712,ThermoMPNN,WWOX,2.530996322631836,285,D,P,WWOX,A
5713,ThermoMPNN,WWOX,-0.1380530595779419,285,D,Q,WWOX,A
5714,ThermoMPNN,WWOX,0.057247161865234375,285,D,R,WWOX,A
5715,ThermoMPNN,WWOX,0.1231488585472107,285,D,S,WWOX,A
5716,ThermoMPNN,WWOX,0.19259631633758545,285,D,T,WWOX,A
5717,ThermoMPNN,WWOX,0.4195672869682312,285,D,V,WWOX,A
5718,ThermoMPNN,WWOX,0.2180483341217041,285,D,W,WWOX,A
5719,ThermoMPNN,WWOX,0.13854193687438965,285,D,Y,WWOX,A
5720,ThermoMPNN,WWOX,2.9005236625671387,286,Y,A,WWOX,A
5721,ThermoMPNN,WWOX,2.2886266708374023,286,Y,C,WWOX,A
5722,ThermoMPNN,WWOX,3.3263254165649414,286,Y,D,WWOX,A
5723,ThermoMPNN,WWOX,3.040526866912842,286,Y,E,WWOX,A
5724,ThermoMPNN,WWOX,0.9463584423065186,286,Y,F,WWOX,A
5725,ThermoMPNN,WWOX,3.013887643814087,286,Y,G,WWOX,A
5726,ThermoMPNN,WWOX,1.8480178117752075,286,Y,H,WWOX,A
5727,ThermoMPNN,WWOX,2.9008231163024902,286,Y,I,WWOX,A
5728,ThermoMPNN,WWOX,2.815215826034546,286,Y,K,WWOX,A
5729,ThermoMPNN,WWOX,2.6809725761413574,286,Y,L,WWOX,A
5730,ThermoMPNN,WWOX,2.6300745010375977,286,Y,M,WWOX,A
5731,ThermoMPNN,WWOX,2.9194276332855225,286,Y,N,WWOX,A
5732,ThermoMPNN,WWOX,3.2555909156799316,286,Y,P,WWOX,A
5733,ThermoMPNN,WWOX,2.9578800201416016,286,Y,Q,WWOX,A
5734,ThermoMPNN,WWOX,2.3525631427764893,286,Y,R,WWOX,A
5735,ThermoMPNN,WWOX,3.154974937438965,286,Y,S,WWOX,A
5736,ThermoMPNN,WWOX,3.098097801208496,286,Y,T,WWOX,A
5737,ThermoMPNN,WWOX,2.878443717956543,286,Y,V,WWOX,A
5738,ThermoMPNN,WWOX,1.119751214981079,286,Y,W,WWOX,A
5739,ThermoMPNN,WWOX,0.0,286,Y,Y,WWOX,A
5740,ThermoMPNN,WWOX,0.10899800062179565,287,W,A,WWOX,A
5741,ThermoMPNN,WWOX,-0.7696816921234131,287,W,C,WWOX,A
5742,ThermoMPNN,WWOX,-1.0417237281799316,287,W,D,WWOX,A
5743,ThermoMPNN,WWOX,-0.21649304032325745,287,W,E,WWOX,A
5744,ThermoMPNN,WWOX,-0.08383014798164368,287,W,F,WWOX,A
5745,ThermoMPNN,WWOX,0.2746817171573639,287,W,G,WWOX,A
5746,ThermoMPNN,WWOX,-0.3821675479412079,287,W,H,WWOX,A
5747,ThermoMPNN,WWOX,-0.3781507909297943,287,W,I,WWOX,A
5748,ThermoMPNN,WWOX,0.16982105374336243,287,W,K,WWOX,A
5749,ThermoMPNN,WWOX,-0.3258592188358307,287,W,L,WWOX,A
5750,ThermoMPNN,WWOX,-0.15905341506004333,287,W,M,WWOX,A
5751,ThermoMPNN,WWOX,-0.9960598945617676,287,W,N,WWOX,A
5752,ThermoMPNN,WWOX,1.813071370124817,287,W,P,WWOX,A
5753,ThermoMPNN,WWOX,-0.18911638855934143,287,W,Q,WWOX,A
5754,ThermoMPNN,WWOX,0.21620526909828186,287,W,R,WWOX,A
5755,ThermoMPNN,WWOX,-0.34258005023002625,287,W,S,WWOX,A
5756,ThermoMPNN,WWOX,0.08614170551300049,287,W,T,WWOX,A
5757,ThermoMPNN,WWOX,-0.4828888475894928,287,W,V,WWOX,A
5758,ThermoMPNN,WWOX,0.0,287,W,W,WWOX,A
5759,ThermoMPNN,WWOX,0.09177449345588684,287,W,Y,WWOX,A
5760,ThermoMPNN,WWOX,0.0,288,A,A,WWOX,A
5761,ThermoMPNN,WWOX,-0.00940394401550293,288,A,C,WWOX,A
5762,ThermoMPNN,WWOX,0.5522341728210449,288,A,D,WWOX,A
5763,ThermoMPNN,WWOX,0.4908987283706665,288,A,E,WWOX,A
5764,ThermoMPNN,WWOX,0.5861336588859558,288,A,F,WWOX,A
5765,ThermoMPNN,WWOX,0.6585835218429565,288,A,G,WWOX,A
5766,ThermoMPNN,WWOX,0.6128528118133545,288,A,H,WWOX,A
5767,ThermoMPNN,WWOX,0.5502078533172607,288,A,I,WWOX,A
5768,ThermoMPNN,WWOX,0.7361009120941162,288,A,K,WWOX,A
5769,ThermoMPNN,WWOX,0.5848070383071899,288,A,L,WWOX,A
5770,ThermoMPNN,WWOX,0.6082465648651123,288,A,M,WWOX,A
5771,ThermoMPNN,WWOX,0.5660659074783325,288,A,N,WWOX,A
5772,ThermoMPNN,WWOX,-0.2945528030395508,288,A,P,WWOX,A
5773,ThermoMPNN,WWOX,0.6039378643035889,288,A,Q,WWOX,A
5774,ThermoMPNN,WWOX,0.8449298739433289,288,A,R,WWOX,A
5775,ThermoMPNN,WWOX,-0.1106036901473999,288,A,S,WWOX,A
5776,ThermoMPNN,WWOX,0.024199843406677246,288,A,T,WWOX,A
5777,ThermoMPNN,WWOX,0.22461551427841187,288,A,V,WWOX,A
5778,ThermoMPNN,WWOX,0.3824657201766968,288,A,W,WWOX,A
5779,ThermoMPNN,WWOX,0.5854218006134033,288,A,Y,WWOX,A
5780,ThermoMPNN,WWOX,0.45903992652893066,289,M,A,WWOX,A
5781,ThermoMPNN,WWOX,0.07086020708084106,289,M,C,WWOX,A
5782,ThermoMPNN,WWOX,0.352780818939209,289,M,D,WWOX,A
5783,ThermoMPNN,WWOX,0.30374032258987427,289,M,E,WWOX,A
5784,ThermoMPNN,WWOX,-0.10654401779174805,289,M,F,WWOX,A
5785,ThermoMPNN,WWOX,0.9620769023895264,289,M,G,WWOX,A
5786,ThermoMPNN,WWOX,0.4054345488548279,289,M,H,WWOX,A
5787,ThermoMPNN,WWOX,0.07137107849121094,289,M,I,WWOX,A
5788,ThermoMPNN,WWOX,0.6355190277099609,289,M,K,WWOX,A
5789,ThermoMPNN,WWOX,0.030947327613830566,289,M,L,WWOX,A
5790,ThermoMPNN,WWOX,0.0,289,M,M,WWOX,A
5791,ThermoMPNN,WWOX,0.5889785289764404,289,M,N,WWOX,A
5792,ThermoMPNN,WWOX,0.5725002288818359,289,M,P,WWOX,A
5793,ThermoMPNN,WWOX,0.39607465267181396,289,M,Q,WWOX,A
5794,ThermoMPNN,WWOX,0.5645991563796997,289,M,R,WWOX,A
5795,ThermoMPNN,WWOX,0.5852516889572144,289,M,S,WWOX,A
5796,ThermoMPNN,WWOX,0.5052796602249146,289,M,T,WWOX,A
5797,ThermoMPNN,WWOX,0.31759899854660034,289,M,V,WWOX,A
5798,ThermoMPNN,WWOX,-0.3654869794845581,289,M,W,WWOX,A
5799,ThermoMPNN,WWOX,-0.10658049583435059,289,M,Y,WWOX,A
5800,ThermoMPNN,WWOX,0.20443880558013916,290,L,A,WWOX,A
5801,ThermoMPNN,WWOX,0.12978863716125488,290,L,C,WWOX,A
5802,ThermoMPNN,WWOX,0.12978267669677734,290,L,D,WWOX,A
5803,ThermoMPNN,WWOX,-0.26273834705352783,290,L,E,WWOX,A
5804,ThermoMPNN,WWOX,0.5847197771072388,290,L,F,WWOX,A
5805,ThermoMPNN,WWOX,1.0839353799819946,290,L,G,WWOX,A
5806,ThermoMPNN,WWOX,0.6728179454803467,290,L,H,WWOX,A
5807,ThermoMPNN,WWOX,0.09642547369003296,290,L,I,WWOX,A
5808,ThermoMPNN,WWOX,0.5459797382354736,290,L,K,WWOX,A
5809,ThermoMPNN,WWOX,0.0,290,L,L,WWOX,A
5810,ThermoMPNN,WWOX,0.2091606855392456,290,L,M,WWOX,A
5811,ThermoMPNN,WWOX,0.6001890897750854,290,L,N,WWOX,A
5812,ThermoMPNN,WWOX,1.336702823638916,290,L,P,WWOX,A
5813,ThermoMPNN,WWOX,0.2203574776649475,290,L,Q,WWOX,A
5814,ThermoMPNN,WWOX,0.5346248149871826,290,L,R,WWOX,A
5815,ThermoMPNN,WWOX,0.3719296455383301,290,L,S,WWOX,A
5816,ThermoMPNN,WWOX,0.253020703792572,290,L,T,WWOX,A
5817,ThermoMPNN,WWOX,0.20251131057739258,290,L,V,WWOX,A
5818,ThermoMPNN,WWOX,0.344102680683136,290,L,W,WWOX,A
5819,ThermoMPNN,WWOX,0.5821144580841064,290,L,Y,WWOX,A
5820,ThermoMPNN,WWOX,0.0,291,A,A,WWOX,A
5821,ThermoMPNN,WWOX,0.8094274997711182,291,A,C,WWOX,A
5822,ThermoMPNN,WWOX,2.1781697273254395,291,A,D,WWOX,A
5823,ThermoMPNN,WWOX,2.378676176071167,291,A,E,WWOX,A
5824,ThermoMPNN,WWOX,2.2742562294006348,291,A,F,WWOX,A
5825,ThermoMPNN,WWOX,1.581888198852539,291,A,G,WWOX,A
5826,ThermoMPNN,WWOX,1.9639365673065186,291,A,H,WWOX,A
5827,ThermoMPNN,WWOX,1.687804102897644,291,A,I,WWOX,A
5828,ThermoMPNN,WWOX,1.9858962297439575,291,A,K,WWOX,A
5829,ThermoMPNN,WWOX,1.8449945449829102,291,A,L,WWOX,A
5830,ThermoMPNN,WWOX,1.4992551803588867,291,A,M,WWOX,A
5831,ThermoMPNN,WWOX,1.9123365879058838,291,A,N,WWOX,A
5832,ThermoMPNN,WWOX,2.162893533706665,291,A,P,WWOX,A
5833,ThermoMPNN,WWOX,1.8575067520141602,291,A,Q,WWOX,A
5834,ThermoMPNN,WWOX,1.5676814317703247,291,A,R,WWOX,A
5835,ThermoMPNN,WWOX,0.38744056224823,291,A,S,WWOX,A
5836,ThermoMPNN,WWOX,0.5845094919204712,291,A,T,WWOX,A
5837,ThermoMPNN,WWOX,0.7432053089141846,291,A,V,WWOX,A
5838,ThermoMPNN,WWOX,2.3732457160949707,291,A,W,WWOX,A
5839,ThermoMPNN,WWOX,2.2771544456481934,291,A,Y,WWOX,A
5840,ThermoMPNN,WWOX,3.341001510620117,292,Y,A,WWOX,A
5841,ThermoMPNN,WWOX,2.231645345687866,292,Y,C,WWOX,A
5842,ThermoMPNN,WWOX,3.034353256225586,292,Y,D,WWOX,A
5843,ThermoMPNN,WWOX,2.9292871952056885,292,Y,E,WWOX,A
5844,ThermoMPNN,WWOX,0.4952116012573242,292,Y,F,WWOX,A
5845,ThermoMPNN,WWOX,3.4014759063720703,292,Y,G,WWOX,A
5846,ThermoMPNN,WWOX,2.198397636413574,292,Y,H,WWOX,A
5847,ThermoMPNN,WWOX,2.813985824584961,292,Y,I,WWOX,A
5848,ThermoMPNN,WWOX,3.3667945861816406,292,Y,K,WWOX,A
5849,ThermoMPNN,WWOX,2.728578567504883,292,Y,L,WWOX,A
5850,ThermoMPNN,WWOX,2.7096452713012695,292,Y,M,WWOX,A
5851,ThermoMPNN,WWOX,3.121621608734131,292,Y,N,WWOX,A
5852,ThermoMPNN,WWOX,3.7684319019317627,292,Y,P,WWOX,A
5853,ThermoMPNN,WWOX,3.2106661796569824,292,Y,Q,WWOX,A
5854,ThermoMPNN,WWOX,2.9621875286102295,292,Y,R,WWOX,A
5855,ThermoMPNN,WWOX,3.4376883506774902,292,Y,S,WWOX,A
5856,ThermoMPNN,WWOX,3.1393797397613525,292,Y,T,WWOX,A
5857,ThermoMPNN,WWOX,2.7576301097869873,292,Y,V,WWOX,A
5858,ThermoMPNN,WWOX,0.8539526462554932,292,Y,W,WWOX,A
5859,ThermoMPNN,WWOX,0.0,292,Y,Y,WWOX,A
5860,ThermoMPNN,WWOX,-0.6384658217430115,293,N,A,WWOX,A
5861,ThermoMPNN,WWOX,-0.5747187733650208,293,N,C,WWOX,A
5862,ThermoMPNN,WWOX,0.9315228462219238,293,N,D,WWOX,A
5863,ThermoMPNN,WWOX,0.8877001404762268,293,N,E,WWOX,A
5864,ThermoMPNN,WWOX,-0.22324782609939575,293,N,F,WWOX,A
5865,ThermoMPNN,WWOX,0.516052782535553,293,N,G,WWOX,A
5866,ThermoMPNN,WWOX,-0.023298561573028564,293,N,H,WWOX,A
5867,ThermoMPNN,WWOX,0.41612380743026733,293,N,I,WWOX,A
5868,ThermoMPNN,WWOX,0.2950100302696228,293,N,K,WWOX,A
5869,ThermoMPNN,WWOX,-0.21343809366226196,293,N,L,WWOX,A
5870,ThermoMPNN,WWOX,-0.2787613272666931,293,N,M,WWOX,A
5871,ThermoMPNN,WWOX,0.0,293,N,N,WWOX,A
5872,ThermoMPNN,WWOX,3.1845037937164307,293,N,P,WWOX,A
5873,ThermoMPNN,WWOX,0.39176005125045776,293,N,Q,WWOX,A
5874,ThermoMPNN,WWOX,0.07441824674606323,293,N,R,WWOX,A
5875,ThermoMPNN,WWOX,-0.03905528783798218,293,N,S,WWOX,A
5876,ThermoMPNN,WWOX,0.4860709309577942,293,N,T,WWOX,A
5877,ThermoMPNN,WWOX,0.3797485828399658,293,N,V,WWOX,A
5878,ThermoMPNN,WWOX,0.024207234382629395,293,N,W,WWOX,A
5879,ThermoMPNN,WWOX,-0.345661461353302,293,N,Y,WWOX,A
5880,ThermoMPNN,WWOX,2.0347578525543213,294,R,A,WWOX,A
5881,ThermoMPNN,WWOX,1.8999581336975098,294,R,C,WWOX,A
5882,ThermoMPNN,WWOX,2.8395659923553467,294,R,D,WWOX,A
5883,ThermoMPNN,WWOX,2.8700926303863525,294,R,E,WWOX,A
5884,ThermoMPNN,WWOX,1.8243794441223145,294,R,F,WWOX,A
5885,ThermoMPNN,WWOX,2.463430166244507,294,R,G,WWOX,A
5886,ThermoMPNN,WWOX,1.9476631879806519,294,R,H,WWOX,A
5887,ThermoMPNN,WWOX,1.8214821815490723,294,R,I,WWOX,A
5888,ThermoMPNN,WWOX,0.8611359596252441,294,R,K,WWOX,A
5889,ThermoMPNN,WWOX,1.6356582641601562,294,R,L,WWOX,A
5890,ThermoMPNN,WWOX,1.6794953346252441,294,R,M,WWOX,A
5891,ThermoMPNN,WWOX,2.0854432582855225,294,R,N,WWOX,A
5892,ThermoMPNN,WWOX,2.7718193531036377,294,R,P,WWOX,A
5893,ThermoMPNN,WWOX,2.016356945037842,294,R,Q,WWOX,A
5894,ThermoMPNN,WWOX,0.0,294,R,R,WWOX,A
5895,ThermoMPNN,WWOX,2.116760015487671,294,R,S,WWOX,A
5896,ThermoMPNN,WWOX,2.0907628536224365,294,R,T,WWOX,A
5897,ThermoMPNN,WWOX,1.8783979415893555,294,R,V,WWOX,A
5898,ThermoMPNN,WWOX,1.7078745365142822,294,R,W,WWOX,A
5899,ThermoMPNN,WWOX,1.7946035861968994,294,R,Y,WWOX,A
5900,ThermoMPNN,WWOX,0.2856588363647461,295,S,A,WWOX,A
5901,ThermoMPNN,WWOX,0.5476416349411011,295,S,C,WWOX,A
5902,ThermoMPNN,WWOX,1.9550385475158691,295,S,D,WWOX,A
5903,ThermoMPNN,WWOX,1.610878825187683,295,S,E,WWOX,A
5904,ThermoMPNN,WWOX,1.2183053493499756,295,S,F,WWOX,A
5905,ThermoMPNN,WWOX,1.1433905363082886,295,S,G,WWOX,A
5906,ThermoMPNN,WWOX,1.9325916767120361,295,S,H,WWOX,A
5907,ThermoMPNN,WWOX,1.1825370788574219,295,S,I,WWOX,A
5908,ThermoMPNN,WWOX,1.8891687393188477,295,S,K,WWOX,A
5909,ThermoMPNN,WWOX,1.6770695447921753,295,S,L,WWOX,A
5910,ThermoMPNN,WWOX,1.2071537971496582,295,S,M,WWOX,A
5911,ThermoMPNN,WWOX,1.9621543884277344,295,S,N,WWOX,A
5912,ThermoMPNN,WWOX,2.203244686126709,295,S,P,WWOX,A
5913,ThermoMPNN,WWOX,1.6309006214141846,295,S,Q,WWOX,A
5914,ThermoMPNN,WWOX,1.8440457582473755,295,S,R,WWOX,A
5915,ThermoMPNN,WWOX,0.0,295,S,S,WWOX,A
5916,ThermoMPNN,WWOX,0.5539263486862183,295,S,T,WWOX,A
5917,ThermoMPNN,WWOX,1.1259140968322754,295,S,V,WWOX,A
5918,ThermoMPNN,WWOX,1.1913154125213623,295,S,W,WWOX,A
5919,ThermoMPNN,WWOX,1.5067580938339233,295,S,Y,WWOX,A
5920,ThermoMPNN,WWOX,1.011012077331543,296,K,A,WWOX,A
5921,ThermoMPNN,WWOX,0.53452467918396,296,K,C,WWOX,A
5922,ThermoMPNN,WWOX,3.244673490524292,296,K,D,WWOX,A
5923,ThermoMPNN,WWOX,2.3340823650360107,296,K,E,WWOX,A
5924,ThermoMPNN,WWOX,1.0394291877746582,296,K,F,WWOX,A
5925,ThermoMPNN,WWOX,2.096881151199341,296,K,G,WWOX,A
5926,ThermoMPNN,WWOX,0.9890957474708557,296,K,H,WWOX,A
5927,ThermoMPNN,WWOX,1.5890865325927734,296,K,I,WWOX,A
5928,ThermoMPNN,WWOX,0.0,296,K,K,WWOX,A
5929,ThermoMPNN,WWOX,0.3101963996887207,296,K,L,WWOX,A
5930,ThermoMPNN,WWOX,0.28054308891296387,296,K,M,WWOX,A
5931,ThermoMPNN,WWOX,1.3156814575195312,296,K,N,WWOX,A
5932,ThermoMPNN,WWOX,3.701681613922119,296,K,P,WWOX,A
5933,ThermoMPNN,WWOX,0.7727360725402832,296,K,Q,WWOX,A
5934,ThermoMPNN,WWOX,0.04831218719482422,296,K,R,WWOX,A
5935,ThermoMPNN,WWOX,1.2239642143249512,296,K,S,WWOX,A
5936,ThermoMPNN,WWOX,1.3948290348052979,296,K,T,WWOX,A
5937,ThermoMPNN,WWOX,1.7288622856140137,296,K,V,WWOX,A
5938,ThermoMPNN,WWOX,1.2471404075622559,296,K,W,WWOX,A
5939,ThermoMPNN,WWOX,1.0183289051055908,296,K,Y,WWOX,A
5940,ThermoMPNN,WWOX,2.7005615234375,297,L,A,WWOX,A
5941,ThermoMPNN,WWOX,1.76862633228302,297,L,C,WWOX,A
5942,ThermoMPNN,WWOX,3.4457898139953613,297,L,D,WWOX,A
5943,ThermoMPNN,WWOX,3.227548599243164,297,L,E,WWOX,A
5944,ThermoMPNN,WWOX,1.87757408618927,297,L,F,WWOX,A
5945,ThermoMPNN,WWOX,3.4069385528564453,297,L,G,WWOX,A
5946,ThermoMPNN,WWOX,2.863102674484253,297,L,H,WWOX,A
5947,ThermoMPNN,WWOX,1.579042911529541,297,L,I,WWOX,A
5948,ThermoMPNN,WWOX,2.4836955070495605,297,L,K,WWOX,A
5949,ThermoMPNN,WWOX,0.0,297,L,L,WWOX,A
5950,ThermoMPNN,WWOX,1.3013676404953003,297,L,M,WWOX,A
5951,ThermoMPNN,WWOX,3.0203166007995605,297,L,N,WWOX,A
5952,ThermoMPNN,WWOX,3.5859296321868896,297,L,P,WWOX,A
5953,ThermoMPNN,WWOX,2.8228793144226074,297,L,Q,WWOX,A
5954,ThermoMPNN,WWOX,2.4936492443084717,297,L,R,WWOX,A
5955,ThermoMPNN,WWOX,3.08717942237854,297,L,S,WWOX,A
5956,ThermoMPNN,WWOX,2.865414619445801,297,L,T,WWOX,A
5957,ThermoMPNN,WWOX,2.063946008682251,297,L,V,WWOX,A
5958,ThermoMPNN,WWOX,2.1935110092163086,297,L,W,WWOX,A
5959,ThermoMPNN,WWOX,2.2646923065185547,297,L,Y,WWOX,A
5960,ThermoMPNN,WWOX,0.015865564346313477,298,C,A,WWOX,A
5961,ThermoMPNN,WWOX,0.0,298,C,C,WWOX,A
5962,ThermoMPNN,WWOX,2.6587674617767334,298,C,D,WWOX,A
5963,ThermoMPNN,WWOX,2.452360153198242,298,C,E,WWOX,A
5964,ThermoMPNN,WWOX,0.6720157861709595,298,C,F,WWOX,A
5965,ThermoMPNN,WWOX,1.391653060913086,298,C,G,WWOX,A
5966,ThermoMPNN,WWOX,1.8321421146392822,298,C,H,WWOX,A
5967,ThermoMPNN,WWOX,0.22398996353149414,298,C,I,WWOX,A
5968,ThermoMPNN,WWOX,2.106802225112915,298,C,K,WWOX,A
5969,ThermoMPNN,WWOX,0.15272927284240723,298,C,L,WWOX,A
5970,ThermoMPNN,WWOX,0.3758995532989502,298,C,M,WWOX,A
5971,ThermoMPNN,WWOX,2.059251308441162,298,C,N,WWOX,A
5972,ThermoMPNN,WWOX,2.3448691368103027,298,C,P,WWOX,A
5973,ThermoMPNN,WWOX,1.9698290824890137,298,C,Q,WWOX,A
5974,ThermoMPNN,WWOX,2.0284411907196045,298,C,R,WWOX,A
5975,ThermoMPNN,WWOX,0.6038146615028381,298,C,S,WWOX,A
5976,ThermoMPNN,WWOX,0.4964108467102051,298,C,T,WWOX,A
5977,ThermoMPNN,WWOX,0.2592766284942627,298,C,V,WWOX,A
5978,ThermoMPNN,WWOX,1.270780086517334,298,C,W,WWOX,A
5979,ThermoMPNN,WWOX,1.0009254217147827,298,C,Y,WWOX,A
5980,ThermoMPNN,WWOX,1.271793246269226,299,N,A,WWOX,A
5981,ThermoMPNN,WWOX,0.7853164672851562,299,N,C,WWOX,A
5982,ThermoMPNN,WWOX,1.7197933197021484,299,N,D,WWOX,A
5983,ThermoMPNN,WWOX,1.8464542627334595,299,N,E,WWOX,A
5984,ThermoMPNN,WWOX,1.7288029193878174,299,N,F,WWOX,A
5985,ThermoMPNN,WWOX,1.3525623083114624,299,N,G,WWOX,A
5986,ThermoMPNN,WWOX,0.9528433680534363,299,N,H,WWOX,A
5987,ThermoMPNN,WWOX,1.7412018775939941,299,N,I,WWOX,A
5988,ThermoMPNN,WWOX,0.7882851362228394,299,N,K,WWOX,A
5989,ThermoMPNN,WWOX,0.7551990747451782,299,N,L,WWOX,A
5990,ThermoMPNN,WWOX,1.0561577081680298,299,N,M,WWOX,A
5991,ThermoMPNN,WWOX,0.0,299,N,N,WWOX,A
5992,ThermoMPNN,WWOX,3.276715040206909,299,N,P,WWOX,A
5993,ThermoMPNN,WWOX,1.2266383171081543,299,N,Q,WWOX,A
5994,ThermoMPNN,WWOX,0.6311361789703369,299,N,R,WWOX,A
5995,ThermoMPNN,WWOX,0.770179271697998,299,N,S,WWOX,A
5996,ThermoMPNN,WWOX,1.340572714805603,299,N,T,WWOX,A
5997,ThermoMPNN,WWOX,1.5027024745941162,299,N,V,WWOX,A
5998,ThermoMPNN,WWOX,2.2134108543395996,299,N,W,WWOX,A
5999,ThermoMPNN,WWOX,1.965034008026123,299,N,Y,WWOX,A
6000,ThermoMPNN,WWOX,2.124937057495117,300,I,A,WWOX,A
6001,ThermoMPNN,WWOX,1.581651210784912,300,I,C,WWOX,A
6002,ThermoMPNN,WWOX,3.2329044342041016,300,I,D,WWOX,A
6003,ThermoMPNN,WWOX,2.9311208724975586,300,I,E,WWOX,A
6004,ThermoMPNN,WWOX,1.801621675491333,300,I,F,WWOX,A
6005,ThermoMPNN,WWOX,3.1041269302368164,300,I,G,WWOX,A
6006,ThermoMPNN,WWOX,2.645918607711792,300,I,H,WWOX,A
6007,ThermoMPNN,WWOX,0.0,300,I,I,WWOX,A
6008,ThermoMPNN,WWOX,2.5423262119293213,300,I,K,WWOX,A
6009,ThermoMPNN,WWOX,0.8617827892303467,300,I,L,WWOX,A
6010,ThermoMPNN,WWOX,1.4549763202667236,300,I,M,WWOX,A
6011,ThermoMPNN,WWOX,3.0209600925445557,300,I,N,WWOX,A
6012,ThermoMPNN,WWOX,3.5465657711029053,300,I,P,WWOX,A
6013,ThermoMPNN,WWOX,2.6389997005462646,300,I,Q,WWOX,A
6014,ThermoMPNN,WWOX,2.5795578956604004,300,I,R,WWOX,A
6015,ThermoMPNN,WWOX,2.8253049850463867,300,I,S,WWOX,A
6016,ThermoMPNN,WWOX,2.110227108001709,300,I,T,WWOX,A
6017,ThermoMPNN,WWOX,0.6045112609863281,300,I,V,WWOX,A
6018,ThermoMPNN,WWOX,2.166985273361206,300,I,W,WWOX,A
6019,ThermoMPNN,WWOX,2.071483612060547,300,I,Y,WWOX,A
6020,ThermoMPNN,WWOX,2.7975575923919678,301,L,A,WWOX,A
6021,ThermoMPNN,WWOX,1.7384124994277954,301,L,C,WWOX,A
6022,ThermoMPNN,WWOX,3.255819797515869,301,L,D,WWOX,A
6023,ThermoMPNN,WWOX,3.275989055633545,301,L,E,WWOX,A
6024,ThermoMPNN,WWOX,1.910820722579956,301,L,F,WWOX,A
6025,ThermoMPNN,WWOX,3.2266952991485596,301,L,G,WWOX,A
6026,ThermoMPNN,WWOX,3.068354368209839,301,L,H,WWOX,A
6027,ThermoMPNN,WWOX,1.3707687854766846,301,L,I,WWOX,A
6028,ThermoMPNN,WWOX,2.955270290374756,301,L,K,WWOX,A
6029,ThermoMPNN,WWOX,0.0,301,L,L,WWOX,A
6030,ThermoMPNN,WWOX,1.4079055786132812,301,L,M,WWOX,A
6031,ThermoMPNN,WWOX,3.1373491287231445,301,L,N,WWOX,A
6032,ThermoMPNN,WWOX,3.3060591220855713,301,L,P,WWOX,A
6033,ThermoMPNN,WWOX,3.0353055000305176,301,L,Q,WWOX,A
6034,ThermoMPNN,WWOX,3.1887600421905518,301,L,R,WWOX,A
6035,ThermoMPNN,WWOX,3.0809895992279053,301,L,S,WWOX,A
6036,ThermoMPNN,WWOX,2.900777816772461,301,L,T,WWOX,A
6037,ThermoMPNN,WWOX,1.8937357664108276,301,L,V,WWOX,A
6038,ThermoMPNN,WWOX,2.376127243041992,301,L,W,WWOX,A
6039,ThermoMPNN,WWOX,2.4277098178863525,301,L,Y,WWOX,A
6040,ThermoMPNN,WWOX,1.7975784540176392,302,F,A,WWOX,A
6041,ThermoMPNN,WWOX,0.9524252414703369,302,F,C,WWOX,A
6042,ThermoMPNN,WWOX,2.7614946365356445,302,F,D,WWOX,A
6043,ThermoMPNN,WWOX,2.4347798824310303,302,F,E,WWOX,A
6044,ThermoMPNN,WWOX,0.0,302,F,F,WWOX,A
6045,ThermoMPNN,WWOX,2.7083849906921387,302,F,G,WWOX,A
6046,ThermoMPNN,WWOX,2.05914568901062,302,F,H,WWOX,A
6047,ThermoMPNN,WWOX,1.0699021816253662,302,F,I,WWOX,A
6048,ThermoMPNN,WWOX,2.805767774581909,302,F,K,WWOX,A
6049,ThermoMPNN,WWOX,1.1987261772155762,302,F,L,WWOX,A
6050,ThermoMPNN,WWOX,0.9381760358810425,302,F,M,WWOX,A
6051,ThermoMPNN,WWOX,2.2619681358337402,302,F,N,WWOX,A
6052,ThermoMPNN,WWOX,3.546384811401367,302,F,P,WWOX,A
6053,ThermoMPNN,WWOX,2.206730365753174,302,F,Q,WWOX,A
6054,ThermoMPNN,WWOX,2.5650298595428467,302,F,R,WWOX,A
6055,ThermoMPNN,WWOX,1.3189069032669067,302,F,S,WWOX,A
6056,ThermoMPNN,WWOX,1.0150078535079956,302,F,T,WWOX,A
6057,ThermoMPNN,WWOX,0.8374588489532471,302,F,V,WWOX,A
6058,ThermoMPNN,WWOX,0.510798454284668,302,F,W,WWOX,A
6059,ThermoMPNN,WWOX,0.7477409839630127,302,F,Y,WWOX,A
6060,ThermoMPNN,WWOX,-1.0707213878631592,303,S,A,WWOX,A
6061,ThermoMPNN,WWOX,-0.29136407375335693,303,S,C,WWOX,A
6062,ThermoMPNN,WWOX,1.451084852218628,303,S,D,WWOX,A
6063,ThermoMPNN,WWOX,1.032994031906128,303,S,E,WWOX,A
6064,ThermoMPNN,WWOX,0.06450098752975464,303,S,F,WWOX,A
6065,ThermoMPNN,WWOX,0.5733584761619568,303,S,G,WWOX,A
6066,ThermoMPNN,WWOX,0.714681088924408,303,S,H,WWOX,A
6067,ThermoMPNN,WWOX,0.08915776014328003,303,S,I,WWOX,A
6068,ThermoMPNN,WWOX,0.7112376689910889,303,S,K,WWOX,A
6069,ThermoMPNN,WWOX,0.3626389503479004,303,S,L,WWOX,A
6070,ThermoMPNN,WWOX,0.20860785245895386,303,S,M,WWOX,A
6071,ThermoMPNN,WWOX,1.1385209560394287,303,S,N,WWOX,A
6072,ThermoMPNN,WWOX,1.078432559967041,303,S,P,WWOX,A
6073,ThermoMPNN,WWOX,0.849727213382721,303,S,Q,WWOX,A
6074,ThermoMPNN,WWOX,0.6769672632217407,303,S,R,WWOX,A
6075,ThermoMPNN,WWOX,0.0,303,S,S,WWOX,A
6076,ThermoMPNN,WWOX,0.5134962797164917,303,S,T,WWOX,A
6077,ThermoMPNN,WWOX,-0.021899700164794922,303,S,V,WWOX,A
6078,ThermoMPNN,WWOX,0.40016329288482666,303,S,W,WWOX,A
6079,ThermoMPNN,WWOX,0.2172560691833496,303,S,Y,WWOX,A
6080,ThermoMPNN,WWOX,0.9527683854103088,304,N,A,WWOX,A
6081,ThermoMPNN,WWOX,0.19700384140014648,304,N,C,WWOX,A
6082,ThermoMPNN,WWOX,1.225020170211792,304,N,D,WWOX,A
6083,ThermoMPNN,WWOX,1.5880608558654785,304,N,E,WWOX,A
6084,ThermoMPNN,WWOX,0.490928590297699,304,N,F,WWOX,A
6085,ThermoMPNN,WWOX,1.0055822134017944,304,N,G,WWOX,A
6086,ThermoMPNN,WWOX,0.45674610137939453,304,N,H,WWOX,A
6087,ThermoMPNN,WWOX,0.9459257125854492,304,N,I,WWOX,A
6088,ThermoMPNN,WWOX,0.27984845638275146,304,N,K,WWOX,A
6089,ThermoMPNN,WWOX,0.5058467388153076,304,N,L,WWOX,A
6090,ThermoMPNN,WWOX,0.6613821387290955,304,N,M,WWOX,A
6091,ThermoMPNN,WWOX,0.0,304,N,N,WWOX,A
6092,ThermoMPNN,WWOX,2.1492912769317627,304,N,P,WWOX,A
6093,ThermoMPNN,WWOX,0.9431939125061035,304,N,Q,WWOX,A
6094,ThermoMPNN,WWOX,-0.05997157096862793,304,N,R,WWOX,A
6095,ThermoMPNN,WWOX,0.4907535910606384,304,N,S,WWOX,A
6096,ThermoMPNN,WWOX,0.8568027019500732,304,N,T,WWOX,A
6097,ThermoMPNN,WWOX,0.8594074249267578,304,N,V,WWOX,A
6098,ThermoMPNN,WWOX,0.38069218397140503,304,N,W,WWOX,A
6099,ThermoMPNN,WWOX,0.5728545188903809,304,N,Y,WWOX,A
6100,ThermoMPNN,WWOX,1.3929979801177979,305,E,A,WWOX,A
6101,ThermoMPNN,WWOX,1.2180427312850952,305,E,C,WWOX,A
6102,ThermoMPNN,WWOX,1.669382095336914,305,E,D,WWOX,A
6103,ThermoMPNN,WWOX,0.0,305,E,E,WWOX,A
6104,ThermoMPNN,WWOX,1.7715106010437012,305,E,F,WWOX,A
6105,ThermoMPNN,WWOX,2.2801926136016846,305,E,G,WWOX,A
6106,ThermoMPNN,WWOX,1.9042868614196777,305,E,H,WWOX,A
6107,ThermoMPNN,WWOX,1.6033005714416504,305,E,I,WWOX,A
6108,ThermoMPNN,WWOX,2.5504438877105713,305,E,K,WWOX,A
6109,ThermoMPNN,WWOX,1.4632341861724854,305,E,L,WWOX,A
6110,ThermoMPNN,WWOX,1.370065689086914,305,E,M,WWOX,A
6111,ThermoMPNN,WWOX,2.346144199371338,305,E,N,WWOX,A
6112,ThermoMPNN,WWOX,3.263948678970337,305,E,P,WWOX,A
6113,ThermoMPNN,WWOX,1.401169776916504,305,E,Q,WWOX,A
6114,ThermoMPNN,WWOX,2.521284341812134,305,E,R,WWOX,A
6115,ThermoMPNN,WWOX,2.0333197116851807,305,E,S,WWOX,A
6116,ThermoMPNN,WWOX,1.9423785209655762,305,E,T,WWOX,A
6117,ThermoMPNN,WWOX,1.4982624053955078,305,E,V,WWOX,A
6118,ThermoMPNN,WWOX,1.347139596939087,305,E,W,WWOX,A
6119,ThermoMPNN,WWOX,1.357913851737976,305,E,Y,WWOX,A
6120,ThermoMPNN,WWOX,2.444392681121826,306,L,A,WWOX,A
6121,ThermoMPNN,WWOX,1.4947863817214966,306,L,C,WWOX,A
6122,ThermoMPNN,WWOX,3.413440704345703,306,L,D,WWOX,A
6123,ThermoMPNN,WWOX,2.939347982406616,306,L,E,WWOX,A
6124,ThermoMPNN,WWOX,0.659888744354248,306,L,F,WWOX,A
6125,ThermoMPNN,WWOX,3.2779290676116943,306,L,G,WWOX,A
6126,ThermoMPNN,WWOX,2.7053940296173096,306,L,H,WWOX,A
6127,ThermoMPNN,WWOX,0.838310718536377,306,L,I,WWOX,A
6128,ThermoMPNN,WWOX,2.913347005844116,306,L,K,WWOX,A
6129,ThermoMPNN,WWOX,0.0,306,L,L,WWOX,A
6130,ThermoMPNN,WWOX,0.901282787322998,306,L,M,WWOX,A
6131,ThermoMPNN,WWOX,3.0717692375183105,306,L,N,WWOX,A
6132,ThermoMPNN,WWOX,3.3377997875213623,306,L,P,WWOX,A
6133,ThermoMPNN,WWOX,2.9009618759155273,306,L,Q,WWOX,A
6134,ThermoMPNN,WWOX,2.786302328109741,306,L,R,WWOX,A
6135,ThermoMPNN,WWOX,2.9355850219726562,306,L,S,WWOX,A
6136,ThermoMPNN,WWOX,2.2891523838043213,306,L,T,WWOX,A
6137,ThermoMPNN,WWOX,1.3845677375793457,306,L,V,WWOX,A
6138,ThermoMPNN,WWOX,1.540754795074463,306,L,W,WWOX,A
6139,ThermoMPNN,WWOX,1.3964769840240479,306,L,Y,WWOX,A
6140,ThermoMPNN,WWOX,0.5335606336593628,307,H,A,WWOX,A
6141,ThermoMPNN,WWOX,-0.051517486572265625,307,H,C,WWOX,A
6142,ThermoMPNN,WWOX,0.4273381233215332,307,H,D,WWOX,A
6143,ThermoMPNN,WWOX,1.0181360244750977,307,H,E,WWOX,A
6144,ThermoMPNN,WWOX,0.7755535840988159,307,H,F,WWOX,A
6145,ThermoMPNN,WWOX,1.2156140804290771,307,H,G,WWOX,A
6146,ThermoMPNN,WWOX,0.0,307,H,H,WWOX,A
6147,ThermoMPNN,WWOX,1.295907735824585,307,H,I,WWOX,A
6148,ThermoMPNN,WWOX,1.3140320777893066,307,H,K,WWOX,A
6149,ThermoMPNN,WWOX,1.100414752960205,307,H,L,WWOX,A
6150,ThermoMPNN,WWOX,0.910478949546814,307,H,M,WWOX,A
6151,ThermoMPNN,WWOX,-0.07390522956848145,307,H,N,WWOX,A
6152,ThermoMPNN,WWOX,1.7849392890930176,307,H,P,WWOX,A
6153,ThermoMPNN,WWOX,0.8920845985412598,307,H,Q,WWOX,A
6154,ThermoMPNN,WWOX,1.1911447048187256,307,H,R,WWOX,A
6155,ThermoMPNN,WWOX,0.554555356502533,307,H,S,WWOX,A
6156,ThermoMPNN,WWOX,1.3695564270019531,307,H,T,WWOX,A
6157,ThermoMPNN,WWOX,0.835308313369751,307,H,V,WWOX,A
6158,ThermoMPNN,WWOX,0.7306361198425293,307,H,W,WWOX,A
6159,ThermoMPNN,WWOX,0.5592436790466309,307,H,Y,WWOX,A
6160,ThermoMPNN,WWOX,1.5918208360671997,308,R,A,WWOX,A
6161,ThermoMPNN,WWOX,1.6776304244995117,308,R,C,WWOX,A
6162,ThermoMPNN,WWOX,2.6199493408203125,308,R,D,WWOX,A
6163,ThermoMPNN,WWOX,2.3882155418395996,308,R,E,WWOX,A
6164,ThermoMPNN,WWOX,1.9051215648651123,308,R,F,WWOX,A
6165,ThermoMPNN,WWOX,2.401634454727173,308,R,G,WWOX,A
6166,ThermoMPNN,WWOX,1.6372637748718262,308,R,H,WWOX,A
6167,ThermoMPNN,WWOX,1.4465793371200562,308,R,I,WWOX,A
6168,ThermoMPNN,WWOX,0.6424226760864258,308,R,K,WWOX,A
6169,ThermoMPNN,WWOX,1.502924919128418,308,R,L,WWOX,A
6170,ThermoMPNN,WWOX,1.4692835807800293,308,R,M,WWOX,A
6171,ThermoMPNN,WWOX,1.5636956691741943,308,R,N,WWOX,A
6172,ThermoMPNN,WWOX,3.6677663326263428,308,R,P,WWOX,A
6173,ThermoMPNN,WWOX,1.552194356918335,308,R,Q,WWOX,A
6174,ThermoMPNN,WWOX,0.0,308,R,R,WWOX,A
6175,ThermoMPNN,WWOX,1.5578293800354004,308,R,S,WWOX,A
6176,ThermoMPNN,WWOX,1.4660632610321045,308,R,T,WWOX,A
6177,ThermoMPNN,WWOX,1.5933220386505127,308,R,V,WWOX,A
6178,ThermoMPNN,WWOX,2.0817737579345703,308,R,W,WWOX,A
6179,ThermoMPNN,WWOX,1.901777744293213,308,R,Y,WWOX,A
6180,ThermoMPNN,WWOX,1.7161340713500977,309,R,A,WWOX,A
6181,ThermoMPNN,WWOX,1.6035726070404053,309,R,C,WWOX,A
6182,ThermoMPNN,WWOX,2.7546098232269287,309,R,D,WWOX,A
6183,ThermoMPNN,WWOX,2.400907039642334,309,R,E,WWOX,A
6184,ThermoMPNN,WWOX,1.4811478853225708,309,R,F,WWOX,A
6185,ThermoMPNN,WWOX,2.672537326812744,309,R,G,WWOX,A
6186,ThermoMPNN,WWOX,1.718806266784668,309,R,H,WWOX,A
6187,ThermoMPNN,WWOX,1.3692092895507812,309,R,I,WWOX,A
6188,ThermoMPNN,WWOX,0.6331081390380859,309,R,K,WWOX,A
6189,ThermoMPNN,WWOX,0.8182506561279297,309,R,L,WWOX,A
6190,ThermoMPNN,WWOX,1.0358240604400635,309,R,M,WWOX,A
6191,ThermoMPNN,WWOX,1.891229510307312,309,R,N,WWOX,A
6192,ThermoMPNN,WWOX,3.8180091381073,309,R,P,WWOX,A
6193,ThermoMPNN,WWOX,1.5340721607208252,309,R,Q,WWOX,A
6194,ThermoMPNN,WWOX,0.0,309,R,R,WWOX,A
6195,ThermoMPNN,WWOX,2.07979679107666,309,R,S,WWOX,A
6196,ThermoMPNN,WWOX,1.9148890972137451,309,R,T,WWOX,A
6197,ThermoMPNN,WWOX,1.809780478477478,309,R,V,WWOX,A
6198,ThermoMPNN,WWOX,1.614692211151123,309,R,W,WWOX,A
6199,ThermoMPNN,WWOX,1.5898188352584839,309,R,Y,WWOX,A
6200,ThermoMPNN,WWOX,1.5798600912094116,310,L,A,WWOX,A
6201,ThermoMPNN,WWOX,0.7785927057266235,310,L,C,WWOX,A
6202,ThermoMPNN,WWOX,1.6842074394226074,310,L,D,WWOX,A
6203,ThermoMPNN,WWOX,1.5637822151184082,310,L,E,WWOX,A
6204,ThermoMPNN,WWOX,0.36269569396972656,310,L,F,WWOX,A
6205,ThermoMPNN,WWOX,2.1204636096954346,310,L,G,WWOX,A
6206,ThermoMPNN,WWOX,1.2899525165557861,310,L,H,WWOX,A
6207,ThermoMPNN,WWOX,0.7914206385612488,310,L,I,WWOX,A
6208,ThermoMPNN,WWOX,1.9835681915283203,310,L,K,WWOX,A
6209,ThermoMPNN,WWOX,0.0,310,L,L,WWOX,A
6210,ThermoMPNN,WWOX,0.5915091037750244,310,L,M,WWOX,A
6211,ThermoMPNN,WWOX,1.8187358379364014,310,L,N,WWOX,A
6212,ThermoMPNN,WWOX,2.1092147827148438,310,L,P,WWOX,A
6213,ThermoMPNN,WWOX,1.5650691986083984,310,L,Q,WWOX,A
6214,ThermoMPNN,WWOX,1.9833416938781738,310,L,R,WWOX,A
6215,ThermoMPNN,WWOX,1.7416253089904785,310,L,S,WWOX,A
6216,ThermoMPNN,WWOX,1.5636041164398193,310,L,T,WWOX,A
6217,ThermoMPNN,WWOX,1.2437011003494263,310,L,V,WWOX,A
6218,ThermoMPNN,WWOX,0.2539961338043213,310,L,W,WWOX,A
6219,ThermoMPNN,WWOX,0.3500673770904541,310,L,Y,WWOX,A
6220,ThermoMPNN,WWOX,-0.5537130832672119,311,S,A,WWOX,A
6221,ThermoMPNN,WWOX,-0.026356220245361328,311,S,C,WWOX,A
6222,ThermoMPNN,WWOX,1.1819062232971191,311,S,D,WWOX,A
6223,ThermoMPNN,WWOX,0.6473480463027954,311,S,E,WWOX,A
6224,ThermoMPNN,WWOX,0.29647934436798096,311,S,F,WWOX,A
6225,ThermoMPNN,WWOX,0.3637973666191101,311,S,G,WWOX,A
6226,ThermoMPNN,WWOX,0.4539802670478821,311,S,H,WWOX,A
6227,ThermoMPNN,WWOX,0.545298159122467,311,S,I,WWOX,A
6228,ThermoMPNN,WWOX,0.13207358121871948,311,S,K,WWOX,A
6229,ThermoMPNN,WWOX,0.4216349124908447,311,S,L,WWOX,A
6230,ThermoMPNN,WWOX,0.24675869941711426,311,S,M,WWOX,A
6231,ThermoMPNN,WWOX,0.7030326128005981,311,S,N,WWOX,A
6232,ThermoMPNN,WWOX,1.6030969619750977,311,S,P,WWOX,A
6233,ThermoMPNN,WWOX,0.28227031230926514,311,S,Q,WWOX,A
6234,ThermoMPNN,WWOX,-0.011307358741760254,311,S,R,WWOX,A
6235,ThermoMPNN,WWOX,0.0,311,S,S,WWOX,A
6236,ThermoMPNN,WWOX,0.7188865542411804,311,S,T,WWOX,A
6237,ThermoMPNN,WWOX,0.18430352210998535,311,S,V,WWOX,A
6238,ThermoMPNN,WWOX,0.5412795543670654,311,S,W,WWOX,A
6239,ThermoMPNN,WWOX,0.4356269836425781,311,S,Y,WWOX,A
6240,ThermoMPNN,WWOX,-0.0830221176147461,312,P,A,WWOX,A
6241,ThermoMPNN,WWOX,0.0061196088790893555,312,P,C,WWOX,A
6242,ThermoMPNN,WWOX,0.1689106822013855,312,P,D,WWOX,A
6243,ThermoMPNN,WWOX,0.31433582305908203,312,P,E,WWOX,A
6244,ThermoMPNN,WWOX,0.5149479508399963,312,P,F,WWOX,A
6245,ThermoMPNN,WWOX,0.3210263252258301,312,P,G,WWOX,A
6246,ThermoMPNN,WWOX,0.4190535545349121,312,P,H,WWOX,A
6247,ThermoMPNN,WWOX,0.4575998783111572,312,P,I,WWOX,A
6248,ThermoMPNN,WWOX,0.6043796539306641,312,P,K,WWOX,A
6249,ThermoMPNN,WWOX,0.3398340940475464,312,P,L,WWOX,A
6250,ThermoMPNN,WWOX,0.4760253429412842,312,P,M,WWOX,A
6251,ThermoMPNN,WWOX,0.43477845191955566,312,P,N,WWOX,A
6252,ThermoMPNN,WWOX,0.0,312,P,P,WWOX,A
6253,ThermoMPNN,WWOX,0.5126497745513916,312,P,Q,WWOX,A
6254,ThermoMPNN,WWOX,0.6440900564193726,312,P,R,WWOX,A
6255,ThermoMPNN,WWOX,0.18072634935379028,312,P,S,WWOX,A
6256,ThermoMPNN,WWOX,0.4615092873573303,312,P,T,WWOX,A
6257,ThermoMPNN,WWOX,0.32933855056762695,312,P,V,WWOX,A
6258,ThermoMPNN,WWOX,0.3310556411743164,312,P,W,WWOX,A
6259,ThermoMPNN,WWOX,0.4299330711364746,312,P,Y,WWOX,A
6260,ThermoMPNN,WWOX,0.12747180461883545,313,R,A,WWOX,A
6261,ThermoMPNN,WWOX,-0.9670823812484741,313,R,C,WWOX,A
6262,ThermoMPNN,WWOX,0.34683293104171753,313,R,D,WWOX,A
6263,ThermoMPNN,WWOX,0.08337414264678955,313,R,E,WWOX,A
6264,ThermoMPNN,WWOX,-1.3877172470092773,313,R,F,WWOX,A
6265,ThermoMPNN,WWOX,0.511720597743988,313,R,G,WWOX,A
6266,ThermoMPNN,WWOX,-0.6437321901321411,313,R,H,WWOX,A
6267,ThermoMPNN,WWOX,-0.4783865809440613,313,R,I,WWOX,A
6268,ThermoMPNN,WWOX,0.009170591831207275,313,R,K,WWOX,A
6269,ThermoMPNN,WWOX,-0.9165455102920532,313,R,L,WWOX,A
6270,ThermoMPNN,WWOX,-0.6359207630157471,313,R,M,WWOX,A
6271,ThermoMPNN,WWOX,-0.10903877019882202,313,R,N,WWOX,A
6272,ThermoMPNN,WWOX,1.2572431564331055,313,R,P,WWOX,A
6273,ThermoMPNN,WWOX,-0.1808798909187317,313,R,Q,WWOX,A
6274,ThermoMPNN,WWOX,0.0,313,R,R,WWOX,A
6275,ThermoMPNN,WWOX,0.034334540367126465,313,R,S,WWOX,A
6276,ThermoMPNN,WWOX,-0.09151074290275574,313,R,T,WWOX,A
6277,ThermoMPNN,WWOX,-0.40095967054367065,313,R,V,WWOX,A
6278,ThermoMPNN,WWOX,-1.2223424911499023,313,R,W,WWOX,A
6279,ThermoMPNN,WWOX,-1.2781774997711182,313,R,Y,WWOX,A
6280,ThermoMPNN,WWOX,1.344806432723999,314,G,A,WWOX,A
6281,ThermoMPNN,WWOX,0.6169202327728271,314,G,C,WWOX,A
6282,ThermoMPNN,WWOX,1.3348844051361084,314,G,D,WWOX,A
6283,ThermoMPNN,WWOX,1.4424481391906738,314,G,E,WWOX,A
6284,ThermoMPNN,WWOX,1.1398307085037231,314,G,F,WWOX,A
6285,ThermoMPNN,WWOX,0.0,314,G,G,WWOX,A
6286,ThermoMPNN,WWOX,1.1410967111587524,314,G,H,WWOX,A
6287,ThermoMPNN,WWOX,1.749582052230835,314,G,I,WWOX,A
6288,ThermoMPNN,WWOX,1.3742657899856567,314,G,K,WWOX,A
6289,ThermoMPNN,WWOX,1.2031855583190918,314,G,L,WWOX,A
6290,ThermoMPNN,WWOX,1.1909284591674805,314,G,M,WWOX,A
6291,ThermoMPNN,WWOX,0.9918849468231201,314,G,N,WWOX,A
6292,ThermoMPNN,WWOX,2.079704761505127,314,G,P,WWOX,A
6293,ThermoMPNN,WWOX,1.3586863279342651,314,G,Q,WWOX,A
6294,ThermoMPNN,WWOX,1.3976352214813232,314,G,R,WWOX,A
6295,ThermoMPNN,WWOX,1.4260969161987305,314,G,S,WWOX,A
6296,ThermoMPNN,WWOX,1.7376468181610107,314,G,T,WWOX,A
6297,ThermoMPNN,WWOX,1.7141749858856201,314,G,V,WWOX,A
6298,ThermoMPNN,WWOX,1.410080909729004,314,G,W,WWOX,A
6299,ThermoMPNN,WWOX,1.335376501083374,314,G,Y,WWOX,A
6300,ThermoMPNN,WWOX,2.3218653202056885,315,V,A,WWOX,A
6301,ThermoMPNN,WWOX,1.5171860456466675,315,V,C,WWOX,A
6302,ThermoMPNN,WWOX,2.566159725189209,315,V,D,WWOX,A
6303,ThermoMPNN,WWOX,2.688521146774292,315,V,E,WWOX,A
6304,ThermoMPNN,WWOX,1.8043959140777588,315,V,F,WWOX,A
6305,ThermoMPNN,WWOX,2.9255902767181396,315,V,G,WWOX,A
6306,ThermoMPNN,WWOX,2.7313954830169678,315,V,H,WWOX,A
6307,ThermoMPNN,WWOX,0.09655404090881348,315,V,I,WWOX,A
6308,ThermoMPNN,WWOX,2.813018321990967,315,V,K,WWOX,A
6309,ThermoMPNN,WWOX,0.9393486976623535,315,V,L,WWOX,A
6310,ThermoMPNN,WWOX,1.802609920501709,315,V,M,WWOX,A
6311,ThermoMPNN,WWOX,2.7422399520874023,315,V,N,WWOX,A
6312,ThermoMPNN,WWOX,2.4744231700897217,315,V,P,WWOX,A
6313,ThermoMPNN,WWOX,2.869225025177002,315,V,Q,WWOX,A
6314,ThermoMPNN,WWOX,2.8310465812683105,315,V,R,WWOX,A
6315,ThermoMPNN,WWOX,2.835982322692871,315,V,S,WWOX,A
6316,ThermoMPNN,WWOX,2.239847421646118,315,V,T,WWOX,A
6317,ThermoMPNN,WWOX,0.0,315,V,V,WWOX,A
6318,ThermoMPNN,WWOX,2.2457962036132812,315,V,W,WWOX,A
6319,ThermoMPNN,WWOX,2.1981985569000244,315,V,Y,WWOX,A
6320,ThermoMPNN,WWOX,1.4799959659576416,316,T,A,WWOX,A
6321,ThermoMPNN,WWOX,0.849811315536499,316,T,C,WWOX,A
6322,ThermoMPNN,WWOX,2.2122011184692383,316,T,D,WWOX,A
6323,ThermoMPNN,WWOX,1.7264738082885742,316,T,E,WWOX,A
6324,ThermoMPNN,WWOX,1.4823282957077026,316,T,F,WWOX,A
6325,ThermoMPNN,WWOX,2.4188039302825928,316,T,G,WWOX,A
6326,ThermoMPNN,WWOX,2.014599561691284,316,T,H,WWOX,A
6327,ThermoMPNN,WWOX,0.5416358709335327,316,T,I,WWOX,A
6328,ThermoMPNN,WWOX,2.5749528408050537,316,T,K,WWOX,A
6329,ThermoMPNN,WWOX,1.1341919898986816,316,T,L,WWOX,A
6330,ThermoMPNN,WWOX,1.195254921913147,316,T,M,WWOX,A
6331,ThermoMPNN,WWOX,2.243734836578369,316,T,N,WWOX,A
6332,ThermoMPNN,WWOX,2.7112107276916504,316,T,P,WWOX,A
6333,ThermoMPNN,WWOX,1.923708200454712,316,T,Q,WWOX,A
6334,ThermoMPNN,WWOX,2.316451072692871,316,T,R,WWOX,A
6335,ThermoMPNN,WWOX,1.1212952136993408,316,T,S,WWOX,A
6336,ThermoMPNN,WWOX,0.0,316,T,T,WWOX,A
6337,ThermoMPNN,WWOX,0.41904401779174805,316,T,V,WWOX,A
6338,ThermoMPNN,WWOX,1.5246336460113525,316,T,W,WWOX,A
6339,ThermoMPNN,WWOX,1.5610541105270386,316,T,Y,WWOX,A
6340,ThermoMPNN,WWOX,-0.29727256298065186,317,S,A,WWOX,A
6341,ThermoMPNN,WWOX,-0.25296640396118164,317,S,C,WWOX,A
6342,ThermoMPNN,WWOX,1.6471521854400635,317,S,D,WWOX,A
6343,ThermoMPNN,WWOX,1.3425092697143555,317,S,E,WWOX,A
6344,ThermoMPNN,WWOX,0.1506919264793396,317,S,F,WWOX,A
6345,ThermoMPNN,WWOX,0.9341094493865967,317,S,G,WWOX,A
6346,ThermoMPNN,WWOX,0.9324626326560974,317,S,H,WWOX,A
6347,ThermoMPNN,WWOX,-0.035001277923583984,317,S,I,WWOX,A
6348,ThermoMPNN,WWOX,1.357513666152954,317,S,K,WWOX,A
6349,ThermoMPNN,WWOX,0.5650349855422974,317,S,L,WWOX,A
6350,ThermoMPNN,WWOX,0.495807409286499,317,S,M,WWOX,A
6351,ThermoMPNN,WWOX,1.2531609535217285,317,S,N,WWOX,A
6352,ThermoMPNN,WWOX,1.109116554260254,317,S,P,WWOX,A
6353,ThermoMPNN,WWOX,1.206383228302002,317,S,Q,WWOX,A
6354,ThermoMPNN,WWOX,1.2426648139953613,317,S,R,WWOX,A
6355,ThermoMPNN,WWOX,0.0,317,S,S,WWOX,A
6356,ThermoMPNN,WWOX,0.05047154426574707,317,S,T,WWOX,A
6357,ThermoMPNN,WWOX,-0.46221792697906494,317,S,V,WWOX,A
6358,ThermoMPNN,WWOX,0.3694351315498352,317,S,W,WWOX,A
6359,ThermoMPNN,WWOX,0.28541719913482666,317,S,Y,WWOX,A
6360,ThermoMPNN,WWOX,1.5914201736450195,318,N,A,WWOX,A
6361,ThermoMPNN,WWOX,0.5773823261260986,318,N,C,WWOX,A
6362,ThermoMPNN,WWOX,1.101996660232544,318,N,D,WWOX,A
6363,ThermoMPNN,WWOX,1.9008431434631348,318,N,E,WWOX,A
6364,ThermoMPNN,WWOX,1.3840047121047974,318,N,F,WWOX,A
6365,ThermoMPNN,WWOX,2.3020997047424316,318,N,G,WWOX,A
6366,ThermoMPNN,WWOX,0.3887200355529785,318,N,H,WWOX,A
6367,ThermoMPNN,WWOX,1.6623499393463135,318,N,I,WWOX,A
6368,ThermoMPNN,WWOX,2.0056490898132324,318,N,K,WWOX,A
6369,ThermoMPNN,WWOX,1.4171504974365234,318,N,L,WWOX,A
6370,ThermoMPNN,WWOX,1.580912709236145,318,N,M,WWOX,A
6371,ThermoMPNN,WWOX,0.0,318,N,N,WWOX,A
6372,ThermoMPNN,WWOX,2.311718463897705,318,N,P,WWOX,A
6373,ThermoMPNN,WWOX,1.7487595081329346,318,N,Q,WWOX,A
6374,ThermoMPNN,WWOX,1.8848375082015991,318,N,R,WWOX,A
6375,ThermoMPNN,WWOX,1.2637701034545898,318,N,S,WWOX,A
6376,ThermoMPNN,WWOX,1.9602391719818115,318,N,T,WWOX,A
6377,ThermoMPNN,WWOX,1.335522174835205,318,N,V,WWOX,A
6378,ThermoMPNN,WWOX,1.5786128044128418,318,N,W,WWOX,A
6379,ThermoMPNN,WWOX,1.25187087059021,318,N,Y,WWOX,A
6380,ThermoMPNN,WWOX,0.0,319,A,A,WWOX,A
6381,ThermoMPNN,WWOX,0.765380859375,319,A,C,WWOX,A
6382,ThermoMPNN,WWOX,2.0992937088012695,319,A,D,WWOX,A
6383,ThermoMPNN,WWOX,2.002718448638916,319,A,E,WWOX,A
6384,ThermoMPNN,WWOX,1.3033785820007324,319,A,F,WWOX,A
6385,ThermoMPNN,WWOX,1.787872076034546,319,A,G,WWOX,A
6386,ThermoMPNN,WWOX,1.8845157623291016,319,A,H,WWOX,A
6387,ThermoMPNN,WWOX,1.247558832168579,319,A,I,WWOX,A
6388,ThermoMPNN,WWOX,2.0826916694641113,319,A,K,WWOX,A
6389,ThermoMPNN,WWOX,1.293617844581604,319,A,L,WWOX,A
6390,ThermoMPNN,WWOX,1.2851557731628418,319,A,M,WWOX,A
6391,ThermoMPNN,WWOX,2.029010534286499,319,A,N,WWOX,A
6392,ThermoMPNN,WWOX,1.7631362676620483,319,A,P,WWOX,A
6393,ThermoMPNN,WWOX,2.114182710647583,319,A,Q,WWOX,A
6394,ThermoMPNN,WWOX,2.0455050468444824,319,A,R,WWOX,A
6395,ThermoMPNN,WWOX,1.1521525382995605,319,A,S,WWOX,A
6396,ThermoMPNN,WWOX,1.6598725318908691,319,A,T,WWOX,A
6397,ThermoMPNN,WWOX,1.0117912292480469,319,A,V,WWOX,A
6398,ThermoMPNN,WWOX,1.4229313135147095,319,A,W,WWOX,A
6399,ThermoMPNN,WWOX,1.380796194076538,319,A,Y,WWOX,A
6400,ThermoMPNN,WWOX,0.8130826950073242,320,V,A,WWOX,A
6401,ThermoMPNN,WWOX,0.6804521083831787,320,V,C,WWOX,A
6402,ThermoMPNN,WWOX,2.0770981311798096,320,V,D,WWOX,A
6403,ThermoMPNN,WWOX,2.148063898086548,320,V,E,WWOX,A
6404,ThermoMPNN,WWOX,1.0117825269699097,320,V,F,WWOX,A
6405,ThermoMPNN,WWOX,1.6984736919403076,320,V,G,WWOX,A
6406,ThermoMPNN,WWOX,1.9191409349441528,320,V,H,WWOX,A
6407,ThermoMPNN,WWOX,0.7813529968261719,320,V,I,WWOX,A
6408,ThermoMPNN,WWOX,2.2804832458496094,320,V,K,WWOX,A
6409,ThermoMPNN,WWOX,1.2132651805877686,320,V,L,WWOX,A
6410,ThermoMPNN,WWOX,1.4560028314590454,320,V,M,WWOX,A
6411,ThermoMPNN,WWOX,2.087132692337036,320,V,N,WWOX,A
6412,ThermoMPNN,WWOX,1.6303331851959229,320,V,P,WWOX,A
6413,ThermoMPNN,WWOX,2.179257869720459,320,V,Q,WWOX,A
6414,ThermoMPNN,WWOX,2.265293598175049,320,V,R,WWOX,A
6415,ThermoMPNN,WWOX,1.7185707092285156,320,V,S,WWOX,A
6416,ThermoMPNN,WWOX,1.268471360206604,320,V,T,WWOX,A
6417,ThermoMPNN,WWOX,0.0,320,V,V,WWOX,A
6418,ThermoMPNN,WWOX,1.3286960124969482,320,V,W,WWOX,A
6419,ThermoMPNN,WWOX,1.2496378421783447,320,V,Y,WWOX,A
6420,ThermoMPNN,WWOX,0.7700912952423096,321,H,A,WWOX,A
6421,ThermoMPNN,WWOX,0.19293296337127686,321,H,C,WWOX,A
6422,ThermoMPNN,WWOX,0.2919318675994873,321,H,D,WWOX,A
6423,ThermoMPNN,WWOX,0.9533820152282715,321,H,E,WWOX,A
6424,ThermoMPNN,WWOX,1.0194783210754395,321,H,F,WWOX,A
6425,ThermoMPNN,WWOX,1.7025864124298096,321,H,G,WWOX,A
6426,ThermoMPNN,WWOX,0.0,321,H,H,WWOX,A
6427,ThermoMPNN,WWOX,1.0160521268844604,321,H,I,WWOX,A
6428,ThermoMPNN,WWOX,1.693354606628418,321,H,K,WWOX,A
6429,ThermoMPNN,WWOX,1.2875280380249023,321,H,L,WWOX,A
6430,ThermoMPNN,WWOX,1.2806029319763184,321,H,M,WWOX,A
6431,ThermoMPNN,WWOX,0.11618292331695557,321,H,N,WWOX,A
6432,ThermoMPNN,WWOX,2.007871627807617,321,H,P,WWOX,A
6433,ThermoMPNN,WWOX,1.2040996551513672,321,H,Q,WWOX,A
6434,ThermoMPNN,WWOX,1.3007166385650635,321,H,R,WWOX,A
6435,ThermoMPNN,WWOX,0.2901477813720703,321,H,S,WWOX,A
6436,ThermoMPNN,WWOX,0.5867348313331604,321,H,T,WWOX,A
6437,ThermoMPNN,WWOX,0.563140332698822,321,H,V,WWOX,A
6438,ThermoMPNN,WWOX,0.5709636211395264,321,H,W,WWOX,A
6439,ThermoMPNN,WWOX,0.3919696807861328,321,H,Y,WWOX,A
6440,ThermoMPNN,WWOX,-0.2778540253639221,322,P,A,WWOX,A
6441,ThermoMPNN,WWOX,-0.29803162813186646,322,P,C,WWOX,A
6442,ThermoMPNN,WWOX,0.9754493236541748,322,P,D,WWOX,A
6443,ThermoMPNN,WWOX,0.8231387734413147,322,P,E,WWOX,A
6444,ThermoMPNN,WWOX,-0.02470552921295166,322,P,F,WWOX,A
6445,ThermoMPNN,WWOX,0.14486557245254517,322,P,G,WWOX,A
6446,ThermoMPNN,WWOX,0.5813254117965698,322,P,H,WWOX,A
6447,ThermoMPNN,WWOX,0.03983205556869507,322,P,I,WWOX,A
6448,ThermoMPNN,WWOX,0.6889655590057373,322,P,K,WWOX,A
6449,ThermoMPNN,WWOX,0.12250524759292603,322,P,L,WWOX,A
6450,ThermoMPNN,WWOX,0.1430119276046753,322,P,M,WWOX,A
6451,ThermoMPNN,WWOX,0.6924025416374207,322,P,N,WWOX,A
6452,ThermoMPNN,WWOX,0.0,322,P,P,WWOX,A
6453,ThermoMPNN,WWOX,0.6105674505233765,322,P,Q,WWOX,A
6454,ThermoMPNN,WWOX,0.7279421091079712,322,P,R,WWOX,A
6455,ThermoMPNN,WWOX,0.15927094221115112,322,P,S,WWOX,A
6456,ThermoMPNN,WWOX,0.06579428911209106,322,P,T,WWOX,A
6457,ThermoMPNN,WWOX,-0.13225072622299194,322,P,V,WWOX,A
6458,ThermoMPNN,WWOX,0.3002411723136902,322,P,W,WWOX,A
6459,ThermoMPNN,WWOX,0.26564860343933105,322,P,Y,WWOX,A
6460,ThermoMPNN,WWOX,1.891139268875122,323,G,A,WWOX,A
6461,ThermoMPNN,WWOX,1.417234182357788,323,G,C,WWOX,A
6462,ThermoMPNN,WWOX,2.25543212890625,323,G,D,WWOX,A
6463,ThermoMPNN,WWOX,2.3716232776641846,323,G,E,WWOX,A
6464,ThermoMPNN,WWOX,1.8140043020248413,323,G,F,WWOX,A
6465,ThermoMPNN,WWOX,0.0,323,G,G,WWOX,A
6466,ThermoMPNN,WWOX,2.022413969039917,323,G,H,WWOX,A
6467,ThermoMPNN,WWOX,2.2841880321502686,323,G,I,WWOX,A
6468,ThermoMPNN,WWOX,2.3249988555908203,323,G,K,WWOX,A
6469,ThermoMPNN,WWOX,2.107222080230713,323,G,L,WWOX,A
6470,ThermoMPNN,WWOX,1.8628807067871094,323,G,M,WWOX,A
6471,ThermoMPNN,WWOX,2.0869266986846924,323,G,N,WWOX,A
6472,ThermoMPNN,WWOX,2.6570804119110107,323,G,P,WWOX,A
6473,ThermoMPNN,WWOX,2.097140312194824,323,G,Q,WWOX,A
6474,ThermoMPNN,WWOX,2.349001884460449,323,G,R,WWOX,A
6475,ThermoMPNN,WWOX,1.9801902770996094,323,G,S,WWOX,A
6476,ThermoMPNN,WWOX,2.1104369163513184,323,G,T,WWOX,A
6477,ThermoMPNN,WWOX,2.2100918292999268,323,G,V,WWOX,A
6478,ThermoMPNN,WWOX,2.027684211730957,323,G,W,WWOX,A
6479,ThermoMPNN,WWOX,1.9543770551681519,323,G,Y,WWOX,A
6480,ThermoMPNN,WWOX,0.3759491443634033,324,N,A,WWOX,A
6481,ThermoMPNN,WWOX,0.14682894945144653,324,N,C,WWOX,A
6482,ThermoMPNN,WWOX,0.1325373649597168,324,N,D,WWOX,A
6483,ThermoMPNN,WWOX,0.43467003107070923,324,N,E,WWOX,A
6484,ThermoMPNN,WWOX,0.3789781332015991,324,N,F,WWOX,A
6485,ThermoMPNN,WWOX,0.4529789686203003,324,N,G,WWOX,A
6486,ThermoMPNN,WWOX,0.35194897651672363,324,N,H,WWOX,A
6487,ThermoMPNN,WWOX,0.5167989134788513,324,N,I,WWOX,A
6488,ThermoMPNN,WWOX,0.35802775621414185,324,N,K,WWOX,A
6489,ThermoMPNN,WWOX,0.41122275590896606,324,N,L,WWOX,A
6490,ThermoMPNN,WWOX,0.5549203157424927,324,N,M,WWOX,A
6491,ThermoMPNN,WWOX,0.0,324,N,N,WWOX,A
6492,ThermoMPNN,WWOX,0.36205679178237915,324,N,P,WWOX,A
6493,ThermoMPNN,WWOX,0.5536395311355591,324,N,Q,WWOX,A
6494,ThermoMPNN,WWOX,0.37805014848709106,324,N,R,WWOX,A
6495,ThermoMPNN,WWOX,0.0712277889251709,324,N,S,WWOX,A
6496,ThermoMPNN,WWOX,0.22127586603164673,324,N,T,WWOX,A
6497,ThermoMPNN,WWOX,0.5603615045547485,324,N,V,WWOX,A
6498,ThermoMPNN,WWOX,0.48924940824508667,324,N,W,WWOX,A
6499,ThermoMPNN,WWOX,0.4784756898880005,324,N,Y,WWOX,A
6500,ThermoMPNN,WWOX,0.781076192855835,325,M,A,WWOX,A
6501,ThermoMPNN,WWOX,0.12781012058258057,325,M,C,WWOX,A
6502,ThermoMPNN,WWOX,1.5530693531036377,325,M,D,WWOX,A
6503,ThermoMPNN,WWOX,1.3804042339324951,325,M,E,WWOX,A
6504,ThermoMPNN,WWOX,0.051348328590393066,325,M,F,WWOX,A
6505,ThermoMPNN,WWOX,1.2979366779327393,325,M,G,WWOX,A
6506,ThermoMPNN,WWOX,0.7948182821273804,325,M,H,WWOX,A
6507,ThermoMPNN,WWOX,0.07336199283599854,325,M,I,WWOX,A
6508,ThermoMPNN,WWOX,1.139694333076477,325,M,K,WWOX,A
6509,ThermoMPNN,WWOX,-0.03274571895599365,325,M,L,WWOX,A
6510,ThermoMPNN,WWOX,0.0,325,M,M,WWOX,A
6511,ThermoMPNN,WWOX,1.160980463027954,325,M,N,WWOX,A
6512,ThermoMPNN,WWOX,1.3461639881134033,325,M,P,WWOX,A
6513,ThermoMPNN,WWOX,1.0864934921264648,325,M,Q,WWOX,A
6514,ThermoMPNN,WWOX,1.1021530628204346,325,M,R,WWOX,A
6515,ThermoMPNN,WWOX,1.1609466075897217,325,M,S,WWOX,A
6516,ThermoMPNN,WWOX,1.0939974784851074,325,M,T,WWOX,A
6517,ThermoMPNN,WWOX,0.4400855302810669,325,M,V,WWOX,A
6518,ThermoMPNN,WWOX,-0.026984453201293945,325,M,W,WWOX,A
6519,ThermoMPNN,WWOX,0.08163058757781982,325,M,Y,WWOX,A
6520,ThermoMPNN,WWOX,1.256209373474121,326,M,A,WWOX,A
6521,ThermoMPNN,WWOX,0.600551962852478,326,M,C,WWOX,A
6522,ThermoMPNN,WWOX,1.3625000715255737,326,M,D,WWOX,A
6523,ThermoMPNN,WWOX,1.6519572734832764,326,M,E,WWOX,A
6524,ThermoMPNN,WWOX,0.14311444759368896,326,M,F,WWOX,A
6525,ThermoMPNN,WWOX,1.6130039691925049,326,M,G,WWOX,A
6526,ThermoMPNN,WWOX,1.2472009658813477,326,M,H,WWOX,A
6527,ThermoMPNN,WWOX,-0.3172518014907837,326,M,I,WWOX,A
6528,ThermoMPNN,WWOX,1.802999496459961,326,M,K,WWOX,A
6529,ThermoMPNN,WWOX,-0.037068724632263184,326,M,L,WWOX,A
6530,ThermoMPNN,WWOX,0.0,326,M,M,WWOX,A
6531,ThermoMPNN,WWOX,1.3218064308166504,326,M,N,WWOX,A
6532,ThermoMPNN,WWOX,1.3672115802764893,326,M,P,WWOX,A
6533,ThermoMPNN,WWOX,1.5024034976959229,326,M,Q,WWOX,A
6534,ThermoMPNN,WWOX,1.645247220993042,326,M,R,WWOX,A
6535,ThermoMPNN,WWOX,1.514879822731018,326,M,S,WWOX,A
6536,ThermoMPNN,WWOX,1.4798550605773926,326,M,T,WWOX,A
6537,ThermoMPNN,WWOX,0.4363800287246704,326,M,V,WWOX,A
6538,ThermoMPNN,WWOX,0.963779091835022,326,M,W,WWOX,A
6539,ThermoMPNN,WWOX,0.8669255971908569,326,M,Y,WWOX,A
6540,ThermoMPNN,WWOX,0.5799140334129333,327,Y,A,WWOX,A
6541,ThermoMPNN,WWOX,-0.0975872278213501,327,Y,C,WWOX,A
6542,ThermoMPNN,WWOX,0.6501609683036804,327,Y,D,WWOX,A
6543,ThermoMPNN,WWOX,0.9174230694770813,327,Y,E,WWOX,A
6544,ThermoMPNN,WWOX,0.13324308395385742,327,Y,F,WWOX,A
6545,ThermoMPNN,WWOX,0.9190217852592468,327,Y,G,WWOX,A
6546,ThermoMPNN,WWOX,0.3479791283607483,327,Y,H,WWOX,A
6547,ThermoMPNN,WWOX,0.05233645439147949,327,Y,I,WWOX,A
6548,ThermoMPNN,WWOX,0.819665253162384,327,Y,K,WWOX,A
6549,ThermoMPNN,WWOX,0.09802544116973877,327,Y,L,WWOX,A
6550,ThermoMPNN,WWOX,0.25875377655029297,327,Y,M,WWOX,A
6551,ThermoMPNN,WWOX,0.637104332447052,327,Y,N,WWOX,A
6552,ThermoMPNN,WWOX,0.533654510974884,327,Y,P,WWOX,A
6553,ThermoMPNN,WWOX,0.7846312522888184,327,Y,Q,WWOX,A
6554,ThermoMPNN,WWOX,0.8356596827507019,327,Y,R,WWOX,A
6555,ThermoMPNN,WWOX,0.7707634568214417,327,Y,S,WWOX,A
6556,ThermoMPNN,WWOX,0.7950388789176941,327,Y,T,WWOX,A
6557,ThermoMPNN,WWOX,0.2951006293296814,327,Y,V,WWOX,A
6558,ThermoMPNN,WWOX,-0.39010465145111084,327,Y,W,WWOX,A
6559,ThermoMPNN,WWOX,0.0,327,Y,Y,WWOX,A
6560,ThermoMPNN,WWOX,0.138337641954422,328,S,A,WWOX,A
6561,ThermoMPNN,WWOX,-0.5182548761367798,328,S,C,WWOX,A
6562,ThermoMPNN,WWOX,0.022276073694229126,328,S,D,WWOX,A
6563,ThermoMPNN,WWOX,-0.17656859755516052,328,S,E,WWOX,A
6564,ThermoMPNN,WWOX,-0.5955495834350586,328,S,F,WWOX,A
6565,ThermoMPNN,WWOX,0.21493926644325256,328,S,G,WWOX,A
6566,ThermoMPNN,WWOX,-0.4750678241252899,328,S,H,WWOX,A
6567,ThermoMPNN,WWOX,-0.5462322235107422,328,S,I,WWOX,A
6568,ThermoMPNN,WWOX,0.10344788432121277,328,S,K,WWOX,A
6569,ThermoMPNN,WWOX,-0.7019069194793701,328,S,L,WWOX,A
6570,ThermoMPNN,WWOX,-0.6029213666915894,328,S,M,WWOX,A
6571,ThermoMPNN,WWOX,-0.21689876914024353,328,S,N,WWOX,A
6572,ThermoMPNN,WWOX,0.40050986409187317,328,S,P,WWOX,A
6573,ThermoMPNN,WWOX,-0.22034606337547302,328,S,Q,WWOX,A
6574,ThermoMPNN,WWOX,0.11111053824424744,328,S,R,WWOX,A
6575,ThermoMPNN,WWOX,0.0,328,S,S,WWOX,A
6576,ThermoMPNN,WWOX,-0.27171602845191956,328,S,T,WWOX,A
6577,ThermoMPNN,WWOX,-0.2600196897983551,328,S,V,WWOX,A
6578,ThermoMPNN,WWOX,-0.3442750871181488,328,S,W,WWOX,A
6579,ThermoMPNN,WWOX,-0.6478087902069092,328,S,Y,WWOX,A
6580,ThermoMPNN,WWOX,0.05696481466293335,329,N,A,WWOX,A
6581,ThermoMPNN,WWOX,-0.2067807912826538,329,N,C,WWOX,A
6582,ThermoMPNN,WWOX,0.10422688722610474,329,N,D,WWOX,A
6583,ThermoMPNN,WWOX,0.21471154689788818,329,N,E,WWOX,A
6584,ThermoMPNN,WWOX,-0.025968611240386963,329,N,F,WWOX,A
6585,ThermoMPNN,WWOX,0.20738500356674194,329,N,G,WWOX,A
6586,ThermoMPNN,WWOX,-0.042261481285095215,329,N,H,WWOX,A
6587,ThermoMPNN,WWOX,0.1529700756072998,329,N,I,WWOX,A
6588,ThermoMPNN,WWOX,0.1293380856513977,329,N,K,WWOX,A
6589,ThermoMPNN,WWOX,0.007327020168304443,329,N,L,WWOX,A
6590,ThermoMPNN,WWOX,0.10866904258728027,329,N,M,WWOX,A
6591,ThermoMPNN,WWOX,0.0,329,N,N,WWOX,A
6592,ThermoMPNN,WWOX,-0.2960776090621948,329,N,P,WWOX,A
6593,ThermoMPNN,WWOX,0.2257629632949829,329,N,Q,WWOX,A
6594,ThermoMPNN,WWOX,0.0779232382774353,329,N,R,WWOX,A
6595,ThermoMPNN,WWOX,0.11709582805633545,329,N,S,WWOX,A
6596,ThermoMPNN,WWOX,0.20005857944488525,329,N,T,WWOX,A
6597,ThermoMPNN,WWOX,0.2923009991645813,329,N,V,WWOX,A
6598,ThermoMPNN,WWOX,0.005117595195770264,329,N,W,WWOX,A
6599,ThermoMPNN,WWOX,-0.09813231229782104,329,N,Y,WWOX,A
6600,ThermoMPNN,WWOX,-0.04360926151275635,330,I,A,WWOX,A
6601,ThermoMPNN,WWOX,-0.359586238861084,330,I,C,WWOX,A
6602,ThermoMPNN,WWOX,0.18452772498130798,330,I,D,WWOX,A
6603,ThermoMPNN,WWOX,0.19374790787696838,330,I,E,WWOX,A
6604,ThermoMPNN,WWOX,-0.4528985023498535,330,I,F,WWOX,A
6605,ThermoMPNN,WWOX,-0.0042580366134643555,330,I,G,WWOX,A
6606,ThermoMPNN,WWOX,-0.030998826026916504,330,I,H,WWOX,A
6607,ThermoMPNN,WWOX,0.0,330,I,I,WWOX,A
6608,ThermoMPNN,WWOX,0.15713530778884888,330,I,K,WWOX,A
6609,ThermoMPNN,WWOX,-0.25946420431137085,330,I,L,WWOX,A
6610,ThermoMPNN,WWOX,-0.2435651421546936,330,I,M,WWOX,A
6611,ThermoMPNN,WWOX,0.13130247592926025,330,I,N,WWOX,A
6612,ThermoMPNN,WWOX,0.9126072525978088,330,I,P,WWOX,A
6613,ThermoMPNN,WWOX,0.04130363464355469,330,I,Q,WWOX,A
6614,ThermoMPNN,WWOX,0.168291836977005,330,I,R,WWOX,A
6615,ThermoMPNN,WWOX,0.11530816555023193,330,I,S,WWOX,A
6616,ThermoMPNN,WWOX,0.30792510509490967,330,I,T,WWOX,A
6617,ThermoMPNN,WWOX,0.14487171173095703,330,I,V,WWOX,A
6618,ThermoMPNN,WWOX,-0.605178713798523,330,I,W,WWOX,A
6619,ThermoMPNN,WWOX,-0.4801461696624756,330,I,Y,WWOX,A
6620,ThermoMPNN,WWOX,0.5315605401992798,331,H,A,WWOX,A
6621,ThermoMPNN,WWOX,-0.015348076820373535,331,H,C,WWOX,A
6622,ThermoMPNN,WWOX,0.23085439205169678,331,H,D,WWOX,A
6623,ThermoMPNN,WWOX,0.49267351627349854,331,H,E,WWOX,A
6624,ThermoMPNN,WWOX,0.30868422985076904,331,H,F,WWOX,A
6625,ThermoMPNN,WWOX,0.8465501070022583,331,H,G,WWOX,A
6626,ThermoMPNN,WWOX,0.0,331,H,H,WWOX,A
6627,ThermoMPNN,WWOX,0.5410028696060181,331,H,I,WWOX,A
6628,ThermoMPNN,WWOX,0.7994885444641113,331,H,K,WWOX,A
6629,ThermoMPNN,WWOX,0.3833707571029663,331,H,L,WWOX,A
6630,ThermoMPNN,WWOX,0.4516271948814392,331,H,M,WWOX,A
6631,ThermoMPNN,WWOX,0.012965917587280273,331,H,N,WWOX,A
6632,ThermoMPNN,WWOX,0.7245938777923584,331,H,P,WWOX,A
6633,ThermoMPNN,WWOX,0.5743085741996765,331,H,Q,WWOX,A
6634,ThermoMPNN,WWOX,0.782629132270813,331,H,R,WWOX,A
6635,ThermoMPNN,WWOX,0.48077595233917236,331,H,S,WWOX,A
6636,ThermoMPNN,WWOX,0.7081444263458252,331,H,T,WWOX,A
6637,ThermoMPNN,WWOX,0.5476250648498535,331,H,V,WWOX,A
6638,ThermoMPNN,WWOX,0.40187376737594604,331,H,W,WWOX,A
6639,ThermoMPNN,WWOX,0.2423330545425415,331,H,Y,WWOX,A
6640,ThermoMPNN,WWOX,-0.09889876842498779,332,R,A,WWOX,A
6641,ThermoMPNN,WWOX,-0.5591704845428467,332,R,C,WWOX,A
6642,ThermoMPNN,WWOX,-0.005487680435180664,332,R,D,WWOX,A
6643,ThermoMPNN,WWOX,-0.04482126235961914,332,R,E,WWOX,A
6644,ThermoMPNN,WWOX,-0.17628252506256104,332,R,F,WWOX,A
6645,ThermoMPNN,WWOX,-0.285724937915802,332,R,G,WWOX,A
6646,ThermoMPNN,WWOX,-0.2564469575881958,332,R,H,WWOX,A
6647,ThermoMPNN,WWOX,0.0013697147369384766,332,R,I,WWOX,A
6648,ThermoMPNN,WWOX,-0.05863875150680542,332,R,K,WWOX,A
6649,ThermoMPNN,WWOX,-0.08321678638458252,332,R,L,WWOX,A
6650,ThermoMPNN,WWOX,-0.014598608016967773,332,R,M,WWOX,A
6651,ThermoMPNN,WWOX,-0.2507888674736023,332,R,N,WWOX,A
6652,ThermoMPNN,WWOX,0.5510097742080688,332,R,P,WWOX,A
6653,ThermoMPNN,WWOX,-0.04080229997634888,332,R,Q,WWOX,A
6654,ThermoMPNN,WWOX,0.0,332,R,R,WWOX,A
6655,ThermoMPNN,WWOX,-0.29466819763183594,332,R,S,WWOX,A
6656,ThermoMPNN,WWOX,-0.4624483585357666,332,R,T,WWOX,A
6657,ThermoMPNN,WWOX,-0.040228188037872314,332,R,V,WWOX,A
6658,ThermoMPNN,WWOX,0.03893226385116577,332,R,W,WWOX,A
6659,ThermoMPNN,WWOX,-0.11223781108856201,332,R,Y,WWOX,A
6660,ThermoMPNN,WWOX,0.1605299711227417,333,S,A,WWOX,A
6661,ThermoMPNN,WWOX,-0.3067774772644043,333,S,C,WWOX,A
6662,ThermoMPNN,WWOX,0.04298144578933716,333,S,D,WWOX,A
6663,ThermoMPNN,WWOX,0.1035194993019104,333,S,E,WWOX,A
6664,ThermoMPNN,WWOX,-0.18035030364990234,333,S,F,WWOX,A
6665,ThermoMPNN,WWOX,-0.42070555686950684,333,S,G,WWOX,A
6666,ThermoMPNN,WWOX,-0.2576531171798706,333,S,H,WWOX,A
6667,ThermoMPNN,WWOX,0.7155522704124451,333,S,I,WWOX,A
6668,ThermoMPNN,WWOX,0.10063660144805908,333,S,K,WWOX,A
6669,ThermoMPNN,WWOX,0.2537994384765625,333,S,L,WWOX,A
6670,ThermoMPNN,WWOX,0.0745319128036499,333,S,M,WWOX,A
6671,ThermoMPNN,WWOX,-0.24427860975265503,333,S,N,WWOX,A
6672,ThermoMPNN,WWOX,0.8209819793701172,333,S,P,WWOX,A
6673,ThermoMPNN,WWOX,0.04295068979263306,333,S,Q,WWOX,A
6674,ThermoMPNN,WWOX,0.05463063716888428,333,S,R,WWOX,A
6675,ThermoMPNN,WWOX,0.0,333,S,S,WWOX,A
6676,ThermoMPNN,WWOX,0.24034437537193298,333,S,T,WWOX,A
6677,ThermoMPNN,WWOX,0.7629935145378113,333,S,V,WWOX,A
6678,ThermoMPNN,WWOX,-0.21767616271972656,333,S,W,WWOX,A
6679,ThermoMPNN,WWOX,-0.28405094146728516,333,S,Y,WWOX,A
6680,ThermoMPNN,WWOX,0.18837106227874756,334,W,A,WWOX,A
6681,ThermoMPNN,WWOX,-0.4338120222091675,334,W,C,WWOX,A
6682,ThermoMPNN,WWOX,-0.595931887626648,334,W,D,WWOX,A
6683,ThermoMPNN,WWOX,0.060574114322662354,334,W,E,WWOX,A
6684,ThermoMPNN,WWOX,0.1457139253616333,334,W,F,WWOX,A
6685,ThermoMPNN,WWOX,0.5275877714157104,334,W,G,WWOX,A
6686,ThermoMPNN,WWOX,-0.14659076929092407,334,W,H,WWOX,A
6687,ThermoMPNN,WWOX,0.3112811744213104,334,W,I,WWOX,A
6688,ThermoMPNN,WWOX,0.34209972620010376,334,W,K,WWOX,A
6689,ThermoMPNN,WWOX,0.03019160032272339,334,W,L,WWOX,A
6690,ThermoMPNN,WWOX,0.13357210159301758,334,W,M,WWOX,A
6691,ThermoMPNN,WWOX,-0.7257574796676636,334,W,N,WWOX,A
6692,ThermoMPNN,WWOX,1.4220983982086182,334,W,P,WWOX,A
6693,ThermoMPNN,WWOX,0.10472524166107178,334,W,Q,WWOX,A
6694,ThermoMPNN,WWOX,0.3401254117488861,334,W,R,WWOX,A
6695,ThermoMPNN,WWOX,-0.18459194898605347,334,W,S,WWOX,A
6696,ThermoMPNN,WWOX,0.25389063358306885,334,W,T,WWOX,A
6697,ThermoMPNN,WWOX,0.114055335521698,334,W,V,WWOX,A
6698,ThermoMPNN,WWOX,0.0,334,W,W,WWOX,A
6699,ThermoMPNN,WWOX,0.1501871943473816,334,W,Y,WWOX,A
6700,ThermoMPNN,WWOX,1.6904691457748413,335,W,A,WWOX,A
6701,ThermoMPNN,WWOX,0.44708335399627686,335,W,C,WWOX,A
6702,ThermoMPNN,WWOX,2.2519593238830566,335,W,D,WWOX,A
6703,ThermoMPNN,WWOX,1.8843820095062256,335,W,E,WWOX,A
6704,ThermoMPNN,WWOX,0.6687206029891968,335,W,F,WWOX,A
6705,ThermoMPNN,WWOX,2.0439987182617188,335,W,G,WWOX,A
6706,ThermoMPNN,WWOX,1.4572618007659912,335,W,H,WWOX,A
6707,ThermoMPNN,WWOX,0.6279668807983398,335,W,I,WWOX,A
6708,ThermoMPNN,WWOX,1.4682759046554565,335,W,K,WWOX,A
6709,ThermoMPNN,WWOX,0.8228830695152283,335,W,L,WWOX,A
6710,ThermoMPNN,WWOX,0.9218360185623169,335,W,M,WWOX,A
6711,ThermoMPNN,WWOX,1.8590087890625,335,W,N,WWOX,A
6712,ThermoMPNN,WWOX,0.9367465376853943,335,W,P,WWOX,A
6713,ThermoMPNN,WWOX,1.7061326503753662,335,W,Q,WWOX,A
6714,ThermoMPNN,WWOX,1.510236382484436,335,W,R,WWOX,A
6715,ThermoMPNN,WWOX,1.6246893405914307,335,W,S,WWOX,A
6716,ThermoMPNN,WWOX,1.437864899635315,335,W,T,WWOX,A
6717,ThermoMPNN,WWOX,0.7917368412017822,335,W,V,WWOX,A
6718,ThermoMPNN,WWOX,0.0,335,W,W,WWOX,A
6719,ThermoMPNN,WWOX,0.7278472185134888,335,W,Y,WWOX,A
6720,ThermoMPNN,WWOX,0.06276577711105347,336,V,A,WWOX,A
6721,ThermoMPNN,WWOX,-0.3079468607902527,336,V,C,WWOX,A
6722,ThermoMPNN,WWOX,0.3358059525489807,336,V,D,WWOX,A
6723,ThermoMPNN,WWOX,0.15921837091445923,336,V,E,WWOX,A
6724,ThermoMPNN,WWOX,-0.25788456201553345,336,V,F,WWOX,A
6725,ThermoMPNN,WWOX,0.15461069345474243,336,V,G,WWOX,A
6726,ThermoMPNN,WWOX,0.016326904296875,336,V,H,WWOX,A
6727,ThermoMPNN,WWOX,-0.1763075590133667,336,V,I,WWOX,A
6728,ThermoMPNN,WWOX,0.10134321451187134,336,V,K,WWOX,A
6729,ThermoMPNN,WWOX,-0.20499354600906372,336,V,L,WWOX,A
6730,ThermoMPNN,WWOX,-0.09794020652770996,336,V,M,WWOX,A
6731,ThermoMPNN,WWOX,0.23892098665237427,336,V,N,WWOX,A
6732,ThermoMPNN,WWOX,0.19481754302978516,336,V,P,WWOX,A
6733,ThermoMPNN,WWOX,0.17518919706344604,336,V,Q,WWOX,A
6734,ThermoMPNN,WWOX,0.08522099256515503,336,V,R,WWOX,A
6735,ThermoMPNN,WWOX,0.2747713327407837,336,V,S,WWOX,A
6736,ThermoMPNN,WWOX,0.19148099422454834,336,V,T,WWOX,A
6737,ThermoMPNN,WWOX,0.0,336,V,V,WWOX,A
6738,ThermoMPNN,WWOX,-0.22358953952789307,336,V,W,WWOX,A
6739,ThermoMPNN,WWOX,-0.281663715839386,336,V,Y,WWOX,A
6740,ThermoMPNN,WWOX,0.941908597946167,337,Y,A,WWOX,A
6741,ThermoMPNN,WWOX,0.4886441230773926,337,Y,C,WWOX,A
6742,ThermoMPNN,WWOX,1.548056960105896,337,Y,D,WWOX,A
6743,ThermoMPNN,WWOX,1.3523931503295898,337,Y,E,WWOX,A
6744,ThermoMPNN,WWOX,0.1860295534133911,337,Y,F,WWOX,A
6745,ThermoMPNN,WWOX,1.8750946521759033,337,Y,G,WWOX,A
6746,ThermoMPNN,WWOX,0.7311328649520874,337,Y,H,WWOX,A
6747,ThermoMPNN,WWOX,0.18751239776611328,337,Y,I,WWOX,A
6748,ThermoMPNN,WWOX,0.8332794308662415,337,Y,K,WWOX,A
6749,ThermoMPNN,WWOX,-0.009048819541931152,337,Y,L,WWOX,A
6750,ThermoMPNN,WWOX,0.29476797580718994,337,Y,M,WWOX,A
6751,ThermoMPNN,WWOX,1.2189021110534668,337,Y,N,WWOX,A
6752,ThermoMPNN,WWOX,2.1624555587768555,337,Y,P,WWOX,A
6753,ThermoMPNN,WWOX,0.9408721923828125,337,Y,Q,WWOX,A
6754,ThermoMPNN,WWOX,0.810724675655365,337,Y,R,WWOX,A
6755,ThermoMPNN,WWOX,1.1673853397369385,337,Y,S,WWOX,A
6756,ThermoMPNN,WWOX,0.941252589225769,337,Y,T,WWOX,A
6757,ThermoMPNN,WWOX,0.5574387311935425,337,Y,V,WWOX,A
6758,ThermoMPNN,WWOX,0.16361844539642334,337,Y,W,WWOX,A
6759,ThermoMPNN,WWOX,0.0,337,Y,Y,WWOX,A
6760,ThermoMPNN,WWOX,0.022264420986175537,338,T,A,WWOX,A
6761,ThermoMPNN,WWOX,-0.09839153289794922,338,T,C,WWOX,A
6762,ThermoMPNN,WWOX,0.4185501039028168,338,T,D,WWOX,A
6763,ThermoMPNN,WWOX,0.38844847679138184,338,T,E,WWOX,A
6764,ThermoMPNN,WWOX,0.3178352117538452,338,T,F,WWOX,A
6765,ThermoMPNN,WWOX,0.676033616065979,338,T,G,WWOX,A
6766,ThermoMPNN,WWOX,-0.09801405668258667,338,T,H,WWOX,A
6767,ThermoMPNN,WWOX,-0.36152565479278564,338,T,I,WWOX,A
6768,ThermoMPNN,WWOX,-0.43464457988739014,338,T,K,WWOX,A
6769,ThermoMPNN,WWOX,0.03881329298019409,338,T,L,WWOX,A
6770,ThermoMPNN,WWOX,0.08011144399642944,338,T,M,WWOX,A
6771,ThermoMPNN,WWOX,-0.2118145227432251,338,T,N,WWOX,A
6772,ThermoMPNN,WWOX,1.4031221866607666,338,T,P,WWOX,A
6773,ThermoMPNN,WWOX,-0.016959667205810547,338,T,Q,WWOX,A
6774,ThermoMPNN,WWOX,-0.6742345094680786,338,T,R,WWOX,A
6775,ThermoMPNN,WWOX,-0.02184462547302246,338,T,S,WWOX,A
6776,ThermoMPNN,WWOX,0.0,338,T,T,WWOX,A
6777,ThermoMPNN,WWOX,-0.45714712142944336,338,T,V,WWOX,A
6778,ThermoMPNN,WWOX,0.28132903575897217,338,T,W,WWOX,A
6779,ThermoMPNN,WWOX,0.16738641262054443,338,T,Y,WWOX,A
6780,ThermoMPNN,WWOX,0.9999669790267944,339,L,A,WWOX,A
6781,ThermoMPNN,WWOX,0.3256418704986572,339,L,C,WWOX,A
6782,ThermoMPNN,WWOX,1.937218189239502,339,L,D,WWOX,A
6783,ThermoMPNN,WWOX,1.7129368782043457,339,L,E,WWOX,A
6784,ThermoMPNN,WWOX,0.2583160400390625,339,L,F,WWOX,A
6785,ThermoMPNN,WWOX,1.6746366024017334,339,L,G,WWOX,A
6786,ThermoMPNN,WWOX,1.190738558769226,339,L,H,WWOX,A
6787,ThermoMPNN,WWOX,0.05262446403503418,339,L,I,WWOX,A
6788,ThermoMPNN,WWOX,1.2924338579177856,339,L,K,WWOX,A
6789,ThermoMPNN,WWOX,0.0,339,L,L,WWOX,A
6790,ThermoMPNN,WWOX,0.5213627815246582,339,L,M,WWOX,A
6791,ThermoMPNN,WWOX,1.5105741024017334,339,L,N,WWOX,A
6792,ThermoMPNN,WWOX,2.1643285751342773,339,L,P,WWOX,A
6793,ThermoMPNN,WWOX,1.4661753177642822,339,L,Q,WWOX,A
6794,ThermoMPNN,WWOX,1.3455946445465088,339,L,R,WWOX,A
6795,ThermoMPNN,WWOX,1.4522600173950195,339,L,S,WWOX,A
6796,ThermoMPNN,WWOX,1.2541089057922363,339,L,T,WWOX,A
6797,ThermoMPNN,WWOX,0.4475274085998535,339,L,V,WWOX,A
6798,ThermoMPNN,WWOX,0.36432886123657227,339,L,W,WWOX,A
6799,ThermoMPNN,WWOX,0.33579230308532715,339,L,Y,WWOX,A
6800,ThermoMPNN,WWOX,1.2105698585510254,340,L,A,WWOX,A
6801,ThermoMPNN,WWOX,0.49878180027008057,340,L,C,WWOX,A
6802,ThermoMPNN,WWOX,2.119227647781372,340,L,D,WWOX,A
6803,ThermoMPNN,WWOX,1.6153738498687744,340,L,E,WWOX,A
6804,ThermoMPNN,WWOX,0.13550245761871338,340,L,F,WWOX,A
6805,ThermoMPNN,WWOX,1.9272633790969849,340,L,G,WWOX,A
6806,ThermoMPNN,WWOX,1.239140272140503,340,L,H,WWOX,A
6807,ThermoMPNN,WWOX,0.4940671920776367,340,L,I,WWOX,A
6808,ThermoMPNN,WWOX,1.4459712505340576,340,L,K,WWOX,A
6809,ThermoMPNN,WWOX,0.0,340,L,L,WWOX,A
6810,ThermoMPNN,WWOX,0.46296024322509766,340,L,M,WWOX,A
6811,ThermoMPNN,WWOX,1.704375982284546,340,L,N,WWOX,A
6812,ThermoMPNN,WWOX,2.8489785194396973,340,L,P,WWOX,A
6813,ThermoMPNN,WWOX,1.5145087242126465,340,L,Q,WWOX,A
6814,ThermoMPNN,WWOX,1.376261591911316,340,L,R,WWOX,A
6815,ThermoMPNN,WWOX,1.8030431270599365,340,L,S,WWOX,A
6816,ThermoMPNN,WWOX,1.5938236713409424,340,L,T,WWOX,A
6817,ThermoMPNN,WWOX,1.0657238960266113,340,L,V,WWOX,A
6818,ThermoMPNN,WWOX,0.3654968738555908,340,L,W,WWOX,A
6819,ThermoMPNN,WWOX,0.32163894176483154,340,L,Y,WWOX,A
6820,ThermoMPNN,WWOX,1.3475836515426636,341,F,A,WWOX,A
6821,ThermoMPNN,WWOX,0.5452761650085449,341,F,C,WWOX,A
6822,ThermoMPNN,WWOX,1.3605173826217651,341,F,D,WWOX,A
6823,ThermoMPNN,WWOX,1.2026252746582031,341,F,E,WWOX,A
6824,ThermoMPNN,WWOX,0.0,341,F,F,WWOX,A
6825,ThermoMPNN,WWOX,1.6335256099700928,341,F,G,WWOX,A
6826,ThermoMPNN,WWOX,1.063336730003357,341,F,H,WWOX,A
6827,ThermoMPNN,WWOX,0.9819295406341553,341,F,I,WWOX,A
6828,ThermoMPNN,WWOX,1.5838069915771484,341,F,K,WWOX,A
6829,ThermoMPNN,WWOX,0.5322993993759155,341,F,L,WWOX,A
6830,ThermoMPNN,WWOX,0.5821603536605835,341,F,M,WWOX,A
6831,ThermoMPNN,WWOX,1.331199049949646,341,F,N,WWOX,A
6832,ThermoMPNN,WWOX,2.5610008239746094,341,F,P,WWOX,A
6833,ThermoMPNN,WWOX,1.2350986003875732,341,F,Q,WWOX,A
6834,ThermoMPNN,WWOX,1.5180399417877197,341,F,R,WWOX,A
6835,ThermoMPNN,WWOX,1.4869205951690674,341,F,S,WWOX,A
6836,ThermoMPNN,WWOX,1.3943891525268555,341,F,T,WWOX,A
6837,ThermoMPNN,WWOX,1.1363062858581543,341,F,V,WWOX,A
6838,ThermoMPNN,WWOX,0.06742262840270996,341,F,W,WWOX,A
6839,ThermoMPNN,WWOX,0.1447899341583252,341,F,Y,WWOX,A
6840,ThermoMPNN,WWOX,-0.11085957288742065,342,T,A,WWOX,A
6841,ThermoMPNN,WWOX,-0.6569572687149048,342,T,C,WWOX,A
6842,ThermoMPNN,WWOX,0.8340213894844055,342,T,D,WWOX,A
6843,ThermoMPNN,WWOX,0.2407558560371399,342,T,E,WWOX,A
6844,ThermoMPNN,WWOX,-0.39919233322143555,342,T,F,WWOX,A
6845,ThermoMPNN,WWOX,0.4812578558921814,342,T,G,WWOX,A
6846,ThermoMPNN,WWOX,-0.06643807888031006,342,T,H,WWOX,A
6847,ThermoMPNN,WWOX,-0.18708759546279907,342,T,I,WWOX,A
6848,ThermoMPNN,WWOX,0.08127802610397339,342,T,K,WWOX,A
6849,ThermoMPNN,WWOX,-0.6656163930892944,342,T,L,WWOX,A
6850,ThermoMPNN,WWOX,-0.4845796823501587,342,T,M,WWOX,A
6851,ThermoMPNN,WWOX,0.28140580654144287,342,T,N,WWOX,A
6852,ThermoMPNN,WWOX,2.450108766555786,342,T,P,WWOX,A
6853,ThermoMPNN,WWOX,0.12422621250152588,342,T,Q,WWOX,A
6854,ThermoMPNN,WWOX,-0.015538215637207031,342,T,R,WWOX,A
6855,ThermoMPNN,WWOX,-0.0016971826553344727,342,T,S,WWOX,A
6856,ThermoMPNN,WWOX,0.0,342,T,T,WWOX,A
6857,ThermoMPNN,WWOX,-0.12133771181106567,342,T,V,WWOX,A
6858,ThermoMPNN,WWOX,-0.422002911567688,342,T,W,WWOX,A
6859,ThermoMPNN,WWOX,-0.48612987995147705,342,T,Y,WWOX,A
6860,ThermoMPNN,WWOX,1.0415136814117432,343,L,A,WWOX,A
6861,ThermoMPNN,WWOX,0.5650413036346436,343,L,C,WWOX,A
6862,ThermoMPNN,WWOX,2.208165407180786,343,L,D,WWOX,A
6863,ThermoMPNN,WWOX,1.9572339057922363,343,L,E,WWOX,A
6864,ThermoMPNN,WWOX,0.5266703367233276,343,L,F,WWOX,A
6865,ThermoMPNN,WWOX,1.4816057682037354,343,L,G,WWOX,A
6866,ThermoMPNN,WWOX,1.4007306098937988,343,L,H,WWOX,A
6867,ThermoMPNN,WWOX,0.740912914276123,343,L,I,WWOX,A
6868,ThermoMPNN,WWOX,1.586745023727417,343,L,K,WWOX,A
6869,ThermoMPNN,WWOX,0.0,343,L,L,WWOX,A
6870,ThermoMPNN,WWOX,0.6399990320205688,343,L,M,WWOX,A
6871,ThermoMPNN,WWOX,1.6081745624542236,343,L,N,WWOX,A
6872,ThermoMPNN,WWOX,2.655266284942627,343,L,P,WWOX,A
6873,ThermoMPNN,WWOX,1.7258015871047974,343,L,Q,WWOX,A
6874,ThermoMPNN,WWOX,1.6319632530212402,343,L,R,WWOX,A
6875,ThermoMPNN,WWOX,1.5789313316345215,343,L,S,WWOX,A
6876,ThermoMPNN,WWOX,1.6209381818771362,343,L,T,WWOX,A
6877,ThermoMPNN,WWOX,1.2532731294631958,343,L,V,WWOX,A
6878,ThermoMPNN,WWOX,0.7999324798583984,343,L,W,WWOX,A
6879,ThermoMPNN,WWOX,0.673082709312439,343,L,Y,WWOX,A
6880,ThermoMPNN,WWOX,0.0,344,A,A,WWOX,A
6881,ThermoMPNN,WWOX,-0.31166207790374756,344,A,C,WWOX,A
6882,ThermoMPNN,WWOX,1.3161065578460693,344,A,D,WWOX,A
6883,ThermoMPNN,WWOX,0.9295111894607544,344,A,E,WWOX,A
6884,ThermoMPNN,WWOX,-0.017554879188537598,344,A,F,WWOX,A
6885,ThermoMPNN,WWOX,0.9287341237068176,344,A,G,WWOX,A
6886,ThermoMPNN,WWOX,0.3526020050048828,344,A,H,WWOX,A
6887,ThermoMPNN,WWOX,0.08806580305099487,344,A,I,WWOX,A
6888,ThermoMPNN,WWOX,0.2868729829788208,344,A,K,WWOX,A
6889,ThermoMPNN,WWOX,-0.6858944892883301,344,A,L,WWOX,A
6890,ThermoMPNN,WWOX,-0.4470334053039551,344,A,M,WWOX,A
6891,ThermoMPNN,WWOX,0.5785017013549805,344,A,N,WWOX,A
6892,ThermoMPNN,WWOX,2.6505630016326904,344,A,P,WWOX,A
6893,ThermoMPNN,WWOX,0.3942456841468811,344,A,Q,WWOX,A
6894,ThermoMPNN,WWOX,0.3691919445991516,344,A,R,WWOX,A
6895,ThermoMPNN,WWOX,0.47571277618408203,344,A,S,WWOX,A
6896,ThermoMPNN,WWOX,0.4945335388183594,344,A,T,WWOX,A
6897,ThermoMPNN,WWOX,0.31056445837020874,344,A,V,WWOX,A
6898,ThermoMPNN,WWOX,0.047688186168670654,344,A,W,WWOX,A
6899,ThermoMPNN,WWOX,-0.07522094249725342,344,A,Y,WWOX,A
6900,ThermoMPNN,WWOX,0.31372499465942383,345,R,A,WWOX,A
6901,ThermoMPNN,WWOX,-0.0354994535446167,345,R,C,WWOX,A
6902,ThermoMPNN,WWOX,0.9772287607192993,345,R,D,WWOX,A
6903,ThermoMPNN,WWOX,0.5295397639274597,345,R,E,WWOX,A
6904,ThermoMPNN,WWOX,-0.031468868255615234,345,R,F,WWOX,A
6905,ThermoMPNN,WWOX,0.8222315907478333,345,R,G,WWOX,A
6906,ThermoMPNN,WWOX,0.4705027937889099,345,R,H,WWOX,A
6907,ThermoMPNN,WWOX,0.05133342742919922,345,R,I,WWOX,A
6908,ThermoMPNN,WWOX,0.1832977533340454,345,R,K,WWOX,A
6909,ThermoMPNN,WWOX,-0.32282423973083496,345,R,L,WWOX,A
6910,ThermoMPNN,WWOX,-0.1618136167526245,345,R,M,WWOX,A
6911,ThermoMPNN,WWOX,0.81559818983078,345,R,N,WWOX,A
6912,ThermoMPNN,WWOX,1.9349710941314697,345,R,P,WWOX,A
6913,ThermoMPNN,WWOX,0.32246869802474976,345,R,Q,WWOX,A
6914,ThermoMPNN,WWOX,0.0,345,R,R,WWOX,A
6915,ThermoMPNN,WWOX,0.6269838809967041,345,R,S,WWOX,A
6916,ThermoMPNN,WWOX,0.6705853343009949,345,R,T,WWOX,A
6917,ThermoMPNN,WWOX,0.322254478931427,345,R,V,WWOX,A
6918,ThermoMPNN,WWOX,-0.06534397602081299,345,R,W,WWOX,A
6919,ThermoMPNN,WWOX,0.12215608358383179,345,R,Y,WWOX,A
6920,ThermoMPNN,WWOX,1.3813352584838867,346,P,A,WWOX,A
6921,ThermoMPNN,WWOX,0.8590559959411621,346,P,C,WWOX,A
6922,ThermoMPNN,WWOX,1.8793667554855347,346,P,D,WWOX,A
6923,ThermoMPNN,WWOX,1.6880898475646973,346,P,E,WWOX,A
6924,ThermoMPNN,WWOX,1.7087867259979248,346,P,F,WWOX,A
6925,ThermoMPNN,WWOX,1.9555184841156006,346,P,G,WWOX,A
6926,ThermoMPNN,WWOX,1.688385248184204,346,P,H,WWOX,A
6927,ThermoMPNN,WWOX,1.3223663568496704,346,P,I,WWOX,A
6928,ThermoMPNN,WWOX,1.4220985174179077,346,P,K,WWOX,A
6929,ThermoMPNN,WWOX,1.293247938156128,346,P,L,WWOX,A
6930,ThermoMPNN,WWOX,1.3427526950836182,346,P,M,WWOX,A
6931,ThermoMPNN,WWOX,1.6460182666778564,346,P,N,WWOX,A
6932,ThermoMPNN,WWOX,0.0,346,P,P,WWOX,A
6933,ThermoMPNN,WWOX,1.5588172674179077,346,P,Q,WWOX,A
6934,ThermoMPNN,WWOX,1.6273740530014038,346,P,R,WWOX,A
6935,ThermoMPNN,WWOX,1.3539000749588013,346,P,S,WWOX,A
6936,ThermoMPNN,WWOX,1.4580514430999756,346,P,T,WWOX,A
6937,ThermoMPNN,WWOX,1.3201549053192139,346,P,V,WWOX,A
6938,ThermoMPNN,WWOX,1.3229987621307373,346,P,W,WWOX,A
6939,ThermoMPNN,WWOX,1.6086828708648682,346,P,Y,WWOX,A
6940,ThermoMPNN,WWOX,0.7934104204177856,347,F,A,WWOX,A
6941,ThermoMPNN,WWOX,-0.05389881134033203,347,F,C,WWOX,A
6942,ThermoMPNN,WWOX,1.5113604068756104,347,F,D,WWOX,A
6943,ThermoMPNN,WWOX,1.1896061897277832,347,F,E,WWOX,A
6944,ThermoMPNN,WWOX,0.0,347,F,F,WWOX,A
6945,ThermoMPNN,WWOX,1.1288301944732666,347,F,G,WWOX,A
6946,ThermoMPNN,WWOX,0.4367997646331787,347,F,H,WWOX,A
6947,ThermoMPNN,WWOX,0.5665659308433533,347,F,I,WWOX,A
6948,ThermoMPNN,WWOX,0.3573841452598572,347,F,K,WWOX,A
6949,ThermoMPNN,WWOX,0.30150455236434937,347,F,L,WWOX,A
6950,ThermoMPNN,WWOX,0.2620609998703003,347,F,M,WWOX,A
6951,ThermoMPNN,WWOX,0.6536923050880432,347,F,N,WWOX,A
6952,ThermoMPNN,WWOX,1.9964611530303955,347,F,P,WWOX,A
6953,ThermoMPNN,WWOX,0.6273874640464783,347,F,Q,WWOX,A
6954,ThermoMPNN,WWOX,0.32922834157943726,347,F,R,WWOX,A
6955,ThermoMPNN,WWOX,0.6309957504272461,347,F,S,WWOX,A
6956,ThermoMPNN,WWOX,0.5870563983917236,347,F,T,WWOX,A
6957,ThermoMPNN,WWOX,0.7108275294303894,347,F,V,WWOX,A
6958,ThermoMPNN,WWOX,-0.1900501251220703,347,F,W,WWOX,A
6959,ThermoMPNN,WWOX,-0.0034962892532348633,347,F,Y,WWOX,A
6960,ThermoMPNN,WWOX,0.4306819438934326,348,T,A,WWOX,A
6961,ThermoMPNN,WWOX,0.09120285511016846,348,T,C,WWOX,A
6962,ThermoMPNN,WWOX,1.350064992904663,348,T,D,WWOX,A
6963,ThermoMPNN,WWOX,1.3775668144226074,348,T,E,WWOX,A
6964,ThermoMPNN,WWOX,0.7709155082702637,348,T,F,WWOX,A
6965,ThermoMPNN,WWOX,1.3483806848526,348,T,G,WWOX,A
6966,ThermoMPNN,WWOX,0.9732558131217957,348,T,H,WWOX,A
6967,ThermoMPNN,WWOX,0.25821447372436523,348,T,I,WWOX,A
6968,ThermoMPNN,WWOX,1.4560625553131104,348,T,K,WWOX,A
6969,ThermoMPNN,WWOX,0.034171223640441895,348,T,L,WWOX,A
6970,ThermoMPNN,WWOX,-0.18026936054229736,348,T,M,WWOX,A
6971,ThermoMPNN,WWOX,1.1696183681488037,348,T,N,WWOX,A
6972,ThermoMPNN,WWOX,2.430983066558838,348,T,P,WWOX,A
6973,ThermoMPNN,WWOX,0.5603603720664978,348,T,Q,WWOX,A
6974,ThermoMPNN,WWOX,1.3782920837402344,348,T,R,WWOX,A
6975,ThermoMPNN,WWOX,0.40279245376586914,348,T,S,WWOX,A
6976,ThermoMPNN,WWOX,0.0,348,T,T,WWOX,A
6977,ThermoMPNN,WWOX,0.3050522804260254,348,T,V,WWOX,A
6978,ThermoMPNN,WWOX,0.8281651735305786,348,T,W,WWOX,A
6979,ThermoMPNN,WWOX,0.9778293371200562,348,T,Y,WWOX,A
6980,ThermoMPNN,WWOX,0.7723900079727173,349,K,A,WWOX,A
6981,ThermoMPNN,WWOX,0.44969457387924194,349,K,C,WWOX,A
6982,ThermoMPNN,WWOX,1.5151578187942505,349,K,D,WWOX,A
6983,ThermoMPNN,WWOX,1.2583551406860352,349,K,E,WWOX,A
6984,ThermoMPNN,WWOX,0.9004100561141968,349,K,F,WWOX,A
6985,ThermoMPNN,WWOX,0.9336491823196411,349,K,G,WWOX,A
6986,ThermoMPNN,WWOX,0.7065407037734985,349,K,H,WWOX,A
6987,ThermoMPNN,WWOX,0.7850427031517029,349,K,I,WWOX,A
6988,ThermoMPNN,WWOX,0.0,349,K,K,WWOX,A
6989,ThermoMPNN,WWOX,0.7835071086883545,349,K,L,WWOX,A
6990,ThermoMPNN,WWOX,0.6688501834869385,349,K,M,WWOX,A
6991,ThermoMPNN,WWOX,0.7986562252044678,349,K,N,WWOX,A
6992,ThermoMPNN,WWOX,-0.19133782386779785,349,K,P,WWOX,A
6993,ThermoMPNN,WWOX,0.5437963604927063,349,K,Q,WWOX,A
6994,ThermoMPNN,WWOX,-0.008943438529968262,349,K,R,WWOX,A
6995,ThermoMPNN,WWOX,0.7402896881103516,349,K,S,WWOX,A
6996,ThermoMPNN,WWOX,0.926991879940033,349,K,T,WWOX,A
6997,ThermoMPNN,WWOX,1.1049022674560547,349,K,V,WWOX,A
6998,ThermoMPNN,WWOX,1.1748876571655273,349,K,W,WWOX,A
6999,ThermoMPNN,WWOX,0.807679295539856,349,K,Y,WWOX,A
7000,ThermoMPNN,WWOX,0.8237066864967346,350,S,A,WWOX,A
7001,ThermoMPNN,WWOX,0.6398454904556274,350,S,C,WWOX,A
7002,ThermoMPNN,WWOX,0.5983620285987854,350,S,D,WWOX,A
7003,ThermoMPNN,WWOX,0.8536093235015869,350,S,E,WWOX,A
7004,ThermoMPNN,WWOX,1.3627657890319824,350,S,F,WWOX,A
7005,ThermoMPNN,WWOX,0.9011982679367065,350,S,G,WWOX,A
7006,ThermoMPNN,WWOX,1.01846182346344,350,S,H,WWOX,A
7007,ThermoMPNN,WWOX,1.2557371854782104,350,S,I,WWOX,A
7008,ThermoMPNN,WWOX,0.9637866020202637,350,S,K,WWOX,A
7009,ThermoMPNN,WWOX,1.0543516874313354,350,S,L,WWOX,A
7010,ThermoMPNN,WWOX,1.0663365125656128,350,S,M,WWOX,A
7011,ThermoMPNN,WWOX,0.646721363067627,350,S,N,WWOX,A
7012,ThermoMPNN,WWOX,1.1082091331481934,350,S,P,WWOX,A
7013,ThermoMPNN,WWOX,0.9450057744979858,350,S,Q,WWOX,A
7014,ThermoMPNN,WWOX,1.1018911600112915,350,S,R,WWOX,A
7015,ThermoMPNN,WWOX,0.0,350,S,S,WWOX,A
7016,ThermoMPNN,WWOX,-0.21190714836120605,350,S,T,WWOX,A
7017,ThermoMPNN,WWOX,1.2487022876739502,350,S,V,WWOX,A
7018,ThermoMPNN,WWOX,1.462669849395752,350,S,W,WWOX,A
7019,ThermoMPNN,WWOX,1.4260376691818237,350,S,Y,WWOX,A
7020,ThermoMPNN,WWOX,0.6407337188720703,351,M,A,WWOX,A
7021,ThermoMPNN,WWOX,0.0589064359664917,351,M,C,WWOX,A
7022,ThermoMPNN,WWOX,0.8980247974395752,351,M,D,WWOX,A
7023,ThermoMPNN,WWOX,0.7465430498123169,351,M,E,WWOX,A
7024,ThermoMPNN,WWOX,-0.23893725872039795,351,M,F,WWOX,A
7025,ThermoMPNN,WWOX,1.0824024677276611,351,M,G,WWOX,A
7026,ThermoMPNN,WWOX,0.056876182556152344,351,M,H,WWOX,A
7027,ThermoMPNN,WWOX,-0.044223904609680176,351,M,I,WWOX,A
7028,ThermoMPNN,WWOX,0.6332335472106934,351,M,K,WWOX,A
7029,ThermoMPNN,WWOX,-0.07170867919921875,351,M,L,WWOX,A
7030,ThermoMPNN,WWOX,0.0,351,M,M,WWOX,A
7031,ThermoMPNN,WWOX,0.5718262195587158,351,M,N,WWOX,A
7032,ThermoMPNN,WWOX,0.3500649929046631,351,M,P,WWOX,A
7033,ThermoMPNN,WWOX,0.534735381603241,351,M,Q,WWOX,A
7034,ThermoMPNN,WWOX,0.6221901178359985,351,M,R,WWOX,A
7035,ThermoMPNN,WWOX,0.7025490999221802,351,M,S,WWOX,A
7036,ThermoMPNN,WWOX,0.6185890436172485,351,M,T,WWOX,A
7037,ThermoMPNN,WWOX,0.23462730646133423,351,M,V,WWOX,A
7038,ThermoMPNN,WWOX,-0.3552536964416504,351,M,W,WWOX,A
7039,ThermoMPNN,WWOX,-0.45358943939208984,351,M,Y,WWOX,A
7040,ThermoMPNN,WWOX,-0.02504277229309082,352,Q,A,WWOX,A
7041,ThermoMPNN,WWOX,0.408153235912323,352,Q,C,WWOX,A
7042,ThermoMPNN,WWOX,0.6181272268295288,352,Q,D,WWOX,A
7043,ThermoMPNN,WWOX,-0.3390258550643921,352,Q,E,WWOX,A
7044,ThermoMPNN,WWOX,0.9085814952850342,352,Q,F,WWOX,A
7045,ThermoMPNN,WWOX,0.7850258350372314,352,Q,G,WWOX,A
7046,ThermoMPNN,WWOX,0.5913248658180237,352,Q,H,WWOX,A
7047,ThermoMPNN,WWOX,0.7282567024230957,352,Q,I,WWOX,A
7048,ThermoMPNN,WWOX,0.6328747272491455,352,Q,K,WWOX,A
7049,ThermoMPNN,WWOX,0.5624125003814697,352,Q,L,WWOX,A
7050,ThermoMPNN,WWOX,0.315632700920105,352,Q,M,WWOX,A
7051,ThermoMPNN,WWOX,0.805973470211029,352,Q,N,WWOX,A
7052,ThermoMPNN,WWOX,0.9782240390777588,352,Q,P,WWOX,A
7053,ThermoMPNN,WWOX,0.0,352,Q,Q,WWOX,A
7054,ThermoMPNN,WWOX,0.7224762439727783,352,Q,R,WWOX,A
7055,ThermoMPNN,WWOX,0.3046501874923706,352,Q,S,WWOX,A
7056,ThermoMPNN,WWOX,0.678735077381134,352,Q,T,WWOX,A
7057,ThermoMPNN,WWOX,0.8222653865814209,352,Q,V,WWOX,A
7058,ThermoMPNN,WWOX,0.5892826318740845,352,Q,W,WWOX,A
7059,ThermoMPNN,WWOX,0.7094550728797913,352,Q,Y,WWOX,A
7060,ThermoMPNN,WWOX,0.8216493129730225,353,Q,A,WWOX,A
7061,ThermoMPNN,WWOX,0.8478657007217407,353,Q,C,WWOX,A
7062,ThermoMPNN,WWOX,2.1154444217681885,353,Q,D,WWOX,A
7063,ThermoMPNN,WWOX,0.9748150110244751,353,Q,E,WWOX,A
7064,ThermoMPNN,WWOX,1.2961242198944092,353,Q,F,WWOX,A
7065,ThermoMPNN,WWOX,1.5026510953903198,353,Q,G,WWOX,A
7066,ThermoMPNN,WWOX,1.2746267318725586,353,Q,H,WWOX,A
7067,ThermoMPNN,WWOX,0.9253625869750977,353,Q,I,WWOX,A
7068,ThermoMPNN,WWOX,1.0615795850753784,353,Q,K,WWOX,A
7069,ThermoMPNN,WWOX,1.3521885871887207,353,Q,L,WWOX,A
7070,ThermoMPNN,WWOX,0.40334200859069824,353,Q,M,WWOX,A
7071,ThermoMPNN,WWOX,1.8252265453338623,353,Q,N,WWOX,A
7072,ThermoMPNN,WWOX,2.7818093299865723,353,Q,P,WWOX,A
7073,ThermoMPNN,WWOX,0.0,353,Q,Q,WWOX,A
7074,ThermoMPNN,WWOX,1.0882400274276733,353,Q,R,WWOX,A
7075,ThermoMPNN,WWOX,1.1931949853897095,353,Q,S,WWOX,A
7076,ThermoMPNN,WWOX,1.1215612888336182,353,Q,T,WWOX,A
7077,ThermoMPNN,WWOX,0.9530611038208008,353,Q,V,WWOX,A
7078,ThermoMPNN,WWOX,1.683081865310669,353,Q,W,WWOX,A
7079,ThermoMPNN,WWOX,1.5862929821014404,353,Q,Y,WWOX,A
7080,ThermoMPNN,WWOX,0.6624981164932251,354,G,A,WWOX,A
7081,ThermoMPNN,WWOX,0.5950942039489746,354,G,C,WWOX,A
7082,ThermoMPNN,WWOX,2.2215828895568848,354,G,D,WWOX,A
7083,ThermoMPNN,WWOX,2.19087553024292,354,G,E,WWOX,A
7084,ThermoMPNN,WWOX,0.9255760312080383,354,G,F,WWOX,A
7085,ThermoMPNN,WWOX,0.0,354,G,G,WWOX,A
7086,ThermoMPNN,WWOX,1.656381607055664,354,G,H,WWOX,A
7087,ThermoMPNN,WWOX,1.7101185321807861,354,G,I,WWOX,A
7088,ThermoMPNN,WWOX,1.8960208892822266,354,G,K,WWOX,A
7089,ThermoMPNN,WWOX,1.5054640769958496,354,G,L,WWOX,A
7090,ThermoMPNN,WWOX,1.2349340915679932,354,G,M,WWOX,A
7091,ThermoMPNN,WWOX,1.8999009132385254,354,G,N,WWOX,A
7092,ThermoMPNN,WWOX,2.832205057144165,354,G,P,WWOX,A
7093,ThermoMPNN,WWOX,1.806135654449463,354,G,Q,WWOX,A
7094,ThermoMPNN,WWOX,1.8444808721542358,354,G,R,WWOX,A
7095,ThermoMPNN,WWOX,1.3278734683990479,354,G,S,WWOX,A
7096,ThermoMPNN,WWOX,1.499068260192871,354,G,T,WWOX,A
7097,ThermoMPNN,WWOX,1.4679441452026367,354,G,V,WWOX,A
7098,ThermoMPNN,WWOX,1.2924151420593262,354,G,W,WWOX,A
7099,ThermoMPNN,WWOX,1.072223424911499,354,G,Y,WWOX,A
7100,ThermoMPNN,WWOX,0.0,355,A,A,WWOX,A
7101,ThermoMPNN,WWOX,1.1884984970092773,355,A,C,WWOX,A
7102,ThermoMPNN,WWOX,2.542572021484375,355,A,D,WWOX,A
7103,ThermoMPNN,WWOX,2.286731719970703,355,A,E,WWOX,A
7104,ThermoMPNN,WWOX,1.7512317895889282,355,A,F,WWOX,A
7105,ThermoMPNN,WWOX,1.796468734741211,355,A,G,WWOX,A
7106,ThermoMPNN,WWOX,2.0930533409118652,355,A,H,WWOX,A
7107,ThermoMPNN,WWOX,1.756354570388794,355,A,I,WWOX,A
7108,ThermoMPNN,WWOX,2.039036750793457,355,A,K,WWOX,A
7109,ThermoMPNN,WWOX,1.667243480682373,355,A,L,WWOX,A
7110,ThermoMPNN,WWOX,1.5387704372406006,355,A,M,WWOX,A
7111,ThermoMPNN,WWOX,2.3595097064971924,355,A,N,WWOX,A
7112,ThermoMPNN,WWOX,2.4151864051818848,355,A,P,WWOX,A
7113,ThermoMPNN,WWOX,2.1076016426086426,355,A,Q,WWOX,A
7114,ThermoMPNN,WWOX,1.9632511138916016,355,A,R,WWOX,A
7115,ThermoMPNN,WWOX,1.4142240285873413,355,A,S,WWOX,A
7116,ThermoMPNN,WWOX,2.0107386112213135,355,A,T,WWOX,A
7117,ThermoMPNN,WWOX,1.5001881122589111,355,A,V,WWOX,A
7118,ThermoMPNN,WWOX,1.7230322360992432,355,A,W,WWOX,A
7119,ThermoMPNN,WWOX,1.777632713317871,355,A,Y,WWOX,A
7120,ThermoMPNN,WWOX,0.0,356,A,A,WWOX,A
7121,ThermoMPNN,WWOX,1.4247105121612549,356,A,C,WWOX,A
7122,ThermoMPNN,WWOX,3.0968682765960693,356,A,D,WWOX,A
7123,ThermoMPNN,WWOX,2.82096266746521,356,A,E,WWOX,A
7124,ThermoMPNN,WWOX,2.1265482902526855,356,A,F,WWOX,A
7125,ThermoMPNN,WWOX,2.035799264907837,356,A,G,WWOX,A
7126,ThermoMPNN,WWOX,2.6831278800964355,356,A,H,WWOX,A
7127,ThermoMPNN,WWOX,2.123047113418579,356,A,I,WWOX,A
7128,ThermoMPNN,WWOX,2.495236873626709,356,A,K,WWOX,A
7129,ThermoMPNN,WWOX,2.0836336612701416,356,A,L,WWOX,A
7130,ThermoMPNN,WWOX,1.9018292427062988,356,A,M,WWOX,A
7131,ThermoMPNN,WWOX,2.9021990299224854,356,A,N,WWOX,A
7132,ThermoMPNN,WWOX,2.813103199005127,356,A,P,WWOX,A
7133,ThermoMPNN,WWOX,2.608175754547119,356,A,Q,WWOX,A
7134,ThermoMPNN,WWOX,2.3807780742645264,356,A,R,WWOX,A
7135,ThermoMPNN,WWOX,1.728468894958496,356,A,S,WWOX,A
7136,ThermoMPNN,WWOX,2.257718563079834,356,A,T,WWOX,A
7137,ThermoMPNN,WWOX,1.7038649320602417,356,A,V,WWOX,A
7138,ThermoMPNN,WWOX,2.2702178955078125,356,A,W,WWOX,A
7139,ThermoMPNN,WWOX,2.236414670944214,356,A,Y,WWOX,A
7140,ThermoMPNN,WWOX,1.5620532035827637,357,T,A,WWOX,A
7141,ThermoMPNN,WWOX,1.6924189329147339,357,T,C,WWOX,A
7142,ThermoMPNN,WWOX,1.8474807739257812,357,T,D,WWOX,A
7143,ThermoMPNN,WWOX,2.8561549186706543,357,T,E,WWOX,A
7144,ThermoMPNN,WWOX,2.1874780654907227,357,T,F,WWOX,A
7145,ThermoMPNN,WWOX,1.6721012592315674,357,T,G,WWOX,A
7146,ThermoMPNN,WWOX,2.3844141960144043,357,T,H,WWOX,A
7147,ThermoMPNN,WWOX,1.8943233489990234,357,T,I,WWOX,A
7148,ThermoMPNN,WWOX,2.528953790664673,357,T,K,WWOX,A
7149,ThermoMPNN,WWOX,2.259709119796753,357,T,L,WWOX,A
7150,ThermoMPNN,WWOX,2.1487374305725098,357,T,M,WWOX,A
7151,ThermoMPNN,WWOX,1.8895576000213623,357,T,N,WWOX,A
7152,ThermoMPNN,WWOX,1.2953782081604004,357,T,P,WWOX,A
7153,ThermoMPNN,WWOX,2.5299265384674072,357,T,Q,WWOX,A
7154,ThermoMPNN,WWOX,2.234890937805176,357,T,R,WWOX,A
7155,ThermoMPNN,WWOX,0.3897826671600342,357,T,S,WWOX,A
7156,ThermoMPNN,WWOX,0.0,357,T,T,WWOX,A
7157,ThermoMPNN,WWOX,1.7102761268615723,357,T,V,WWOX,A
7158,ThermoMPNN,WWOX,1.6014978885650635,357,T,W,WWOX,A
7159,ThermoMPNN,WWOX,2.09734845161438,357,T,Y,WWOX,A
7160,ThermoMPNN,WWOX,-0.3331185579299927,358,T,A,WWOX,A
7161,ThermoMPNN,WWOX,-1.0687363147735596,358,T,C,WWOX,A
7162,ThermoMPNN,WWOX,0.9347943663597107,358,T,D,WWOX,A
7163,ThermoMPNN,WWOX,0.9945122599601746,358,T,E,WWOX,A
7164,ThermoMPNN,WWOX,-0.9736177921295166,358,T,F,WWOX,A
7165,ThermoMPNN,WWOX,0.28520458936691284,358,T,G,WWOX,A
7166,ThermoMPNN,WWOX,0.48005324602127075,358,T,H,WWOX,A
7167,ThermoMPNN,WWOX,-2.5983364582061768,358,T,I,WWOX,A
7168,ThermoMPNN,WWOX,0.3764048218727112,358,T,K,WWOX,A
7169,ThermoMPNN,WWOX,-2.367494583129883,358,T,L,WWOX,A
7170,ThermoMPNN,WWOX,-1.486991286277771,358,T,M,WWOX,A
7171,ThermoMPNN,WWOX,0.5289221405982971,358,T,N,WWOX,A
7172,ThermoMPNN,WWOX,0.538236677646637,358,T,P,WWOX,A
7173,ThermoMPNN,WWOX,0.5703380703926086,358,T,Q,WWOX,A
7174,ThermoMPNN,WWOX,0.35147279500961304,358,T,R,WWOX,A
7175,ThermoMPNN,WWOX,0.4687264561653137,358,T,S,WWOX,A
7176,ThermoMPNN,WWOX,0.0,358,T,T,WWOX,A
7177,ThermoMPNN,WWOX,-1.788545846939087,358,T,V,WWOX,A
7178,ThermoMPNN,WWOX,-0.40858426690101624,358,T,W,WWOX,A
7179,ThermoMPNN,WWOX,-0.4250037968158722,358,T,Y,WWOX,A
7180,ThermoMPNN,WWOX,1.759077548980713,359,V,A,WWOX,A
7181,ThermoMPNN,WWOX,1.2328277826309204,359,V,C,WWOX,A
7182,ThermoMPNN,WWOX,3.1090409755706787,359,V,D,WWOX,A
7183,ThermoMPNN,WWOX,3.0408573150634766,359,V,E,WWOX,A
7184,ThermoMPNN,WWOX,2.374878406524658,359,V,F,WWOX,A
7185,ThermoMPNN,WWOX,2.8419909477233887,359,V,G,WWOX,A
7186,ThermoMPNN,WWOX,3.021941661834717,359,V,H,WWOX,A
7187,ThermoMPNN,WWOX,0.22960400581359863,359,V,I,WWOX,A
7188,ThermoMPNN,WWOX,2.7780261039733887,359,V,K,WWOX,A
7189,ThermoMPNN,WWOX,0.9062281847000122,359,V,L,WWOX,A
7190,ThermoMPNN,WWOX,1.6190659999847412,359,V,M,WWOX,A
7191,ThermoMPNN,WWOX,2.974200487136841,359,V,N,WWOX,A
7192,ThermoMPNN,WWOX,3.402418613433838,359,V,P,WWOX,A
7193,ThermoMPNN,WWOX,2.7587621212005615,359,V,Q,WWOX,A
7194,ThermoMPNN,WWOX,2.8367209434509277,359,V,R,WWOX,A
7195,ThermoMPNN,WWOX,2.6294877529144287,359,V,S,WWOX,A
7196,ThermoMPNN,WWOX,1.8053911924362183,359,V,T,WWOX,A
7197,ThermoMPNN,WWOX,0.0,359,V,V,WWOX,A
7198,ThermoMPNN,WWOX,2.665410280227661,359,V,W,WWOX,A
7199,ThermoMPNN,WWOX,2.682837724685669,359,V,Y,WWOX,A
7200,ThermoMPNN,WWOX,2.8555941581726074,360,Y,A,WWOX,A
7201,ThermoMPNN,WWOX,2.1854820251464844,360,Y,C,WWOX,A
7202,ThermoMPNN,WWOX,3.6179885864257812,360,Y,D,WWOX,A
7203,ThermoMPNN,WWOX,3.421905040740967,360,Y,E,WWOX,A
7204,ThermoMPNN,WWOX,0.7049226760864258,360,Y,F,WWOX,A
7205,ThermoMPNN,WWOX,2.8891031742095947,360,Y,G,WWOX,A
7206,ThermoMPNN,WWOX,2.0768916606903076,360,Y,H,WWOX,A
7207,ThermoMPNN,WWOX,2.5506269931793213,360,Y,I,WWOX,A
7208,ThermoMPNN,WWOX,2.9984402656555176,360,Y,K,WWOX,A
7209,ThermoMPNN,WWOX,2.2054061889648438,360,Y,L,WWOX,A
7210,ThermoMPNN,WWOX,2.423161745071411,360,Y,M,WWOX,A
7211,ThermoMPNN,WWOX,3.052913188934326,360,Y,N,WWOX,A
7212,ThermoMPNN,WWOX,2.984323501586914,360,Y,P,WWOX,A
7213,ThermoMPNN,WWOX,3.08870267868042,360,Y,Q,WWOX,A
7214,ThermoMPNN,WWOX,2.7177765369415283,360,Y,R,WWOX,A
7215,ThermoMPNN,WWOX,3.1883580684661865,360,Y,S,WWOX,A
7216,ThermoMPNN,WWOX,3.116034984588623,360,Y,T,WWOX,A
7217,ThermoMPNN,WWOX,2.6584248542785645,360,Y,V,WWOX,A
7218,ThermoMPNN,WWOX,0.7033984661102295,360,Y,W,WWOX,A
7219,ThermoMPNN,WWOX,0.0,360,Y,Y,WWOX,A
7220,ThermoMPNN,WWOX,0.0032547712326049805,361,C,A,WWOX,A
7221,ThermoMPNN,WWOX,0.0,361,C,C,WWOX,A
7222,ThermoMPNN,WWOX,2.2920329570770264,361,C,D,WWOX,A
7223,ThermoMPNN,WWOX,1.944814920425415,361,C,E,WWOX,A
7224,ThermoMPNN,WWOX,1.0623931884765625,361,C,F,WWOX,A
7225,ThermoMPNN,WWOX,1.4361059665679932,361,C,G,WWOX,A
7226,ThermoMPNN,WWOX,1.751228928565979,361,C,H,WWOX,A
7227,ThermoMPNN,WWOX,0.7776854634284973,361,C,I,WWOX,A
7228,ThermoMPNN,WWOX,2.1611151695251465,361,C,K,WWOX,A
7229,ThermoMPNN,WWOX,0.009602665901184082,361,C,L,WWOX,A
7230,ThermoMPNN,WWOX,0.5685921907424927,361,C,M,WWOX,A
7231,ThermoMPNN,WWOX,1.8607873916625977,361,C,N,WWOX,A
7232,ThermoMPNN,WWOX,2.240450143814087,361,C,P,WWOX,A
7233,ThermoMPNN,WWOX,1.9939756393432617,361,C,Q,WWOX,A
7234,ThermoMPNN,WWOX,2.315361738204956,361,C,R,WWOX,A
7235,ThermoMPNN,WWOX,1.2152355909347534,361,C,S,WWOX,A
7236,ThermoMPNN,WWOX,1.4086005687713623,361,C,T,WWOX,A
7237,ThermoMPNN,WWOX,0.5022385120391846,361,C,V,WWOX,A
7238,ThermoMPNN,WWOX,1.3778142929077148,361,C,W,WWOX,A
7239,ThermoMPNN,WWOX,1.3367036581039429,361,C,Y,WWOX,A
7240,ThermoMPNN,WWOX,0.0,362,A,A,WWOX,A
7241,ThermoMPNN,WWOX,0.7335801124572754,362,A,C,WWOX,A
7242,ThermoMPNN,WWOX,2.6218416690826416,362,A,D,WWOX,A
7243,ThermoMPNN,WWOX,2.427971124649048,362,A,E,WWOX,A
7244,ThermoMPNN,WWOX,1.4209504127502441,362,A,F,WWOX,A
7245,ThermoMPNN,WWOX,1.3836085796356201,362,A,G,WWOX,A
7246,ThermoMPNN,WWOX,2.104294776916504,362,A,H,WWOX,A
7247,ThermoMPNN,WWOX,1.3013205528259277,362,A,I,WWOX,A
7248,ThermoMPNN,WWOX,2.226449966430664,362,A,K,WWOX,A
7249,ThermoMPNN,WWOX,0.938085675239563,362,A,L,WWOX,A
7250,ThermoMPNN,WWOX,1.1441220045089722,362,A,M,WWOX,A
7251,ThermoMPNN,WWOX,2.32277512550354,362,A,N,WWOX,A
7252,ThermoMPNN,WWOX,2.6568410396575928,362,A,P,WWOX,A
7253,ThermoMPNN,WWOX,2.244562864303589,362,A,Q,WWOX,A
7254,ThermoMPNN,WWOX,2.271317720413208,362,A,R,WWOX,A
7255,ThermoMPNN,WWOX,1.5256035327911377,362,A,S,WWOX,A
7256,ThermoMPNN,WWOX,2.0468006134033203,362,A,T,WWOX,A
7257,ThermoMPNN,WWOX,1.298065423965454,362,A,V,WWOX,A
7258,ThermoMPNN,WWOX,1.3981889486312866,362,A,W,WWOX,A
7259,ThermoMPNN,WWOX,1.5547842979431152,362,A,Y,WWOX,A
7260,ThermoMPNN,WWOX,0.0,363,A,A,WWOX,A
7261,ThermoMPNN,WWOX,-0.2679171562194824,363,A,C,WWOX,A
7262,ThermoMPNN,WWOX,1.8775382041931152,363,A,D,WWOX,A
7263,ThermoMPNN,WWOX,1.615934133529663,363,A,E,WWOX,A
7264,ThermoMPNN,WWOX,0.4310733675956726,363,A,F,WWOX,A
7265,ThermoMPNN,WWOX,0.6970415711402893,363,A,G,WWOX,A
7266,ThermoMPNN,WWOX,1.2928646802902222,363,A,H,WWOX,A
7267,ThermoMPNN,WWOX,-0.15878558158874512,363,A,I,WWOX,A
7268,ThermoMPNN,WWOX,1.6492183208465576,363,A,K,WWOX,A
7269,ThermoMPNN,WWOX,0.29072362184524536,363,A,L,WWOX,A
7270,ThermoMPNN,WWOX,0.2580519914627075,363,A,M,WWOX,A
7271,ThermoMPNN,WWOX,1.4661200046539307,363,A,N,WWOX,A
7272,ThermoMPNN,WWOX,2.2324934005737305,363,A,P,WWOX,A
7273,ThermoMPNN,WWOX,1.2956185340881348,363,A,Q,WWOX,A
7274,ThermoMPNN,WWOX,1.5772831439971924,363,A,R,WWOX,A
7275,ThermoMPNN,WWOX,0.05943262577056885,363,A,S,WWOX,A
7276,ThermoMPNN,WWOX,-0.08165431022644043,363,A,T,WWOX,A
7277,ThermoMPNN,WWOX,-0.24960732460021973,363,A,V,WWOX,A
7278,ThermoMPNN,WWOX,0.357404887676239,363,A,W,WWOX,A
7279,ThermoMPNN,WWOX,0.6079369783401489,363,A,Y,WWOX,A
7280,ThermoMPNN,WWOX,0.519031286239624,364,V,A,WWOX,A
7281,ThermoMPNN,WWOX,0.18238329887390137,364,V,C,WWOX,A
7282,ThermoMPNN,WWOX,0.6290619373321533,364,V,D,WWOX,A
7283,ThermoMPNN,WWOX,1.1368474960327148,364,V,E,WWOX,A
7284,ThermoMPNN,WWOX,0.9000777006149292,364,V,F,WWOX,A
7285,ThermoMPNN,WWOX,1.7129099369049072,364,V,G,WWOX,A
7286,ThermoMPNN,WWOX,0.38919955492019653,364,V,H,WWOX,A
7287,ThermoMPNN,WWOX,0.43579012155532837,364,V,I,WWOX,A
7288,ThermoMPNN,WWOX,1.4683575630187988,364,V,K,WWOX,A
7289,ThermoMPNN,WWOX,0.19672739505767822,364,V,L,WWOX,A
7290,ThermoMPNN,WWOX,0.4031177759170532,364,V,M,WWOX,A
7291,ThermoMPNN,WWOX,0.45084357261657715,364,V,N,WWOX,A
7292,ThermoMPNN,WWOX,1.815568208694458,364,V,P,WWOX,A
7293,ThermoMPNN,WWOX,0.9645143151283264,364,V,Q,WWOX,A
7294,ThermoMPNN,WWOX,1.1752557754516602,364,V,R,WWOX,A
7295,ThermoMPNN,WWOX,0.2961391806602478,364,V,S,WWOX,A
7296,ThermoMPNN,WWOX,0.4975889325141907,364,V,T,WWOX,A
7297,ThermoMPNN,WWOX,0.0,364,V,V,WWOX,A
7298,ThermoMPNN,WWOX,0.8316330909729004,364,V,W,WWOX,A
7299,ThermoMPNN,WWOX,0.7520736455917358,364,V,Y,WWOX,A
7300,ThermoMPNN,WWOX,0.6123924255371094,365,P,A,WWOX,A
7301,ThermoMPNN,WWOX,0.5718613862991333,365,P,C,WWOX,A
7302,ThermoMPNN,WWOX,0.5536866188049316,365,P,D,WWOX,A
7303,ThermoMPNN,WWOX,0.5138347744941711,365,P,E,WWOX,A
7304,ThermoMPNN,WWOX,1.0737698078155518,365,P,F,WWOX,A
7305,ThermoMPNN,WWOX,1.185347080230713,365,P,G,WWOX,A
7306,ThermoMPNN,WWOX,0.8746152520179749,365,P,H,WWOX,A
7307,ThermoMPNN,WWOX,0.9382534027099609,365,P,I,WWOX,A
7308,ThermoMPNN,WWOX,0.9147239923477173,365,P,K,WWOX,A
7309,ThermoMPNN,WWOX,0.9172366261482239,365,P,L,WWOX,A
7310,ThermoMPNN,WWOX,0.9418512582778931,365,P,M,WWOX,A
7311,ThermoMPNN,WWOX,0.9291352033615112,365,P,N,WWOX,A
7312,ThermoMPNN,WWOX,0.0,365,P,P,WWOX,A
7313,ThermoMPNN,WWOX,0.685224175453186,365,P,Q,WWOX,A
7314,ThermoMPNN,WWOX,1.0861761569976807,365,P,R,WWOX,A
7315,ThermoMPNN,WWOX,0.58377605676651,365,P,S,WWOX,A
7316,ThermoMPNN,WWOX,0.938782811164856,365,P,T,WWOX,A
7317,ThermoMPNN,WWOX,0.9324246644973755,365,P,V,WWOX,A
7318,ThermoMPNN,WWOX,1.0644723176956177,365,P,W,WWOX,A
7319,ThermoMPNN,WWOX,1.0372633934020996,365,P,Y,WWOX,A
7320,ThermoMPNN,WWOX,0.3857904076576233,366,E,A,WWOX,A
7321,ThermoMPNN,WWOX,0.22603756189346313,366,E,C,WWOX,A
7322,ThermoMPNN,WWOX,0.06948292255401611,366,E,D,WWOX,A
7323,ThermoMPNN,WWOX,0.0,366,E,E,WWOX,A
7324,ThermoMPNN,WWOX,0.6699190139770508,366,E,F,WWOX,A
7325,ThermoMPNN,WWOX,0.7611750364303589,366,E,G,WWOX,A
7326,ThermoMPNN,WWOX,0.6055116653442383,366,E,H,WWOX,A
7327,ThermoMPNN,WWOX,0.6357209086418152,366,E,I,WWOX,A
7328,ThermoMPNN,WWOX,1.018064260482788,366,E,K,WWOX,A
7329,ThermoMPNN,WWOX,0.7482860684394836,366,E,L,WWOX,A
7330,ThermoMPNN,WWOX,0.666288435459137,366,E,M,WWOX,A
7331,ThermoMPNN,WWOX,0.6842811107635498,366,E,N,WWOX,A
7332,ThermoMPNN,WWOX,0.6830641627311707,366,E,P,WWOX,A
7333,ThermoMPNN,WWOX,0.5255273580551147,366,E,Q,WWOX,A
7334,ThermoMPNN,WWOX,1.0508155822753906,366,E,R,WWOX,A
7335,ThermoMPNN,WWOX,0.29454654455184937,366,E,S,WWOX,A
7336,ThermoMPNN,WWOX,0.4701652526855469,366,E,T,WWOX,A
7337,ThermoMPNN,WWOX,0.6693922281265259,366,E,V,WWOX,A
7338,ThermoMPNN,WWOX,0.45303672552108765,366,E,W,WWOX,A
7339,ThermoMPNN,WWOX,0.599250853061676,366,E,Y,WWOX,A
7340,ThermoMPNN,WWOX,1.5712302923202515,367,L,A,WWOX,A
7341,ThermoMPNN,WWOX,0.7493849992752075,367,L,C,WWOX,A
7342,ThermoMPNN,WWOX,1.7078497409820557,367,L,D,WWOX,A
7343,ThermoMPNN,WWOX,1.4995237588882446,367,L,E,WWOX,A
7344,ThermoMPNN,WWOX,0.4270622730255127,367,L,F,WWOX,A
7345,ThermoMPNN,WWOX,1.7961924076080322,367,L,G,WWOX,A
7346,ThermoMPNN,WWOX,1.3971614837646484,367,L,H,WWOX,A
7347,ThermoMPNN,WWOX,0.582308292388916,367,L,I,WWOX,A
7348,ThermoMPNN,WWOX,1.8180227279663086,367,L,K,WWOX,A
7349,ThermoMPNN,WWOX,0.0,367,L,L,WWOX,A
7350,ThermoMPNN,WWOX,0.7092148065567017,367,L,M,WWOX,A
7351,ThermoMPNN,WWOX,1.731358528137207,367,L,N,WWOX,A
7352,ThermoMPNN,WWOX,2.049757480621338,367,L,P,WWOX,A
7353,ThermoMPNN,WWOX,1.6442804336547852,367,L,Q,WWOX,A
7354,ThermoMPNN,WWOX,1.85835599899292,367,L,R,WWOX,A
7355,ThermoMPNN,WWOX,1.6860843896865845,367,L,S,WWOX,A
7356,ThermoMPNN,WWOX,1.167232632637024,367,L,T,WWOX,A
7357,ThermoMPNN,WWOX,0.8245375752449036,367,L,V,WWOX,A
7358,ThermoMPNN,WWOX,0.8111612796783447,367,L,W,WWOX,A
7359,ThermoMPNN,WWOX,0.4544405937194824,367,L,Y,WWOX,A
7360,ThermoMPNN,WWOX,0.2766897678375244,368,E,A,WWOX,A
7361,ThermoMPNN,WWOX,0.25036370754241943,368,E,C,WWOX,A
7362,ThermoMPNN,WWOX,0.013720154762268066,368,E,D,WWOX,A
7363,ThermoMPNN,WWOX,0.0,368,E,E,WWOX,A
7364,ThermoMPNN,WWOX,0.7298016548156738,368,E,F,WWOX,A
7365,ThermoMPNN,WWOX,0.9175682663917542,368,E,G,WWOX,A
7366,ThermoMPNN,WWOX,0.5293800830841064,368,E,H,WWOX,A
7367,ThermoMPNN,WWOX,0.46077603101730347,368,E,I,WWOX,A
7368,ThermoMPNN,WWOX,0.627978503704071,368,E,K,WWOX,A
7369,ThermoMPNN,WWOX,0.44888514280319214,368,E,L,WWOX,A
7370,ThermoMPNN,WWOX,0.5352616310119629,368,E,M,WWOX,A
7371,ThermoMPNN,WWOX,0.4349594712257385,368,E,N,WWOX,A
7372,ThermoMPNN,WWOX,1.620206356048584,368,E,P,WWOX,A
7373,ThermoMPNN,WWOX,0.33431875705718994,368,E,Q,WWOX,A
7374,ThermoMPNN,WWOX,0.5809360146522522,368,E,R,WWOX,A
7375,ThermoMPNN,WWOX,0.5117867588996887,368,E,S,WWOX,A
7376,ThermoMPNN,WWOX,0.7099641561508179,368,E,T,WWOX,A
7377,ThermoMPNN,WWOX,0.4947197437286377,368,E,V,WWOX,A
7378,ThermoMPNN,WWOX,0.6559621691703796,368,E,W,WWOX,A
7379,ThermoMPNN,WWOX,0.6522107720375061,368,E,Y,WWOX,A
7380,ThermoMPNN,WWOX,1.4695820808410645,369,G,A,WWOX,A
7381,ThermoMPNN,WWOX,0.8266428709030151,369,G,C,WWOX,A
7382,ThermoMPNN,WWOX,1.3898663520812988,369,G,D,WWOX,A
7383,ThermoMPNN,WWOX,1.5753427743911743,369,G,E,WWOX,A
7384,ThermoMPNN,WWOX,1.3891046047210693,369,G,F,WWOX,A
7385,ThermoMPNN,WWOX,0.0,369,G,G,WWOX,A
7386,ThermoMPNN,WWOX,1.2779392004013062,369,G,H,WWOX,A
7387,ThermoMPNN,WWOX,1.9681899547576904,369,G,I,WWOX,A
7388,ThermoMPNN,WWOX,1.6000406742095947,369,G,K,WWOX,A
7389,ThermoMPNN,WWOX,1.5667450428009033,369,G,L,WWOX,A
7390,ThermoMPNN,WWOX,1.4598891735076904,369,G,M,WWOX,A
7391,ThermoMPNN,WWOX,1.1261000633239746,369,G,N,WWOX,A
7392,ThermoMPNN,WWOX,2.0688705444335938,369,G,P,WWOX,A
7393,ThermoMPNN,WWOX,1.5581681728363037,369,G,Q,WWOX,A
7394,ThermoMPNN,WWOX,1.5231528282165527,369,G,R,WWOX,A
7395,ThermoMPNN,WWOX,1.4800560474395752,369,G,S,WWOX,A
7396,ThermoMPNN,WWOX,1.8133485317230225,369,G,T,WWOX,A
7397,ThermoMPNN,WWOX,1.923170566558838,369,G,V,WWOX,A
7398,ThermoMPNN,WWOX,1.6177165508270264,369,G,W,WWOX,A
7399,ThermoMPNN,WWOX,1.5063905715942383,369,G,Y,WWOX,A
7400,ThermoMPNN,WWOX,0.9490344524383545,370,L,A,WWOX,A
7401,ThermoMPNN,WWOX,0.3622770309448242,370,L,C,WWOX,A
7402,ThermoMPNN,WWOX,1.3190498352050781,370,L,D,WWOX,A
7403,ThermoMPNN,WWOX,1.2526658773422241,370,L,E,WWOX,A
7404,ThermoMPNN,WWOX,0.4215008020401001,370,L,F,WWOX,A
7405,ThermoMPNN,WWOX,1.650505781173706,370,L,G,WWOX,A
7406,ThermoMPNN,WWOX,0.9117322564125061,370,L,H,WWOX,A
7407,ThermoMPNN,WWOX,-0.509461522102356,370,L,I,WWOX,A
7408,ThermoMPNN,WWOX,0.6572630405426025,370,L,K,WWOX,A
7409,ThermoMPNN,WWOX,0.0,370,L,L,WWOX,A
7410,ThermoMPNN,WWOX,0.390211284160614,370,L,M,WWOX,A
7411,ThermoMPNN,WWOX,1.0697109699249268,370,L,N,WWOX,A
7412,ThermoMPNN,WWOX,1.8802850246429443,370,L,P,WWOX,A
7413,ThermoMPNN,WWOX,0.9235772490501404,370,L,Q,WWOX,A
7414,ThermoMPNN,WWOX,0.605959951877594,370,L,R,WWOX,A
7415,ThermoMPNN,WWOX,1.0814337730407715,370,L,S,WWOX,A
7416,ThermoMPNN,WWOX,0.7106517553329468,370,L,T,WWOX,A
7417,ThermoMPNN,WWOX,-0.21500813961029053,370,L,V,WWOX,A
7418,ThermoMPNN,WWOX,0.6852096915245056,370,L,W,WWOX,A
7419,ThermoMPNN,WWOX,0.6000565886497498,370,L,Y,WWOX,A
7420,ThermoMPNN,WWOX,1.2827389240264893,371,G,A,WWOX,A
7421,ThermoMPNN,WWOX,0.9615963697433472,371,G,C,WWOX,A
7422,ThermoMPNN,WWOX,1.611525297164917,371,G,D,WWOX,A
7423,ThermoMPNN,WWOX,1.932490348815918,371,G,E,WWOX,A
7424,ThermoMPNN,WWOX,1.1907296180725098,371,G,F,WWOX,A
7425,ThermoMPNN,WWOX,0.0,371,G,G,WWOX,A
7426,ThermoMPNN,WWOX,1.4478305578231812,371,G,H,WWOX,A
7427,ThermoMPNN,WWOX,1.1888618469238281,371,G,I,WWOX,A
7428,ThermoMPNN,WWOX,1.6631866693496704,371,G,K,WWOX,A
7429,ThermoMPNN,WWOX,1.3071354627609253,371,G,L,WWOX,A
7430,ThermoMPNN,WWOX,1.3570432662963867,371,G,M,WWOX,A
7431,ThermoMPNN,WWOX,1.437050461769104,371,G,N,WWOX,A
7432,ThermoMPNN,WWOX,1.692169189453125,371,G,P,WWOX,A
7433,ThermoMPNN,WWOX,1.6568571329116821,371,G,Q,WWOX,A
7434,ThermoMPNN,WWOX,1.5826241970062256,371,G,R,WWOX,A
7435,ThermoMPNN,WWOX,1.0948095321655273,371,G,S,WWOX,A
7436,ThermoMPNN,WWOX,1.2181764841079712,371,G,T,WWOX,A
7437,ThermoMPNN,WWOX,1.1832400560379028,371,G,V,WWOX,A
7438,ThermoMPNN,WWOX,1.2088271379470825,371,G,W,WWOX,A
7439,ThermoMPNN,WWOX,1.3395133018493652,371,G,Y,WWOX,A
7440,ThermoMPNN,WWOX,1.8605766296386719,372,G,A,WWOX,A
7441,ThermoMPNN,WWOX,1.4746185541152954,372,G,C,WWOX,A
7442,ThermoMPNN,WWOX,2.4784021377563477,372,G,D,WWOX,A
7443,ThermoMPNN,WWOX,2.6415672302246094,372,G,E,WWOX,A
7444,ThermoMPNN,WWOX,1.8040482997894287,372,G,F,WWOX,A
7445,ThermoMPNN,WWOX,0.0,372,G,G,WWOX,A
7446,ThermoMPNN,WWOX,2.0821692943573,372,G,H,WWOX,A
7447,ThermoMPNN,WWOX,2.450326919555664,372,G,I,WWOX,A
7448,ThermoMPNN,WWOX,2.4078755378723145,372,G,K,WWOX,A
7449,ThermoMPNN,WWOX,2.2012085914611816,372,G,L,WWOX,A
7450,ThermoMPNN,WWOX,2.0287318229675293,372,G,M,WWOX,A
7451,ThermoMPNN,WWOX,2.330427885055542,372,G,N,WWOX,A
7452,ThermoMPNN,WWOX,2.7042908668518066,372,G,P,WWOX,A
7453,ThermoMPNN,WWOX,2.3414838314056396,372,G,Q,WWOX,A
7454,ThermoMPNN,WWOX,2.231783390045166,372,G,R,WWOX,A
7455,ThermoMPNN,WWOX,2.225536346435547,372,G,S,WWOX,A
7456,ThermoMPNN,WWOX,2.542130947113037,372,G,T,WWOX,A
7457,ThermoMPNN,WWOX,2.3792884349823,372,G,V,WWOX,A
7458,ThermoMPNN,WWOX,2.0276436805725098,372,G,W,WWOX,A
7459,ThermoMPNN,WWOX,1.9584150314331055,372,G,Y,WWOX,A
7460,ThermoMPNN,WWOX,1.052764654159546,373,M,A,WWOX,A
7461,ThermoMPNN,WWOX,0.2452552318572998,373,M,C,WWOX,A
7462,ThermoMPNN,WWOX,1.4798082113265991,373,M,D,WWOX,A
7463,ThermoMPNN,WWOX,1.0510287284851074,373,M,E,WWOX,A
7464,ThermoMPNN,WWOX,0.22900009155273438,373,M,F,WWOX,A
7465,ThermoMPNN,WWOX,0.9187204837799072,373,M,G,WWOX,A
7466,ThermoMPNN,WWOX,0.9220166802406311,373,M,H,WWOX,A
7467,ThermoMPNN,WWOX,1.0962047576904297,373,M,I,WWOX,A
7468,ThermoMPNN,WWOX,1.695054292678833,373,M,K,WWOX,A
7469,ThermoMPNN,WWOX,0.17855370044708252,373,M,L,WWOX,A
7470,ThermoMPNN,WWOX,0.0,373,M,M,WWOX,A
7471,ThermoMPNN,WWOX,1.3847954273223877,373,M,N,WWOX,A
7472,ThermoMPNN,WWOX,2.6923367977142334,373,M,P,WWOX,A
7473,ThermoMPNN,WWOX,0.9748266935348511,373,M,Q,WWOX,A
7474,ThermoMPNN,WWOX,1.5393980741500854,373,M,R,WWOX,A
7475,ThermoMPNN,WWOX,1.623349666595459,373,M,S,WWOX,A
7476,ThermoMPNN,WWOX,1.898305892944336,373,M,T,WWOX,A
7477,ThermoMPNN,WWOX,1.2157095670700073,373,M,V,WWOX,A
7478,ThermoMPNN,WWOX,0.522631049156189,373,M,W,WWOX,A
7479,ThermoMPNN,WWOX,0.40627753734588623,373,M,Y,WWOX,A
7480,ThermoMPNN,WWOX,1.9502301216125488,374,Y,A,WWOX,A
7481,ThermoMPNN,WWOX,1.2704252004623413,374,Y,C,WWOX,A
7482,ThermoMPNN,WWOX,2.716693639755249,374,Y,D,WWOX,A
7483,ThermoMPNN,WWOX,2.300788640975952,374,Y,E,WWOX,A
7484,ThermoMPNN,WWOX,0.25225162506103516,374,Y,F,WWOX,A
7485,ThermoMPNN,WWOX,2.7122294902801514,374,Y,G,WWOX,A
7486,ThermoMPNN,WWOX,1.8089910745620728,374,Y,H,WWOX,A
7487,ThermoMPNN,WWOX,1.1007790565490723,374,Y,I,WWOX,A
7488,ThermoMPNN,WWOX,2.3160531520843506,374,Y,K,WWOX,A
7489,ThermoMPNN,WWOX,0.7837619781494141,374,Y,L,WWOX,A
7490,ThermoMPNN,WWOX,1.1593339443206787,374,Y,M,WWOX,A
7491,ThermoMPNN,WWOX,2.4735052585601807,374,Y,N,WWOX,A
7492,ThermoMPNN,WWOX,2.667165517807007,374,Y,P,WWOX,A
7493,ThermoMPNN,WWOX,2.226609230041504,374,Y,Q,WWOX,A
7494,ThermoMPNN,WWOX,2.129218101501465,374,Y,R,WWOX,A
7495,ThermoMPNN,WWOX,2.273618221282959,374,Y,S,WWOX,A
7496,ThermoMPNN,WWOX,1.8663768768310547,374,Y,T,WWOX,A
7497,ThermoMPNN,WWOX,1.1825666427612305,374,Y,V,WWOX,A
7498,ThermoMPNN,WWOX,0.40402889251708984,374,Y,W,WWOX,A
7499,ThermoMPNN,WWOX,0.0,374,Y,Y,WWOX,A
7500,ThermoMPNN,WWOX,2.583775281906128,375,F,A,WWOX,A
7501,ThermoMPNN,WWOX,1.6352713108062744,375,F,C,WWOX,A
7502,ThermoMPNN,WWOX,2.63580322265625,375,F,D,WWOX,A
7503,ThermoMPNN,WWOX,2.5150585174560547,375,F,E,WWOX,A
7504,ThermoMPNN,WWOX,0.0,375,F,F,WWOX,A
7505,ThermoMPNN,WWOX,2.628218173980713,375,F,G,WWOX,A
7506,ThermoMPNN,WWOX,1.9869554042816162,375,F,H,WWOX,A
7507,ThermoMPNN,WWOX,1.7750606536865234,375,F,I,WWOX,A
7508,ThermoMPNN,WWOX,2.439521551132202,375,F,K,WWOX,A
7509,ThermoMPNN,WWOX,1.6897512674331665,375,F,L,WWOX,A
7510,ThermoMPNN,WWOX,1.7499690055847168,375,F,M,WWOX,A
7511,ThermoMPNN,WWOX,2.4593896865844727,375,F,N,WWOX,A
7512,ThermoMPNN,WWOX,2.4945027828216553,375,F,P,WWOX,A
7513,ThermoMPNN,WWOX,2.4913601875305176,375,F,Q,WWOX,A
7514,ThermoMPNN,WWOX,2.2575221061706543,375,F,R,WWOX,A
7515,ThermoMPNN,WWOX,2.528632402420044,375,F,S,WWOX,A
7516,ThermoMPNN,WWOX,2.350517511367798,375,F,T,WWOX,A
7517,ThermoMPNN,WWOX,1.9762710332870483,375,F,V,WWOX,A
7518,ThermoMPNN,WWOX,0.8883723020553589,375,F,W,WWOX,A
7519,ThermoMPNN,WWOX,0.49862217903137207,375,F,Y,WWOX,A
7520,ThermoMPNN,WWOX,0.012440323829650879,376,N,A,WWOX,A
7521,ThermoMPNN,WWOX,-0.536457896232605,376,N,C,WWOX,A
7522,ThermoMPNN,WWOX,0.39121970534324646,376,N,D,WWOX,A
7523,ThermoMPNN,WWOX,-0.056616127490997314,376,N,E,WWOX,A
7524,ThermoMPNN,WWOX,-0.194183349609375,376,N,F,WWOX,A
7525,ThermoMPNN,WWOX,0.8809506893157959,376,N,G,WWOX,A
7526,ThermoMPNN,WWOX,-0.0961269736289978,376,N,H,WWOX,A
7527,ThermoMPNN,WWOX,-0.1185796856880188,376,N,I,WWOX,A
7528,ThermoMPNN,WWOX,-0.007581591606140137,376,N,K,WWOX,A
7529,ThermoMPNN,WWOX,-0.23981916904449463,376,N,L,WWOX,A
7530,ThermoMPNN,WWOX,-0.27966058254241943,376,N,M,WWOX,A
7531,ThermoMPNN,WWOX,0.0,376,N,N,WWOX,A
7532,ThermoMPNN,WWOX,2.948029041290283,376,N,P,WWOX,A
7533,ThermoMPNN,WWOX,-0.1187889575958252,376,N,Q,WWOX,A
7534,ThermoMPNN,WWOX,-0.17581021785736084,376,N,R,WWOX,A
7535,ThermoMPNN,WWOX,-0.1252763867378235,376,N,S,WWOX,A
7536,ThermoMPNN,WWOX,0.001568913459777832,376,N,T,WWOX,A
7537,ThermoMPNN,WWOX,-0.16329032182693481,376,N,V,WWOX,A
7538,ThermoMPNN,WWOX,-0.2702983617782593,376,N,W,WWOX,A
7539,ThermoMPNN,WWOX,-0.2781482934951782,376,N,Y,WWOX,A
7540,ThermoMPNN,WWOX,0.4917633533477783,377,N,A,WWOX,A
7541,ThermoMPNN,WWOX,0.0007805824279785156,377,N,C,WWOX,A
7542,ThermoMPNN,WWOX,0.35746413469314575,377,N,D,WWOX,A
7543,ThermoMPNN,WWOX,0.3139925003051758,377,N,E,WWOX,A
7544,ThermoMPNN,WWOX,0.6730812191963196,377,N,F,WWOX,A
7545,ThermoMPNN,WWOX,0.8622198104858398,377,N,G,WWOX,A
7546,ThermoMPNN,WWOX,0.3947192430496216,377,N,H,WWOX,A
7547,ThermoMPNN,WWOX,1.052753210067749,377,N,I,WWOX,A
7548,ThermoMPNN,WWOX,0.6217031478881836,377,N,K,WWOX,A
7549,ThermoMPNN,WWOX,0.42109549045562744,377,N,L,WWOX,A
7550,ThermoMPNN,WWOX,0.4229809045791626,377,N,M,WWOX,A
7551,ThermoMPNN,WWOX,0.0,377,N,N,WWOX,A
7552,ThermoMPNN,WWOX,2.612485885620117,377,N,P,WWOX,A
7553,ThermoMPNN,WWOX,0.4404671788215637,377,N,Q,WWOX,A
7554,ThermoMPNN,WWOX,0.7637338638305664,377,N,R,WWOX,A
7555,ThermoMPNN,WWOX,0.5803695321083069,377,N,S,WWOX,A
7556,ThermoMPNN,WWOX,0.8029981851577759,377,N,T,WWOX,A
7557,ThermoMPNN,WWOX,1.043574571609497,377,N,V,WWOX,A
7558,ThermoMPNN,WWOX,0.7955045700073242,377,N,W,WWOX,A
7559,ThermoMPNN,WWOX,0.6885552406311035,377,N,Y,WWOX,A
7560,ThermoMPNN,WWOX,0.5011816024780273,378,C,A,WWOX,A
7561,ThermoMPNN,WWOX,0.0,378,C,C,WWOX,A
7562,ThermoMPNN,WWOX,1.6328091621398926,378,C,D,WWOX,A
7563,ThermoMPNN,WWOX,1.6516838073730469,378,C,E,WWOX,A
7564,ThermoMPNN,WWOX,0.6340732574462891,378,C,F,WWOX,A
7565,ThermoMPNN,WWOX,0.825542688369751,378,C,G,WWOX,A
7566,ThermoMPNN,WWOX,1.0062800645828247,378,C,H,WWOX,A
7567,ThermoMPNN,WWOX,0.9108071327209473,378,C,I,WWOX,A
7568,ThermoMPNN,WWOX,1.2944660186767578,378,C,K,WWOX,A
7569,ThermoMPNN,WWOX,0.6481168270111084,378,C,L,WWOX,A
7570,ThermoMPNN,WWOX,0.8196895718574524,378,C,M,WWOX,A
7571,ThermoMPNN,WWOX,1.112210750579834,378,C,N,WWOX,A
7572,ThermoMPNN,WWOX,1.203352928161621,378,C,P,WWOX,A
7573,ThermoMPNN,WWOX,1.3316218852996826,378,C,Q,WWOX,A
7574,ThermoMPNN,WWOX,1.3723690509796143,378,C,R,WWOX,A
7575,ThermoMPNN,WWOX,0.8311993479728699,378,C,S,WWOX,A
7576,ThermoMPNN,WWOX,0.7753957509994507,378,C,T,WWOX,A
7577,ThermoMPNN,WWOX,0.6002168655395508,378,C,V,WWOX,A
7578,ThermoMPNN,WWOX,1.5713889598846436,378,C,W,WWOX,A
7579,ThermoMPNN,WWOX,1.0439136028289795,378,C,Y,WWOX,A
7580,ThermoMPNN,WWOX,0.020974040031433105,379,C,A,WWOX,A
7581,ThermoMPNN,WWOX,0.0,379,C,C,WWOX,A
7582,ThermoMPNN,WWOX,0.6280980706214905,379,C,D,WWOX,A
7583,ThermoMPNN,WWOX,0.20309287309646606,379,C,E,WWOX,A
7584,ThermoMPNN,WWOX,0.4001103639602661,379,C,F,WWOX,A
7585,ThermoMPNN,WWOX,0.5790892839431763,379,C,G,WWOX,A
7586,ThermoMPNN,WWOX,0.1393333077430725,379,C,H,WWOX,A
7587,ThermoMPNN,WWOX,-0.10746246576309204,379,C,I,WWOX,A
7588,ThermoMPNN,WWOX,-0.30783408880233765,379,C,K,WWOX,A
7589,ThermoMPNN,WWOX,-0.019483625888824463,379,C,L,WWOX,A
7590,ThermoMPNN,WWOX,-0.17564576864242554,379,C,M,WWOX,A
7591,ThermoMPNN,WWOX,0.2983793616294861,379,C,N,WWOX,A
7592,ThermoMPNN,WWOX,2.1788113117218018,379,C,P,WWOX,A
7593,ThermoMPNN,WWOX,-0.2359110713005066,379,C,Q,WWOX,A
7594,ThermoMPNN,WWOX,-0.337971031665802,379,C,R,WWOX,A
7595,ThermoMPNN,WWOX,0.1412256956100464,379,C,S,WWOX,A
7596,ThermoMPNN,WWOX,0.10727345943450928,379,C,T,WWOX,A
7597,ThermoMPNN,WWOX,0.008883178234100342,379,C,V,WWOX,A
7598,ThermoMPNN,WWOX,0.43217211961746216,379,C,W,WWOX,A
7599,ThermoMPNN,WWOX,0.4458264708518982,379,C,Y,WWOX,A
7600,ThermoMPNN,WWOX,0.12662911415100098,380,R,A,WWOX,A
7601,ThermoMPNN,WWOX,0.1763743758201599,380,R,C,WWOX,A
7602,ThermoMPNN,WWOX,1.3889601230621338,380,R,D,WWOX,A
7603,ThermoMPNN,WWOX,0.46427834033966064,380,R,E,WWOX,A
7604,ThermoMPNN,WWOX,0.3934561610221863,380,R,F,WWOX,A
7605,ThermoMPNN,WWOX,1.0145114660263062,380,R,G,WWOX,A
7606,ThermoMPNN,WWOX,0.5312199592590332,380,R,H,WWOX,A
7607,ThermoMPNN,WWOX,-0.12344145774841309,380,R,I,WWOX,A
7608,ThermoMPNN,WWOX,-0.09663224220275879,380,R,K,WWOX,A
7609,ThermoMPNN,WWOX,0.3228608965873718,380,R,L,WWOX,A
7610,ThermoMPNN,WWOX,0.18646681308746338,380,R,M,WWOX,A
7611,ThermoMPNN,WWOX,1.0053216218948364,380,R,N,WWOX,A
7612,ThermoMPNN,WWOX,-0.288677453994751,380,R,P,WWOX,A
7613,ThermoMPNN,WWOX,0.19545555114746094,380,R,Q,WWOX,A
7614,ThermoMPNN,WWOX,0.0,380,R,R,WWOX,A
7615,ThermoMPNN,WWOX,0.574640154838562,380,R,S,WWOX,A
7616,ThermoMPNN,WWOX,0.6243596076965332,380,R,T,WWOX,A
7617,ThermoMPNN,WWOX,-0.043482422828674316,380,R,V,WWOX,A
7618,ThermoMPNN,WWOX,0.49270254373550415,380,R,W,WWOX,A
7619,ThermoMPNN,WWOX,0.4333174228668213,380,R,Y,WWOX,A
7620,ThermoMPNN,WWOX,0.14600062370300293,381,C,A,WWOX,A
7621,ThermoMPNN,WWOX,0.0,381,C,C,WWOX,A
7622,ThermoMPNN,WWOX,1.305877923965454,381,C,D,WWOX,A
7623,ThermoMPNN,WWOX,0.6624231338500977,381,C,E,WWOX,A
7624,ThermoMPNN,WWOX,0.4923749566078186,381,C,F,WWOX,A
7625,ThermoMPNN,WWOX,1.0427647829055786,381,C,G,WWOX,A
7626,ThermoMPNN,WWOX,0.5756710767745972,381,C,H,WWOX,A
7627,ThermoMPNN,WWOX,-0.0025426149368286133,381,C,I,WWOX,A
7628,ThermoMPNN,WWOX,0.31571662425994873,381,C,K,WWOX,A
7629,ThermoMPNN,WWOX,0.3902304768562317,381,C,L,WWOX,A
7630,ThermoMPNN,WWOX,0.1022878885269165,381,C,M,WWOX,A
7631,ThermoMPNN,WWOX,0.8329737186431885,381,C,N,WWOX,A
7632,ThermoMPNN,WWOX,2.7664124965667725,381,C,P,WWOX,A
7633,ThermoMPNN,WWOX,0.34488868713378906,381,C,Q,WWOX,A
7634,ThermoMPNN,WWOX,0.022730231285095215,381,C,R,WWOX,A
7635,ThermoMPNN,WWOX,0.3007146120071411,381,C,S,WWOX,A
7636,ThermoMPNN,WWOX,0.14254474639892578,381,C,T,WWOX,A
7637,ThermoMPNN,WWOX,-0.31110215187072754,381,C,V,WWOX,A
7638,ThermoMPNN,WWOX,0.7167788743972778,381,C,W,WWOX,A
7639,ThermoMPNN,WWOX,0.6422138214111328,381,C,Y,WWOX,A
7640,ThermoMPNN,WWOX,0.4588494598865509,382,M,A,WWOX,A
7641,ThermoMPNN,WWOX,-0.10486787557601929,382,M,C,WWOX,A
7642,ThermoMPNN,WWOX,-0.034403443336486816,382,M,D,WWOX,A
7643,ThermoMPNN,WWOX,0.06040346622467041,382,M,E,WWOX,A
7644,ThermoMPNN,WWOX,0.055461347103118896,382,M,F,WWOX,A
7645,ThermoMPNN,WWOX,1.1749248504638672,382,M,G,WWOX,A
7646,ThermoMPNN,WWOX,0.32636380195617676,382,M,H,WWOX,A
7647,ThermoMPNN,WWOX,-0.26167207956314087,382,M,I,WWOX,A
7648,ThermoMPNN,WWOX,0.5263290405273438,382,M,K,WWOX,A
7649,ThermoMPNN,WWOX,-0.17335909605026245,382,M,L,WWOX,A
7650,ThermoMPNN,WWOX,0.0,382,M,M,WWOX,A
7651,ThermoMPNN,WWOX,0.34351998567581177,382,M,N,WWOX,A
7652,ThermoMPNN,WWOX,1.2520779371261597,382,M,P,WWOX,A
7653,ThermoMPNN,WWOX,0.21884185075759888,382,M,Q,WWOX,A
7654,ThermoMPNN,WWOX,0.5127202868461609,382,M,R,WWOX,A
7655,ThermoMPNN,WWOX,0.31723153591156006,382,M,S,WWOX,A
7656,ThermoMPNN,WWOX,0.06052976846694946,382,M,T,WWOX,A
7657,ThermoMPNN,WWOX,-0.13870245218276978,382,M,V,WWOX,A
7658,ThermoMPNN,WWOX,-0.011005401611328125,382,M,W,WWOX,A
7659,ThermoMPNN,WWOX,0.1592920422554016,382,M,Y,WWOX,A
7660,ThermoMPNN,WWOX,-0.11857283115386963,383,P,A,WWOX,A
7661,ThermoMPNN,WWOX,0.03656923770904541,383,P,C,WWOX,A
7662,ThermoMPNN,WWOX,1.1045753955841064,383,P,D,WWOX,A
7663,ThermoMPNN,WWOX,0.8647778034210205,383,P,E,WWOX,A
7664,ThermoMPNN,WWOX,0.2584993243217468,383,P,F,WWOX,A
7665,ThermoMPNN,WWOX,0.44618022441864014,383,P,G,WWOX,A
7666,ThermoMPNN,WWOX,0.9218174815177917,383,P,H,WWOX,A
7667,ThermoMPNN,WWOX,0.24284976720809937,383,P,I,WWOX,A
7668,ThermoMPNN,WWOX,1.0250089168548584,383,P,K,WWOX,A
7669,ThermoMPNN,WWOX,0.4616817831993103,383,P,L,WWOX,A
7670,ThermoMPNN,WWOX,0.42796361446380615,383,P,M,WWOX,A
7671,ThermoMPNN,WWOX,1.055811882019043,383,P,N,WWOX,A
7672,ThermoMPNN,WWOX,0.0,383,P,P,WWOX,A
7673,ThermoMPNN,WWOX,0.9318140745162964,383,P,Q,WWOX,A
7674,ThermoMPNN,WWOX,1.0301048755645752,383,P,R,WWOX,A
7675,ThermoMPNN,WWOX,0.4905218482017517,383,P,S,WWOX,A
7676,ThermoMPNN,WWOX,0.475466251373291,383,P,T,WWOX,A
7677,ThermoMPNN,WWOX,0.19348454475402832,383,P,V,WWOX,A
7678,ThermoMPNN,WWOX,0.343717098236084,383,P,W,WWOX,A
7679,ThermoMPNN,WWOX,0.42369234561920166,383,P,Y,WWOX,A
7680,ThermoMPNN,WWOX,0.12715137004852295,384,S,A,WWOX,A
7681,ThermoMPNN,WWOX,0.2619253396987915,384,S,C,WWOX,A
7682,ThermoMPNN,WWOX,1.4336895942687988,384,S,D,WWOX,A
7683,ThermoMPNN,WWOX,1.7178936004638672,384,S,E,WWOX,A
7684,ThermoMPNN,WWOX,0.7624344229698181,384,S,F,WWOX,A
7685,ThermoMPNN,WWOX,1.077688455581665,384,S,G,WWOX,A
7686,ThermoMPNN,WWOX,0.7455710172653198,384,S,H,WWOX,A
7687,ThermoMPNN,WWOX,0.8761051297187805,384,S,I,WWOX,A
7688,ThermoMPNN,WWOX,0.6172488927841187,384,S,K,WWOX,A
7689,ThermoMPNN,WWOX,0.9902634620666504,384,S,L,WWOX,A
7690,ThermoMPNN,WWOX,0.9306347370147705,384,S,M,WWOX,A
7691,ThermoMPNN,WWOX,0.7578411102294922,384,S,N,WWOX,A
7692,ThermoMPNN,WWOX,-0.44152116775512695,384,S,P,WWOX,A
7693,ThermoMPNN,WWOX,0.9959145188331604,384,S,Q,WWOX,A
7694,ThermoMPNN,WWOX,0.8138256072998047,384,S,R,WWOX,A
7695,ThermoMPNN,WWOX,0.0,384,S,S,WWOX,A
7696,ThermoMPNN,WWOX,0.8503961563110352,384,S,T,WWOX,A
7697,ThermoMPNN,WWOX,0.822546124458313,384,S,V,WWOX,A
7698,ThermoMPNN,WWOX,1.5211632251739502,384,S,W,WWOX,A
7699,ThermoMPNN,WWOX,1.0586247444152832,384,S,Y,WWOX,A
7700,ThermoMPNN,WWOX,0.20355987548828125,385,P,A,WWOX,A
7701,ThermoMPNN,WWOX,0.3067960739135742,385,P,C,WWOX,A
7702,ThermoMPNN,WWOX,0.5531269311904907,385,P,D,WWOX,A
7703,ThermoMPNN,WWOX,0.194222092628479,385,P,E,WWOX,A
7704,ThermoMPNN,WWOX,0.6626774072647095,385,P,F,WWOX,A
7705,ThermoMPNN,WWOX,0.7631551027297974,385,P,G,WWOX,A
7706,ThermoMPNN,WWOX,0.5791027545928955,385,P,H,WWOX,A
7707,ThermoMPNN,WWOX,0.4677487015724182,385,P,I,WWOX,A
7708,ThermoMPNN,WWOX,0.4960637092590332,385,P,K,WWOX,A
7709,ThermoMPNN,WWOX,0.48227620124816895,385,P,L,WWOX,A
7710,ThermoMPNN,WWOX,0.43549251556396484,385,P,M,WWOX,A
7711,ThermoMPNN,WWOX,0.683350682258606,385,P,N,WWOX,A
7712,ThermoMPNN,WWOX,0.0,385,P,P,WWOX,A
7713,ThermoMPNN,WWOX,0.3681347966194153,385,P,Q,WWOX,A
7714,ThermoMPNN,WWOX,0.5889412760734558,385,P,R,WWOX,A
7715,ThermoMPNN,WWOX,0.405109167098999,385,P,S,WWOX,A
7716,ThermoMPNN,WWOX,0.6181691884994507,385,P,T,WWOX,A
7717,ThermoMPNN,WWOX,0.5433427691459656,385,P,V,WWOX,A
7718,ThermoMPNN,WWOX,0.5698774456977844,385,P,W,WWOX,A
7719,ThermoMPNN,WWOX,0.5250973701477051,385,P,Y,WWOX,A
7720,ThermoMPNN,WWOX,0.9624052047729492,386,E,A,WWOX,A
7721,ThermoMPNN,WWOX,0.8685485124588013,386,E,C,WWOX,A
7722,ThermoMPNN,WWOX,0.7817787528038025,386,E,D,WWOX,A
7723,ThermoMPNN,WWOX,0.0,386,E,E,WWOX,A
7724,ThermoMPNN,WWOX,1.1856200695037842,386,E,F,WWOX,A
7725,ThermoMPNN,WWOX,1.8405539989471436,386,E,G,WWOX,A
7726,ThermoMPNN,WWOX,1.3283418416976929,386,E,H,WWOX,A
7727,ThermoMPNN,WWOX,0.5808058977127075,386,E,I,WWOX,A
7728,ThermoMPNN,WWOX,1.2951834201812744,386,E,K,WWOX,A
7729,ThermoMPNN,WWOX,0.4130748510360718,386,E,L,WWOX,A
7730,ThermoMPNN,WWOX,0.6288317441940308,386,E,M,WWOX,A
7731,ThermoMPNN,WWOX,1.455826759338379,386,E,N,WWOX,A
7732,ThermoMPNN,WWOX,1.6973183155059814,386,E,P,WWOX,A
7733,ThermoMPNN,WWOX,0.5765947103500366,386,E,Q,WWOX,A
7734,ThermoMPNN,WWOX,1.3960278034210205,386,E,R,WWOX,A
7735,ThermoMPNN,WWOX,1.1576964855194092,386,E,S,WWOX,A
7736,ThermoMPNN,WWOX,0.8462737798690796,386,E,T,WWOX,A
7737,ThermoMPNN,WWOX,0.8381099700927734,386,E,V,WWOX,A
7738,ThermoMPNN,WWOX,1.2518922090530396,386,E,W,WWOX,A
7739,ThermoMPNN,WWOX,1.2520276308059692,386,E,Y,WWOX,A
7740,ThermoMPNN,WWOX,0.0,387,A,A,WWOX,A
7741,ThermoMPNN,WWOX,0.839040994644165,387,A,C,WWOX,A
7742,ThermoMPNN,WWOX,1.932586669921875,387,A,D,WWOX,A
7743,ThermoMPNN,WWOX,1.944717526435852,387,A,E,WWOX,A
7744,ThermoMPNN,WWOX,1.3955318927764893,387,A,F,WWOX,A
7745,ThermoMPNN,WWOX,0.8210585117340088,387,A,G,WWOX,A
7746,ThermoMPNN,WWOX,1.8331823348999023,387,A,H,WWOX,A
7747,ThermoMPNN,WWOX,1.3505054712295532,387,A,I,WWOX,A
7748,ThermoMPNN,WWOX,1.7858169078826904,387,A,K,WWOX,A
7749,ThermoMPNN,WWOX,1.3305919170379639,387,A,L,WWOX,A
7750,ThermoMPNN,WWOX,1.249211311340332,387,A,M,WWOX,A
7751,ThermoMPNN,WWOX,1.9715662002563477,387,A,N,WWOX,A
7752,ThermoMPNN,WWOX,1.931365966796875,387,A,P,WWOX,A
7753,ThermoMPNN,WWOX,1.7343727350234985,387,A,Q,WWOX,A
7754,ThermoMPNN,WWOX,1.7901463508605957,387,A,R,WWOX,A
7755,ThermoMPNN,WWOX,1.0565831661224365,387,A,S,WWOX,A
7756,ThermoMPNN,WWOX,1.4289095401763916,387,A,T,WWOX,A
7757,ThermoMPNN,WWOX,1.2124440670013428,387,A,V,WWOX,A
7758,ThermoMPNN,WWOX,1.2575247287750244,387,A,W,WWOX,A
7759,ThermoMPNN,WWOX,1.493847370147705,387,A,Y,WWOX,A
7760,ThermoMPNN,WWOX,0.891975462436676,388,Q,A,WWOX,A
7761,ThermoMPNN,WWOX,0.5835202932357788,388,Q,C,WWOX,A
7762,ThermoMPNN,WWOX,1.085235357284546,388,Q,D,WWOX,A
7763,ThermoMPNN,WWOX,0.23389744758605957,388,Q,E,WWOX,A
7764,ThermoMPNN,WWOX,0.8943201303482056,388,Q,F,WWOX,A
7765,ThermoMPNN,WWOX,1.5802044868469238,388,Q,G,WWOX,A
7766,ThermoMPNN,WWOX,0.790534496307373,388,Q,H,WWOX,A
7767,ThermoMPNN,WWOX,0.8096663355827332,388,Q,I,WWOX,A
7768,ThermoMPNN,WWOX,0.964669942855835,388,Q,K,WWOX,A
7769,ThermoMPNN,WWOX,0.29195892810821533,388,Q,L,WWOX,A
7770,ThermoMPNN,WWOX,0.15942370891571045,388,Q,M,WWOX,A
7771,ThermoMPNN,WWOX,1.0648844242095947,388,Q,N,WWOX,A
7772,ThermoMPNN,WWOX,3.251718282699585,388,Q,P,WWOX,A
7773,ThermoMPNN,WWOX,0.0,388,Q,Q,WWOX,A
7774,ThermoMPNN,WWOX,1.156116247177124,388,Q,R,WWOX,A
7775,ThermoMPNN,WWOX,1.0941351652145386,388,Q,S,WWOX,A
7776,ThermoMPNN,WWOX,1.1425893306732178,388,Q,T,WWOX,A
7777,ThermoMPNN,WWOX,1.0096309185028076,388,Q,V,WWOX,A
7778,ThermoMPNN,WWOX,0.9312673807144165,388,Q,W,WWOX,A
7779,ThermoMPNN,WWOX,0.900277853012085,388,Q,Y,WWOX,A
7780,ThermoMPNN,WWOX,1.0348758697509766,389,S,A,WWOX,A
7781,ThermoMPNN,WWOX,0.8072922229766846,389,S,C,WWOX,A
7782,ThermoMPNN,WWOX,0.5146194696426392,389,S,D,WWOX,A
7783,ThermoMPNN,WWOX,1.6045031547546387,389,S,E,WWOX,A
7784,ThermoMPNN,WWOX,1.51051664352417,389,S,F,WWOX,A
7785,ThermoMPNN,WWOX,1.4346487522125244,389,S,G,WWOX,A
7786,ThermoMPNN,WWOX,1.0520788431167603,389,S,H,WWOX,A
7787,ThermoMPNN,WWOX,1.2615470886230469,389,S,I,WWOX,A
7788,ThermoMPNN,WWOX,1.0035197734832764,389,S,K,WWOX,A
7789,ThermoMPNN,WWOX,1.398125410079956,389,S,L,WWOX,A
7790,ThermoMPNN,WWOX,1.4944713115692139,389,S,M,WWOX,A
7791,ThermoMPNN,WWOX,-0.15470242500305176,389,S,N,WWOX,A
7792,ThermoMPNN,WWOX,2.2562155723571777,389,S,P,WWOX,A
7793,ThermoMPNN,WWOX,1.415657639503479,389,S,Q,WWOX,A
7794,ThermoMPNN,WWOX,0.7130780220031738,389,S,R,WWOX,A
7795,ThermoMPNN,WWOX,0.0,389,S,S,WWOX,A
7796,ThermoMPNN,WWOX,0.8431708216667175,389,S,T,WWOX,A
7797,ThermoMPNN,WWOX,1.2872672080993652,389,S,V,WWOX,A
7798,ThermoMPNN,WWOX,1.9512901306152344,389,S,W,WWOX,A
7799,ThermoMPNN,WWOX,1.7609586715698242,389,S,Y,WWOX,A
7800,ThermoMPNN,WWOX,0.4231008291244507,390,E,A,WWOX,A
7801,ThermoMPNN,WWOX,0.3468756675720215,390,E,C,WWOX,A
7802,ThermoMPNN,WWOX,0.632270097732544,390,E,D,WWOX,A
7803,ThermoMPNN,WWOX,0.0,390,E,E,WWOX,A
7804,ThermoMPNN,WWOX,0.6476912498474121,390,E,F,WWOX,A
7805,ThermoMPNN,WWOX,1.0355556011199951,390,E,G,WWOX,A
7806,ThermoMPNN,WWOX,0.6654500961303711,390,E,H,WWOX,A
7807,ThermoMPNN,WWOX,0.14262259006500244,390,E,I,WWOX,A
7808,ThermoMPNN,WWOX,0.7896634340286255,390,E,K,WWOX,A
7809,ThermoMPNN,WWOX,0.3703274726867676,390,E,L,WWOX,A
7810,ThermoMPNN,WWOX,0.47830724716186523,390,E,M,WWOX,A
7811,ThermoMPNN,WWOX,0.897118091583252,390,E,N,WWOX,A
7812,ThermoMPNN,WWOX,0.5907994508743286,390,E,P,WWOX,A
7813,ThermoMPNN,WWOX,0.5129254460334778,390,E,Q,WWOX,A
7814,ThermoMPNN,WWOX,0.8427754640579224,390,E,R,WWOX,A
7815,ThermoMPNN,WWOX,0.5238732099533081,390,E,S,WWOX,A
7816,ThermoMPNN,WWOX,0.5404016971588135,390,E,T,WWOX,A
7817,ThermoMPNN,WWOX,0.30081653594970703,390,E,V,WWOX,A
7818,ThermoMPNN,WWOX,0.46847087144851685,390,E,W,WWOX,A
7819,ThermoMPNN,WWOX,0.5101953148841858,390,E,Y,WWOX,A
7820,ThermoMPNN,WWOX,0.14034098386764526,391,E,A,WWOX,A
7821,ThermoMPNN,WWOX,0.06253993511199951,391,E,C,WWOX,A
7822,ThermoMPNN,WWOX,0.16294056177139282,391,E,D,WWOX,A
7823,ThermoMPNN,WWOX,0.0,391,E,E,WWOX,A
7824,ThermoMPNN,WWOX,0.24772608280181885,391,E,F,WWOX,A
7825,ThermoMPNN,WWOX,0.629969596862793,391,E,G,WWOX,A
7826,ThermoMPNN,WWOX,0.30567020177841187,391,E,H,WWOX,A
7827,ThermoMPNN,WWOX,0.09989005327224731,391,E,I,WWOX,A
7828,ThermoMPNN,WWOX,0.41905367374420166,391,E,K,WWOX,A
7829,ThermoMPNN,WWOX,0.19674372673034668,391,E,L,WWOX,A
7830,ThermoMPNN,WWOX,0.33658456802368164,391,E,M,WWOX,A
7831,ThermoMPNN,WWOX,0.4335628151893616,391,E,N,WWOX,A
7832,ThermoMPNN,WWOX,1.2735240459442139,391,E,P,WWOX,A
7833,ThermoMPNN,WWOX,0.26776278018951416,391,E,Q,WWOX,A
7834,ThermoMPNN,WWOX,0.379943311214447,391,E,R,WWOX,A
7835,ThermoMPNN,WWOX,0.34723222255706787,391,E,S,WWOX,A
7836,ThermoMPNN,WWOX,0.23907792568206787,391,E,T,WWOX,A
7837,ThermoMPNN,WWOX,0.046702563762664795,391,E,V,WWOX,A
7838,ThermoMPNN,WWOX,0.18620550632476807,391,E,W,WWOX,A
7839,ThermoMPNN,WWOX,0.20391160249710083,391,E,Y,WWOX,A
7840,ThermoMPNN,WWOX,1.2257016897201538,392,T,A,WWOX,A
7841,ThermoMPNN,WWOX,0.6304135918617249,392,T,C,WWOX,A
7842,ThermoMPNN,WWOX,1.6582800149917603,392,T,D,WWOX,A
7843,ThermoMPNN,WWOX,1.8027372360229492,392,T,E,WWOX,A
7844,ThermoMPNN,WWOX,0.6854507923126221,392,T,F,WWOX,A
7845,ThermoMPNN,WWOX,1.934967279434204,392,T,G,WWOX,A
7846,ThermoMPNN,WWOX,1.2852084636688232,392,T,H,WWOX,A
7847,ThermoMPNN,WWOX,0.28060126304626465,392,T,I,WWOX,A
7848,ThermoMPNN,WWOX,1.5688437223434448,392,T,K,WWOX,A
7849,ThermoMPNN,WWOX,-0.18429207801818848,392,T,L,WWOX,A
7850,ThermoMPNN,WWOX,0.4743083715438843,392,T,M,WWOX,A
7851,ThermoMPNN,WWOX,1.1934468746185303,392,T,N,WWOX,A
7852,ThermoMPNN,WWOX,1.854581594467163,392,T,P,WWOX,A
7853,ThermoMPNN,WWOX,1.5284309387207031,392,T,Q,WWOX,A
7854,ThermoMPNN,WWOX,1.4229933023452759,392,T,R,WWOX,A
7855,ThermoMPNN,WWOX,0.7611349821090698,392,T,S,WWOX,A
7856,ThermoMPNN,WWOX,0.0,392,T,T,WWOX,A
7857,ThermoMPNN,WWOX,0.4869321584701538,392,T,V,WWOX,A
7858,ThermoMPNN,WWOX,0.7930985689163208,392,T,W,WWOX,A
7859,ThermoMPNN,WWOX,0.6907758712768555,392,T,Y,WWOX,A
7860,ThermoMPNN,WWOX,0.0,393,A,A,WWOX,A
7861,ThermoMPNN,WWOX,0.6604442596435547,393,A,C,WWOX,A
7862,ThermoMPNN,WWOX,1.7449755668640137,393,A,D,WWOX,A
7863,ThermoMPNN,WWOX,1.560793161392212,393,A,E,WWOX,A
7864,ThermoMPNN,WWOX,1.0613075494766235,393,A,F,WWOX,A
7865,ThermoMPNN,WWOX,0.9137319326400757,393,A,G,WWOX,A
7866,ThermoMPNN,WWOX,1.157961130142212,393,A,H,WWOX,A
7867,ThermoMPNN,WWOX,0.9582974910736084,393,A,I,WWOX,A
7868,ThermoMPNN,WWOX,0.9018361568450928,393,A,K,WWOX,A
7869,ThermoMPNN,WWOX,1.0193452835083008,393,A,L,WWOX,A
7870,ThermoMPNN,WWOX,0.7652062177658081,393,A,M,WWOX,A
7871,ThermoMPNN,WWOX,1.4482682943344116,393,A,N,WWOX,A
7872,ThermoMPNN,WWOX,2.0571465492248535,393,A,P,WWOX,A
7873,ThermoMPNN,WWOX,0.9515863060951233,393,A,Q,WWOX,A
7874,ThermoMPNN,WWOX,0.8740746974945068,393,A,R,WWOX,A
7875,ThermoMPNN,WWOX,0.6644209623336792,393,A,S,WWOX,A
7876,ThermoMPNN,WWOX,1.0901700258255005,393,A,T,WWOX,A
7877,ThermoMPNN,WWOX,1.065344214439392,393,A,V,WWOX,A
7878,ThermoMPNN,WWOX,1.094419240951538,393,A,W,WWOX,A
7879,ThermoMPNN,WWOX,1.082689642906189,393,A,Y,WWOX,A
7880,ThermoMPNN,WWOX,0.7670154571533203,394,R,A,WWOX,A
7881,ThermoMPNN,WWOX,0.9408424496650696,394,R,C,WWOX,A
7882,ThermoMPNN,WWOX,1.5942051410675049,394,R,D,WWOX,A
7883,ThermoMPNN,WWOX,1.266895055770874,394,R,E,WWOX,A
7884,ThermoMPNN,WWOX,1.1834585666656494,394,R,F,WWOX,A
7885,ThermoMPNN,WWOX,1.6485501527786255,394,R,G,WWOX,A
7886,ThermoMPNN,WWOX,1.0718903541564941,394,R,H,WWOX,A
7887,ThermoMPNN,WWOX,0.9226704835891724,394,R,I,WWOX,A
7888,ThermoMPNN,WWOX,0.35668134689331055,394,R,K,WWOX,A
7889,ThermoMPNN,WWOX,0.8138570785522461,394,R,L,WWOX,A
7890,ThermoMPNN,WWOX,0.8149803876876831,394,R,M,WWOX,A
7891,ThermoMPNN,WWOX,1.093461275100708,394,R,N,WWOX,A
7892,ThermoMPNN,WWOX,3.153770923614502,394,R,P,WWOX,A
7893,ThermoMPNN,WWOX,0.8591305017471313,394,R,Q,WWOX,A
7894,ThermoMPNN,WWOX,0.0,394,R,R,WWOX,A
7895,ThermoMPNN,WWOX,1.0121212005615234,394,R,S,WWOX,A
7896,ThermoMPNN,WWOX,1.1438677310943604,394,R,T,WWOX,A
7897,ThermoMPNN,WWOX,1.0920288562774658,394,R,V,WWOX,A
7898,ThermoMPNN,WWOX,1.1339378356933594,394,R,W,WWOX,A
7899,ThermoMPNN,WWOX,1.1155369281768799,394,R,Y,WWOX,A
7900,ThermoMPNN,WWOX,-0.543999195098877,395,T,A,WWOX,A
7901,ThermoMPNN,WWOX,-0.07137680053710938,395,T,C,WWOX,A
7902,ThermoMPNN,WWOX,0.2389959692955017,395,T,D,WWOX,A
7903,ThermoMPNN,WWOX,0.06710785627365112,395,T,E,WWOX,A
7904,ThermoMPNN,WWOX,0.3381631374359131,395,T,F,WWOX,A
7905,ThermoMPNN,WWOX,0.6370736956596375,395,T,G,WWOX,A
7906,ThermoMPNN,WWOX,0.16028130054473877,395,T,H,WWOX,A
7907,ThermoMPNN,WWOX,0.1366947889328003,395,T,I,WWOX,A
7908,ThermoMPNN,WWOX,0.16487598419189453,395,T,K,WWOX,A
7909,ThermoMPNN,WWOX,0.002932906150817871,395,T,L,WWOX,A
7910,ThermoMPNN,WWOX,-0.16807949542999268,395,T,M,WWOX,A
7911,ThermoMPNN,WWOX,0.3220207095146179,395,T,N,WWOX,A
7912,ThermoMPNN,WWOX,2.7952704429626465,395,T,P,WWOX,A
7913,ThermoMPNN,WWOX,-0.18572378158569336,395,T,Q,WWOX,A
7914,ThermoMPNN,WWOX,0.026780903339385986,395,T,R,WWOX,A
7915,ThermoMPNN,WWOX,-0.21117961406707764,395,T,S,WWOX,A
7916,ThermoMPNN,WWOX,0.0,395,T,T,WWOX,A
7917,ThermoMPNN,WWOX,0.1982976198196411,395,T,V,WWOX,A
7918,ThermoMPNN,WWOX,0.0396842360496521,395,T,W,WWOX,A
7919,ThermoMPNN,WWOX,0.17550545930862427,395,T,Y,WWOX,A
7920,ThermoMPNN,WWOX,2.2045795917510986,396,L,A,WWOX,A
7921,ThermoMPNN,WWOX,1.4286600351333618,396,L,C,WWOX,A
7922,ThermoMPNN,WWOX,2.9251387119293213,396,L,D,WWOX,A
7923,ThermoMPNN,WWOX,2.7189393043518066,396,L,E,WWOX,A
7924,ThermoMPNN,WWOX,0.9693875312805176,396,L,F,WWOX,A
7925,ThermoMPNN,WWOX,2.660228967666626,396,L,G,WWOX,A
7926,ThermoMPNN,WWOX,2.5483882427215576,396,L,H,WWOX,A
7927,ThermoMPNN,WWOX,0.8301234245300293,396,L,I,WWOX,A
7928,ThermoMPNN,WWOX,2.718803644180298,396,L,K,WWOX,A
7929,ThermoMPNN,WWOX,0.0,396,L,L,WWOX,A
7930,ThermoMPNN,WWOX,0.877129077911377,396,L,M,WWOX,A
7931,ThermoMPNN,WWOX,2.823899507522583,396,L,N,WWOX,A
7932,ThermoMPNN,WWOX,2.7551376819610596,396,L,P,WWOX,A
7933,ThermoMPNN,WWOX,2.712477684020996,396,L,Q,WWOX,A
7934,ThermoMPNN,WWOX,2.6129539012908936,396,L,R,WWOX,A
7935,ThermoMPNN,WWOX,2.65313982963562,396,L,S,WWOX,A
7936,ThermoMPNN,WWOX,2.410562753677368,396,L,T,WWOX,A
7937,ThermoMPNN,WWOX,1.3815453052520752,396,L,V,WWOX,A
7938,ThermoMPNN,WWOX,1.6888082027435303,396,L,W,WWOX,A
7939,ThermoMPNN,WWOX,1.6214704513549805,396,L,Y,WWOX,A
7940,ThermoMPNN,WWOX,2.743225574493408,397,W,A,WWOX,A
7941,ThermoMPNN,WWOX,1.5364515781402588,397,W,C,WWOX,A
7942,ThermoMPNN,WWOX,3.40817928314209,397,W,D,WWOX,A
7943,ThermoMPNN,WWOX,3.1619086265563965,397,W,E,WWOX,A
7944,ThermoMPNN,WWOX,0.9976574182510376,397,W,F,WWOX,A
7945,ThermoMPNN,WWOX,3.1723451614379883,397,W,G,WWOX,A
7946,ThermoMPNN,WWOX,2.4357810020446777,397,W,H,WWOX,A
7947,ThermoMPNN,WWOX,1.4250696897506714,397,W,I,WWOX,A
7948,ThermoMPNN,WWOX,2.9799888134002686,397,W,K,WWOX,A
7949,ThermoMPNN,WWOX,1.931558609008789,397,W,L,WWOX,A
7950,ThermoMPNN,WWOX,1.8330191373825073,397,W,M,WWOX,A
7951,ThermoMPNN,WWOX,3.0518510341644287,397,W,N,WWOX,A
7952,ThermoMPNN,WWOX,3.3488476276397705,397,W,P,WWOX,A
7953,ThermoMPNN,WWOX,2.761150598526001,397,W,Q,WWOX,A
7954,ThermoMPNN,WWOX,2.98283314704895,397,W,R,WWOX,A
7955,ThermoMPNN,WWOX,2.576572895050049,397,W,S,WWOX,A
7956,ThermoMPNN,WWOX,2.521652936935425,397,W,T,WWOX,A
7957,ThermoMPNN,WWOX,1.5989480018615723,397,W,V,WWOX,A
7958,ThermoMPNN,WWOX,0.0,397,W,W,WWOX,A
7959,ThermoMPNN,WWOX,0.863544225692749,397,W,Y,WWOX,A
7960,ThermoMPNN,WWOX,0.0,398,A,A,WWOX,A
7961,ThermoMPNN,WWOX,-0.11051714420318604,398,A,C,WWOX,A
7962,ThermoMPNN,WWOX,0.20466452836990356,398,A,D,WWOX,A
7963,ThermoMPNN,WWOX,-0.17891836166381836,398,A,E,WWOX,A
7964,ThermoMPNN,WWOX,0.1852511167526245,398,A,F,WWOX,A
7965,ThermoMPNN,WWOX,0.7805724740028381,398,A,G,WWOX,A
7966,ThermoMPNN,WWOX,0.26345622539520264,398,A,H,WWOX,A
7967,ThermoMPNN,WWOX,0.05074810981750488,398,A,I,WWOX,A
7968,ThermoMPNN,WWOX,0.18735414743423462,398,A,K,WWOX,A
7969,ThermoMPNN,WWOX,-0.03591066598892212,398,A,L,WWOX,A
7970,ThermoMPNN,WWOX,0.02578592300415039,398,A,M,WWOX,A
7971,ThermoMPNN,WWOX,0.34584152698516846,398,A,N,WWOX,A
7972,ThermoMPNN,WWOX,2.1210074424743652,398,A,P,WWOX,A
7973,ThermoMPNN,WWOX,0.07594460248947144,398,A,Q,WWOX,A
7974,ThermoMPNN,WWOX,0.09944891929626465,398,A,R,WWOX,A
7975,ThermoMPNN,WWOX,0.25413042306900024,398,A,S,WWOX,A
7976,ThermoMPNN,WWOX,0.16928762197494507,398,A,T,WWOX,A
7977,ThermoMPNN,WWOX,0.08616423606872559,398,A,V,WWOX,A
7978,ThermoMPNN,WWOX,-0.0033776164054870605,398,A,W,WWOX,A
7979,ThermoMPNN,WWOX,0.08551263809204102,398,A,Y,WWOX,A
7980,ThermoMPNN,WWOX,1.128310203552246,399,L,A,WWOX,A
7981,ThermoMPNN,WWOX,0.35502326488494873,399,L,C,WWOX,A
7982,ThermoMPNN,WWOX,2.1046998500823975,399,L,D,WWOX,A
7983,ThermoMPNN,WWOX,1.3962905406951904,399,L,E,WWOX,A
7984,ThermoMPNN,WWOX,0.14936459064483643,399,L,F,WWOX,A
7985,ThermoMPNN,WWOX,2.058394432067871,399,L,G,WWOX,A
7986,ThermoMPNN,WWOX,1.3827228546142578,399,L,H,WWOX,A
7987,ThermoMPNN,WWOX,0.33926331996917725,399,L,I,WWOX,A
7988,ThermoMPNN,WWOX,1.972836971282959,399,L,K,WWOX,A
7989,ThermoMPNN,WWOX,0.0,399,L,L,WWOX,A
7990,ThermoMPNN,WWOX,0.2292088270187378,399,L,M,WWOX,A
7991,ThermoMPNN,WWOX,1.9453835487365723,399,L,N,WWOX,A
7992,ThermoMPNN,WWOX,2.310272693634033,399,L,P,WWOX,A
7993,ThermoMPNN,WWOX,1.5318487882614136,399,L,Q,WWOX,A
7994,ThermoMPNN,WWOX,1.9048523902893066,399,L,R,WWOX,A
7995,ThermoMPNN,WWOX,1.6523281335830688,399,L,S,WWOX,A
7996,ThermoMPNN,WWOX,1.4454694986343384,399,L,T,WWOX,A
7997,ThermoMPNN,WWOX,0.5384596586227417,399,L,V,WWOX,A
7998,ThermoMPNN,WWOX,0.21603071689605713,399,L,W,WWOX,A
7999,ThermoMPNN,WWOX,0.3859354257583618,399,L,Y,WWOX,A
8000,ThermoMPNN,WWOX,-0.6116492748260498,400,S,A,WWOX,A
8001,ThermoMPNN,WWOX,-0.6279540061950684,400,S,C,WWOX,A
8002,ThermoMPNN,WWOX,1.4445335865020752,400,S,D,WWOX,A
8003,ThermoMPNN,WWOX,1.2821435928344727,400,S,E,WWOX,A
8004,ThermoMPNN,WWOX,0.1290411353111267,400,S,F,WWOX,A
8005,ThermoMPNN,WWOX,0.7061057090759277,400,S,G,WWOX,A
8006,ThermoMPNN,WWOX,0.6860473155975342,400,S,H,WWOX,A
8007,ThermoMPNN,WWOX,0.16411083936691284,400,S,I,WWOX,A
8008,ThermoMPNN,WWOX,1.1897075176239014,400,S,K,WWOX,A
8009,ThermoMPNN,WWOX,-0.5778998136520386,400,S,L,WWOX,A
8010,ThermoMPNN,WWOX,-0.3584475517272949,400,S,M,WWOX,A
8011,ThermoMPNN,WWOX,0.7665111422538757,400,S,N,WWOX,A
8012,ThermoMPNN,WWOX,1.7889213562011719,400,S,P,WWOX,A
8013,ThermoMPNN,WWOX,1.0754773616790771,400,S,Q,WWOX,A
8014,ThermoMPNN,WWOX,1.0407438278198242,400,S,R,WWOX,A
8015,ThermoMPNN,WWOX,0.0,400,S,S,WWOX,A
8016,ThermoMPNN,WWOX,0.4393484592437744,400,S,T,WWOX,A
8017,ThermoMPNN,WWOX,0.12267500162124634,400,S,V,WWOX,A
8018,ThermoMPNN,WWOX,0.3933839201927185,400,S,W,WWOX,A
8019,ThermoMPNN,WWOX,0.21536093950271606,400,S,Y,WWOX,A
8020,ThermoMPNN,WWOX,-0.06925404071807861,401,E,A,WWOX,A
8021,ThermoMPNN,WWOX,-0.36754006147384644,401,E,C,WWOX,A
8022,ThermoMPNN,WWOX,0.6838505864143372,401,E,D,WWOX,A
8023,ThermoMPNN,WWOX,0.0,401,E,E,WWOX,A
8024,ThermoMPNN,WWOX,-0.14541220664978027,401,E,F,WWOX,A
8025,ThermoMPNN,WWOX,0.721282422542572,401,E,G,WWOX,A
8026,ThermoMPNN,WWOX,0.13874834775924683,401,E,H,WWOX,A
8027,ThermoMPNN,WWOX,-0.7051528096199036,401,E,I,WWOX,A
8028,ThermoMPNN,WWOX,0.022199630737304688,401,E,K,WWOX,A
8029,ThermoMPNN,WWOX,-0.46288996934890747,401,E,L,WWOX,A
8030,ThermoMPNN,WWOX,-0.30797630548477173,401,E,M,WWOX,A
8031,ThermoMPNN,WWOX,0.5073089003562927,401,E,N,WWOX,A
8032,ThermoMPNN,WWOX,2.1918532848358154,401,E,P,WWOX,A
8033,ThermoMPNN,WWOX,-0.08458173274993896,401,E,Q,WWOX,A
8034,ThermoMPNN,WWOX,-0.09788823127746582,401,E,R,WWOX,A
8035,ThermoMPNN,WWOX,0.28372594714164734,401,E,S,WWOX,A
8036,ThermoMPNN,WWOX,-0.017612040042877197,401,E,T,WWOX,A
8037,ThermoMPNN,WWOX,-0.7629641890525818,401,E,V,WWOX,A
8038,ThermoMPNN,WWOX,-0.05734086036682129,401,E,W,WWOX,A
8039,ThermoMPNN,WWOX,-0.11346602439880371,401,E,Y,WWOX,A
8040,ThermoMPNN,WWOX,0.7280923128128052,402,R,A,WWOX,A
8041,ThermoMPNN,WWOX,0.6769186854362488,402,R,C,WWOX,A
8042,ThermoMPNN,WWOX,1.5542466640472412,402,R,D,WWOX,A
8043,ThermoMPNN,WWOX,1.1512140035629272,402,R,E,WWOX,A
8044,ThermoMPNN,WWOX,0.8173401355743408,402,R,F,WWOX,A
8045,ThermoMPNN,WWOX,1.4578241109848022,402,R,G,WWOX,A
8046,ThermoMPNN,WWOX,0.7894076108932495,402,R,H,WWOX,A
8047,ThermoMPNN,WWOX,0.8172687888145447,402,R,I,WWOX,A
8048,ThermoMPNN,WWOX,0.2766556739807129,402,R,K,WWOX,A
8049,ThermoMPNN,WWOX,0.6642171144485474,402,R,L,WWOX,A
8050,ThermoMPNN,WWOX,0.6121747493743896,402,R,M,WWOX,A
8051,ThermoMPNN,WWOX,1.041121006011963,402,R,N,WWOX,A
8052,ThermoMPNN,WWOX,3.2941031455993652,402,R,P,WWOX,A
8053,ThermoMPNN,WWOX,0.6143434047698975,402,R,Q,WWOX,A
8054,ThermoMPNN,WWOX,0.0,402,R,R,WWOX,A
8055,ThermoMPNN,WWOX,0.9159585237503052,402,R,S,WWOX,A
8056,ThermoMPNN,WWOX,0.9332000613212585,402,R,T,WWOX,A
8057,ThermoMPNN,WWOX,0.9293711185455322,402,R,V,WWOX,A
8058,ThermoMPNN,WWOX,0.7153596878051758,402,R,W,WWOX,A
8059,ThermoMPNN,WWOX,0.6961891055107117,402,R,Y,WWOX,A
8060,ThermoMPNN,WWOX,1.5223956108093262,403,L,A,WWOX,A
8061,ThermoMPNN,WWOX,0.9256500005722046,403,L,C,WWOX,A
8062,ThermoMPNN,WWOX,2.8216238021850586,403,L,D,WWOX,A
8063,ThermoMPNN,WWOX,2.104234218597412,403,L,E,WWOX,A
8064,ThermoMPNN,WWOX,1.2841695547103882,403,L,F,WWOX,A
8065,ThermoMPNN,WWOX,2.695937156677246,403,L,G,WWOX,A
8066,ThermoMPNN,WWOX,2.15401554107666,403,L,H,WWOX,A
8067,ThermoMPNN,WWOX,0.11346602439880371,403,L,I,WWOX,A
8068,ThermoMPNN,WWOX,1.9966340065002441,403,L,K,WWOX,A
8069,ThermoMPNN,WWOX,0.0,403,L,L,WWOX,A
8070,ThermoMPNN,WWOX,0.6050753593444824,403,L,M,WWOX,A
8071,ThermoMPNN,WWOX,2.4956212043762207,403,L,N,WWOX,A
8072,ThermoMPNN,WWOX,2.9947729110717773,403,L,P,WWOX,A
8073,ThermoMPNN,WWOX,1.820157527923584,403,L,Q,WWOX,A
8074,ThermoMPNN,WWOX,2.0123448371887207,403,L,R,WWOX,A
8075,ThermoMPNN,WWOX,1.9583191871643066,403,L,S,WWOX,A
8076,ThermoMPNN,WWOX,1.4690428972244263,403,L,T,WWOX,A
8077,ThermoMPNN,WWOX,0.420910120010376,403,L,V,WWOX,A
8078,ThermoMPNN,WWOX,1.2313979864120483,403,L,W,WWOX,A
8079,ThermoMPNN,WWOX,1.4595136642456055,403,L,Y,WWOX,A
8080,ThermoMPNN,WWOX,1.9724045991897583,404,I,A,WWOX,A
8081,ThermoMPNN,WWOX,1.5260831117630005,404,I,C,WWOX,A
8082,ThermoMPNN,WWOX,3.4878475666046143,404,I,D,WWOX,A
8083,ThermoMPNN,WWOX,3.17734694480896,404,I,E,WWOX,A
8084,ThermoMPNN,WWOX,1.8430736064910889,404,I,F,WWOX,A
8085,ThermoMPNN,WWOX,3.0664732456207275,404,I,G,WWOX,A
8086,ThermoMPNN,WWOX,2.775834321975708,404,I,H,WWOX,A
8087,ThermoMPNN,WWOX,0.0,404,I,I,WWOX,A
8088,ThermoMPNN,WWOX,2.7034077644348145,404,I,K,WWOX,A
8089,ThermoMPNN,WWOX,1.0971318483352661,404,I,L,WWOX,A
8090,ThermoMPNN,WWOX,1.6641740798950195,404,I,M,WWOX,A
8091,ThermoMPNN,WWOX,3.2696027755737305,404,I,N,WWOX,A
8092,ThermoMPNN,WWOX,3.311434507369995,404,I,P,WWOX,A
8093,ThermoMPNN,WWOX,2.875032424926758,404,I,Q,WWOX,A
8094,ThermoMPNN,WWOX,2.6696884632110596,404,I,R,WWOX,A
8095,ThermoMPNN,WWOX,2.4820945262908936,404,I,S,WWOX,A
8096,ThermoMPNN,WWOX,1.8274898529052734,404,I,T,WWOX,A
8097,ThermoMPNN,WWOX,0.6010136604309082,404,I,V,WWOX,A
8098,ThermoMPNN,WWOX,1.907135248184204,404,I,W,WWOX,A
8099,ThermoMPNN,WWOX,1.884267807006836,404,I,Y,WWOX,A
8100,ThermoMPNN,WWOX,0.2059779167175293,405,Q,A,WWOX,A
8101,ThermoMPNN,WWOX,0.12797820568084717,405,Q,C,WWOX,A
8102,ThermoMPNN,WWOX,0.761012613773346,405,Q,D,WWOX,A
8103,ThermoMPNN,WWOX,0.3957039713859558,405,Q,E,WWOX,A
8104,ThermoMPNN,WWOX,0.3410465717315674,405,Q,F,WWOX,A
8105,ThermoMPNN,WWOX,0.8435994386672974,405,Q,G,WWOX,A
8106,ThermoMPNN,WWOX,0.2817324995994568,405,Q,H,WWOX,A
8107,ThermoMPNN,WWOX,0.1451544165611267,405,Q,I,WWOX,A
8108,ThermoMPNN,WWOX,0.0204010009765625,405,Q,K,WWOX,A
8109,ThermoMPNN,WWOX,0.18038326501846313,405,Q,L,WWOX,A
8110,ThermoMPNN,WWOX,0.09545755386352539,405,Q,M,WWOX,A
8111,ThermoMPNN,WWOX,0.4973858594894409,405,Q,N,WWOX,A
8112,ThermoMPNN,WWOX,2.5143892765045166,405,Q,P,WWOX,A
8113,ThermoMPNN,WWOX,0.0,405,Q,Q,WWOX,A
8114,ThermoMPNN,WWOX,-0.05303084850311279,405,Q,R,WWOX,A
8115,ThermoMPNN,WWOX,0.36050981283187866,405,Q,S,WWOX,A
8116,ThermoMPNN,WWOX,0.29808276891708374,405,Q,T,WWOX,A
8117,ThermoMPNN,WWOX,0.24137014150619507,405,Q,V,WWOX,A
8118,ThermoMPNN,WWOX,0.22619342803955078,405,Q,W,WWOX,A
8119,ThermoMPNN,WWOX,0.23855698108673096,405,Q,Y,WWOX,A
8120,ThermoMPNN,WWOX,0.3854721188545227,406,E,A,WWOX,A
8121,ThermoMPNN,WWOX,-0.0025055408477783203,406,E,C,WWOX,A
8122,ThermoMPNN,WWOX,0.4582828879356384,406,E,D,WWOX,A
8123,ThermoMPNN,WWOX,0.0,406,E,E,WWOX,A
8124,ThermoMPNN,WWOX,0.3032398223876953,406,E,F,WWOX,A
8125,ThermoMPNN,WWOX,1.096550703048706,406,E,G,WWOX,A
8126,ThermoMPNN,WWOX,0.6328856348991394,406,E,H,WWOX,A
8127,ThermoMPNN,WWOX,0.3039032220840454,406,E,I,WWOX,A
8128,ThermoMPNN,WWOX,0.662738561630249,406,E,K,WWOX,A
8129,ThermoMPNN,WWOX,0.16258692741394043,406,E,L,WWOX,A
8130,ThermoMPNN,WWOX,0.21020954847335815,406,E,M,WWOX,A
8131,ThermoMPNN,WWOX,0.7834597826004028,406,E,N,WWOX,A
8132,ThermoMPNN,WWOX,2.207267999649048,406,E,P,WWOX,A
8133,ThermoMPNN,WWOX,0.32012200355529785,406,E,Q,WWOX,A
8134,ThermoMPNN,WWOX,0.6274522542953491,406,E,R,WWOX,A
8135,ThermoMPNN,WWOX,0.6107983589172363,406,E,S,WWOX,A
8136,ThermoMPNN,WWOX,0.47879552841186523,406,E,T,WWOX,A
8137,ThermoMPNN,WWOX,0.3805598020553589,406,E,V,WWOX,A
8138,ThermoMPNN,WWOX,-0.004144072532653809,406,E,W,WWOX,A
8139,ThermoMPNN,WWOX,0.2338821291923523,406,E,Y,WWOX,A
8140,ThermoMPNN,WWOX,0.615370512008667,407,R,A,WWOX,A
8141,ThermoMPNN,WWOX,0.3287515640258789,407,R,C,WWOX,A
8142,ThermoMPNN,WWOX,1.9082250595092773,407,R,D,WWOX,A
8143,ThermoMPNN,WWOX,1.8014798164367676,407,R,E,WWOX,A
8144,ThermoMPNN,WWOX,0.5639348030090332,407,R,F,WWOX,A
8145,ThermoMPNN,WWOX,1.3935191631317139,407,R,G,WWOX,A
8146,ThermoMPNN,WWOX,0.8563315868377686,407,R,H,WWOX,A
8147,ThermoMPNN,WWOX,-0.5241612195968628,407,R,I,WWOX,A
8148,ThermoMPNN,WWOX,0.27640557289123535,407,R,K,WWOX,A
8149,ThermoMPNN,WWOX,-0.23806345462799072,407,R,L,WWOX,A
8150,ThermoMPNN,WWOX,0.16173183917999268,407,R,M,WWOX,A
8151,ThermoMPNN,WWOX,1.1576727628707886,407,R,N,WWOX,A
8152,ThermoMPNN,WWOX,1.7306272983551025,407,R,P,WWOX,A
8153,ThermoMPNN,WWOX,0.9278821349143982,407,R,Q,WWOX,A
8154,ThermoMPNN,WWOX,0.0,407,R,R,WWOX,A
8155,ThermoMPNN,WWOX,0.7303171157836914,407,R,S,WWOX,A
8156,ThermoMPNN,WWOX,0.42624562978744507,407,R,T,WWOX,A
8157,ThermoMPNN,WWOX,-0.23012912273406982,407,R,V,WWOX,A
8158,ThermoMPNN,WWOX,0.6925585269927979,407,R,W,WWOX,A
8159,ThermoMPNN,WWOX,0.5364580154418945,407,R,Y,WWOX,A
8160,ThermoMPNN,WWOX,1.4500526189804077,408,L,A,WWOX,A
8161,ThermoMPNN,WWOX,0.9468060731887817,408,L,C,WWOX,A
8162,ThermoMPNN,WWOX,1.7629121541976929,408,L,D,WWOX,A
8163,ThermoMPNN,WWOX,1.7113144397735596,408,L,E,WWOX,A
8164,ThermoMPNN,WWOX,0.9686166048049927,408,L,F,WWOX,A
8165,ThermoMPNN,WWOX,1.9953999519348145,408,L,G,WWOX,A
8166,ThermoMPNN,WWOX,1.7087814807891846,408,L,H,WWOX,A
8167,ThermoMPNN,WWOX,0.28325748443603516,408,L,I,WWOX,A
8168,ThermoMPNN,WWOX,1.618607997894287,408,L,K,WWOX,A
8169,ThermoMPNN,WWOX,0.0,408,L,L,WWOX,A
8170,ThermoMPNN,WWOX,0.6576008796691895,408,L,M,WWOX,A
8171,ThermoMPNN,WWOX,1.7571508884429932,408,L,N,WWOX,A
8172,ThermoMPNN,WWOX,2.1129226684570312,408,L,P,WWOX,A
8173,ThermoMPNN,WWOX,1.5873215198516846,408,L,Q,WWOX,A
8174,ThermoMPNN,WWOX,1.6246557235717773,408,L,R,WWOX,A
8175,ThermoMPNN,WWOX,1.5935343503952026,408,L,S,WWOX,A
8176,ThermoMPNN,WWOX,1.2966408729553223,408,L,T,WWOX,A
8177,ThermoMPNN,WWOX,0.6065835952758789,408,L,V,WWOX,A
8178,ThermoMPNN,WWOX,1.1090940237045288,408,L,W,WWOX,A
8179,ThermoMPNN,WWOX,1.175741195678711,408,L,Y,WWOX,A
8180,ThermoMPNN,WWOX,-0.4037775993347168,409,G,A,WWOX,A
8181,ThermoMPNN,WWOX,-0.3976033926010132,409,G,C,WWOX,A
8182,ThermoMPNN,WWOX,-0.2598494291305542,409,G,D,WWOX,A
8183,ThermoMPNN,WWOX,-0.4212538003921509,409,G,E,WWOX,A
8184,ThermoMPNN,WWOX,-0.19186347723007202,409,G,F,WWOX,A
8185,ThermoMPNN,WWOX,0.0,409,G,G,WWOX,A
8186,ThermoMPNN,WWOX,-0.19207561016082764,409,G,H,WWOX,A
8187,ThermoMPNN,WWOX,-0.30475592613220215,409,G,I,WWOX,A
8188,ThermoMPNN,WWOX,-0.34437990188598633,409,G,K,WWOX,A
8189,ThermoMPNN,WWOX,-0.40776383876800537,409,G,L,WWOX,A
8190,ThermoMPNN,WWOX,-0.34418749809265137,409,G,M,WWOX,A
8191,ThermoMPNN,WWOX,-0.24130266904830933,409,G,N,WWOX,A
8192,ThermoMPNN,WWOX,1.0453402996063232,409,G,P,WWOX,A
8193,ThermoMPNN,WWOX,-0.36387866735458374,409,G,Q,WWOX,A
8194,ThermoMPNN,WWOX,-0.3897501826286316,409,G,R,WWOX,A
8195,ThermoMPNN,WWOX,-0.25969386100769043,409,G,S,WWOX,A
8196,ThermoMPNN,WWOX,-0.26111406087875366,409,G,T,WWOX,A
8197,ThermoMPNN,WWOX,-0.2401188611984253,409,G,V,WWOX,A
8198,ThermoMPNN,WWOX,-0.21182966232299805,409,G,W,WWOX,A
8199,ThermoMPNN,WWOX,-0.17859220504760742,409,G,Y,WWOX,A
8200,ThermoMPNN,WWOX,-0.25037533044815063,410,S,A,WWOX,A
8201,ThermoMPNN,WWOX,-0.041937828063964844,410,S,C,WWOX,A
8202,ThermoMPNN,WWOX,0.3435652554035187,410,S,D,WWOX,A
8203,ThermoMPNN,WWOX,0.03234797716140747,410,S,E,WWOX,A
8204,ThermoMPNN,WWOX,0.12710493803024292,410,S,F,WWOX,A
8205,ThermoMPNN,WWOX,0.26209747791290283,410,S,G,WWOX,A
8206,ThermoMPNN,WWOX,0.07688111066818237,410,S,H,WWOX,A
8207,ThermoMPNN,WWOX,-0.08999896049499512,410,S,I,WWOX,A
8208,ThermoMPNN,WWOX,-0.18942803144454956,410,S,K,WWOX,A
8209,ThermoMPNN,WWOX,-0.06934338808059692,410,S,L,WWOX,A
8210,ThermoMPNN,WWOX,-0.10662513971328735,410,S,M,WWOX,A
8211,ThermoMPNN,WWOX,0.2448788285255432,410,S,N,WWOX,A
8212,ThermoMPNN,WWOX,0.7845331430435181,410,S,P,WWOX,A
8213,ThermoMPNN,WWOX,-0.13097840547561646,410,S,Q,WWOX,A
8214,ThermoMPNN,WWOX,-0.20634275674819946,410,S,R,WWOX,A
8215,ThermoMPNN,WWOX,0.0,410,S,S,WWOX,A
8216,ThermoMPNN,WWOX,0.16935354471206665,410,S,T,WWOX,A
8217,ThermoMPNN,WWOX,0.05753767490386963,410,S,V,WWOX,A
8218,ThermoMPNN,WWOX,-0.005915522575378418,410,S,W,WWOX,A
8219,ThermoMPNN,WWOX,0.062052249908447266,410,S,Y,WWOX,A
8220,ThermoMPNN,WWOX,0.04549741744995117,411,Q,A,WWOX,A
8221,ThermoMPNN,WWOX,0.05174517631530762,411,Q,C,WWOX,A
8222,ThermoMPNN,WWOX,0.3988562226295471,411,Q,D,WWOX,A
8223,ThermoMPNN,WWOX,0.2598690390586853,411,Q,E,WWOX,A
8224,ThermoMPNN,WWOX,0.039787888526916504,411,Q,F,WWOX,A
8225,ThermoMPNN,WWOX,0.2143772840499878,411,Q,G,WWOX,A
8226,ThermoMPNN,WWOX,0.15742921829223633,411,Q,H,WWOX,A
8227,ThermoMPNN,WWOX,0.2557160258293152,411,Q,I,WWOX,A
8228,ThermoMPNN,WWOX,0.1270347237586975,411,Q,K,WWOX,A
8229,ThermoMPNN,WWOX,0.08729428052902222,411,Q,L,WWOX,A
8230,ThermoMPNN,WWOX,0.013241410255432129,411,Q,M,WWOX,A
8231,ThermoMPNN,WWOX,0.3424367904663086,411,Q,N,WWOX,A
8232,ThermoMPNN,WWOX,0.5523229241371155,411,Q,P,WWOX,A
8233,ThermoMPNN,WWOX,0.0,411,Q,Q,WWOX,A
8234,ThermoMPNN,WWOX,0.17999392747879028,411,Q,R,WWOX,A
8235,ThermoMPNN,WWOX,0.2288082242012024,411,Q,S,WWOX,A
8236,ThermoMPNN,WWOX,0.35150831937789917,411,Q,T,WWOX,A
8237,ThermoMPNN,WWOX,0.37859463691711426,411,Q,V,WWOX,A
8238,ThermoMPNN,WWOX,0.1274077296257019,411,Q,W,WWOX,A
8239,ThermoMPNN,WWOX,0.14999085664749146,411,Q,Y,WWOX,A
8240,ThermoMPNN,WWOX,-0.012908756732940674,412,S,A,WWOX,A
8241,ThermoMPNN,WWOX,-0.10177803039550781,412,S,C,WWOX,A
8242,ThermoMPNN,WWOX,-0.01223057508468628,412,S,D,WWOX,A
8243,ThermoMPNN,WWOX,-0.015623092651367188,412,S,E,WWOX,A
8244,ThermoMPNN,WWOX,-0.0013703703880310059,412,S,F,WWOX,A
8245,ThermoMPNN,WWOX,0.10501617193222046,412,S,G,WWOX,A
8246,ThermoMPNN,WWOX,0.05186980962753296,412,S,H,WWOX,A
8247,ThermoMPNN,WWOX,-0.03400975465774536,412,S,I,WWOX,A
8248,ThermoMPNN,WWOX,-0.016788244247436523,412,S,K,WWOX,A
8249,ThermoMPNN,WWOX,-0.08272916078567505,412,S,L,WWOX,A
8250,ThermoMPNN,WWOX,-0.05348759889602661,412,S,M,WWOX,A
8251,ThermoMPNN,WWOX,0.03718537092208862,412,S,N,WWOX,A
8252,ThermoMPNN,WWOX,0.3633635640144348,412,S,P,WWOX,A
8253,ThermoMPNN,WWOX,-0.062329232692718506,412,S,Q,WWOX,A
8254,ThermoMPNN,WWOX,0.055401623249053955,412,S,R,WWOX,A
8255,ThermoMPNN,WWOX,0.0,412,S,S,WWOX,A
8256,ThermoMPNN,WWOX,0.001163482666015625,412,S,T,WWOX,A
8257,ThermoMPNN,WWOX,0.050224244594573975,412,S,V,WWOX,A
8258,ThermoMPNN,WWOX,-0.01793593168258667,412,S,W,WWOX,A
8259,ThermoMPNN,WWOX,0.05972975492477417,412,S,Y,WWOX,A
8260,ThermoMPNN,WWOX,-0.03764688968658447,413,G,A,WWOX,A
8261,ThermoMPNN,WWOX,-0.14187836647033691,413,G,C,WWOX,A
8262,ThermoMPNN,WWOX,0.004952371120452881,413,G,D,WWOX,A
8263,ThermoMPNN,WWOX,-0.011919140815734863,413,G,E,WWOX,A
8264,ThermoMPNN,WWOX,0.08763694763183594,413,G,F,WWOX,A
8265,ThermoMPNN,WWOX,0.0,413,G,G,WWOX,A
8266,ThermoMPNN,WWOX,0.053360819816589355,413,G,H,WWOX,A
8267,ThermoMPNN,WWOX,-0.045103371143341064,413,G,I,WWOX,A
8268,ThermoMPNN,WWOX,0.036594927310943604,413,G,K,WWOX,A
8269,ThermoMPNN,WWOX,-0.06084781885147095,413,G,L,WWOX,A
8270,ThermoMPNN,WWOX,0.022696733474731445,413,G,M,WWOX,A
8271,ThermoMPNN,WWOX,0.016717970371246338,413,G,N,WWOX,A
8272,ThermoMPNN,WWOX,0.33192792534828186,413,G,P,WWOX,A
8273,ThermoMPNN,WWOX,0.025048494338989258,413,G,Q,WWOX,A
8274,ThermoMPNN,WWOX,0.0636974573135376,413,G,R,WWOX,A
8275,ThermoMPNN,WWOX,0.017343103885650635,413,G,S,WWOX,A
8276,ThermoMPNN,WWOX,-0.0010074973106384277,413,G,T,WWOX,A
8277,ThermoMPNN,WWOX,-0.030995666980743408,413,G,V,WWOX,A
8278,ThermoMPNN,WWOX,0.06337851285934448,413,G,W,WWOX,A
8279,ThermoMPNN,WWOX,0.14798426628112793,413,G,Y,WWOX,A
