pmid	year	pubmed_free_full_text_link	pmcid	type	doi	journal	title	abstract
10786676	2000	no		Journal Article; Research Support, Non-U.S. Gov't; Research Support, U.S. Gov't, Non-P.H.S.; Research Support, U.S. Gov't, P.H.S.		Cancer Res	WWOX, a novel WW domain-containing protein mapping to human chromosome 16q23.3-24.1, a region frequently affected in breast cancer.	
11058590	2001	yes		Journal Article; Research Support, Non-U.S. Gov't; Research Support, U.S. Gov't, P.H.S.	10.1074/jbc.M007140200	J Biol Chem	Hyaluronidase induction of a WW domain-containing oxidoreductase that enhances tumor necrosis factor cytotoxicity.	
11526514	2001	no		Journal Article; Research Support, Non-U.S. Gov't	10.1038/sj.onc.1204674	Oncogene	Identification of homozygous deletions at chromosome 16q23 in aflatoxin B1 exposed hepatocellular carcinoma.	
11572989	2001	yes	PMC58744	Journal Article; Research Support, Non-U.S. Gov't	10.1073/pnas.191175898	Proc Natl Acad Sci U S A	WWOX: a candidate tumor suppressor gene involved in multiple tumor types.	
11719429	2001	no		Journal Article; Research Support, U.S. Gov't, P.H.S.		Cancer Res	WWOX, the FRA16D gene, behaves as a suppressor of tumor growth.	
11744990	2002	no		Journal Article; Research Support, Non-U.S. Gov't; Review		Int J Mol Med	A potential role of p53 and WOX1 in mitochondrial apoptosis (review).	
11896615	2002	no		Comparative Study; Journal Article; Research Support, Non-U.S. Gov't	10.1038/sj.onc.1205273	Oncogene	Alternative transcripts of the candidate tumor suppressor gene, WWOX, are expressed at high levels in human breast tumors.	
11956080	2002	no		Journal Article; Research Support, U.S. Gov't, P.H.S.		Cancer Res	Genetic alterations of the tumor suppressor gene WWOX in esophageal squamous cell carcinoma.	
11960552	2002	yes	PMC102332	Journal Article; Research Support, Non-U.S. Gov't	10.1186/1471-2121-3-8	BMC Cell Biol	Transforming growth factor-beta1 blocks the enhancement of tumor necrosis factor cytotoxicity by hyaluronidase Hyal-2 in L929 fibroblasts.	
11979549	2002	no		Comparative Study; Journal Article; Research Support, Non-U.S. Gov't; Research Support, U.S. Gov't, P.H.S.	10.1002/gcc.10047	Genes Chromosomes Cancer	The common fragile site FRA16D and its associated gene WWOX are highly conserved in the mouse at Fra8E1.	
12514174	2003	yes		Journal Article; Research Support, Non-U.S. Gov't	10.1074/jbc.M208373200	J Biol Chem	JNK1 physically interacts with WW domain-containing oxidoreductase (WOX1) and inhibits WOX1-mediated apoptosis.	
12591741	2003	no		Journal Article; Research Support, Non-U.S. Gov't		Cancer Res	WW domain containing oxidoreductase gene expression is altered in non-small cell lung cancer.	
12719539	2003	yes	PMC156308	Journal Article; Research Support, U.S. Gov't, P.H.S.	10.1073/pnas.0931262100	Proc Natl Acad Sci U S A	Parkin, a gene implicated in autosomal recessive juvenile parkinsonism, is a candidate tumor suppressor gene on chromosome 6q25-q27.	
14526170	2003	yes	PMC4150470	Journal Article	10.1159/000072844	Cytogenet Genome Res	WWOX, the common chromosomal fragile site, FRA16D, cancer gene.	
14555208	2003	no		Journal Article; Research Support, Non-U.S. Gov't	10.1016/s0006-2952(03)00484-2	Biochem Pharmacol	Molecular mechanisms underlying WOX1 activation during apoptotic and stress responses.	
14603443	2004	no		Journal Article; Research Support, U.S. Gov't, P.H.S.	10.1002/gcc.10290	Genes Chromosomes Cancer	The role of late/slow replication of the FRA16D in common fragile site induction.	
14614460	2003	no		Journal Article; Research Support, Non-U.S. Gov't; Research Support, U.S. Gov't, Non-P.H.S.; Research Support, U.S. Gov't, P.H.S.	10.1038/sj.onc.1207072	Oncogene	Alterations in the common fragile site gene Parkin in ovarian and other cancers.	
14638866	2003	no		Journal Article; Research Support, Non-U.S. Gov't; Research Support, U.S. Gov't, P.H.S.		Mol Cancer Res	Expression of FRA16D/WWOX and FRA3B/FHIT genes in hematopoietic malignancies.	
14695174	2003	no		Journal Article; Research Support, Non-U.S. Gov't		Cancer Res	An opposing view on WWOX protein function as a tumor suppressor.	
15007382	2004	no		Journal Article; Research Support, U.S. Gov't, P.H.S.	10.1038/sj.onc.1207474	Oncogene	Integration of high-resolution array comparative genomic hybridization analysis of chromosome 16q with expression array data refines common regions of loss at 16q23-qter and identifies underlying candidate tumor suppressor genes in prostate cancer.	
15026124	2004	no		Journal Article; Research Support, Non-U.S. Gov't; Research Support, U.S. Gov't, Non-P.H.S.	10.1016/j.neuroscience.2003.12.036	Neuroscience	Expression of WW domain-containing oxidoreductase WOX1 in the developing murine nervous system.	
15044096	2004	no		Journal Article; Research Support, Non-U.S. Gov't	10.1016/j.bbrc.2004.02.159	Biochem Biophys Res Commun	Effect of exogenous E2F-1 on the expression of common chromosome fragile site genes, FHIT and WWOX.	
15064722	2004	yes	PMC4143251	Journal Article; Research Support, Non-U.S. Gov't; Research Support, U.S. Gov't, P.H.S.	10.1038/sj.onc.1207680	Oncogene	WWOX binds the specific proline-rich ligand PPXY: identification of candidate interacting proteins.	
15070730	2004	yes	PMC384759	Journal Article; Research Support, U.S. Gov't, P.H.S.	10.1073/pnas.0400805101	Proc Natl Acad Sci U S A	Functional association between Wwox tumor suppressor protein and p73, a p53 homolog.	
15073125	2004	no		Journal Article; Research Support, U.S. Gov't, P.H.S.	10.1158/1078-0432.ccr-03-0096	Clin Cancer Res	The tumor suppressor gene WWOX at FRA16D is involved in pancreatic carcinogenesis.	
15073846	2004	yes		Journal Article; Research Support, Non-U.S. Gov't; Research Support, U.S. Gov't, P.H.S.	10.1002/cncr.20137	Cancer	The fragile genes FHIT and WWOX are inactivated coordinately in invasive breast carcinoma.	
15101042	2004	no		Journal Article; Research Support, Non-U.S. Gov't; Research Support, U.S. Gov't, Non-P.H.S.; Research Support, U.S. Gov't, P.H.S.	10.1002/gcc.20020	Genes Chromosomes Cancer	Parkin gene alterations in hepatocellular carcinoma.	
15126504	2004	yes		Journal Article; Research Support, Non-U.S. Gov't; Research Support, U.S. Gov't, Non-P.H.S.; Research Support, U.S. Gov't, P.H.S.	10.1074/jbc.M401399200	J Biol Chem	Down-regulation of WW domain-containing oxidoreductase induces Tau phosphorylation in vitro. A potential role in Alzheimer's disease.	
15131042	2004	no		Journal Article; Research Support, U.S. Gov't, P.H.S.	10.1158/1078-0432.ccr-03-0594	Clin Cancer Res	Loss of WWOX expression in gastric carcinoma.	
15145773	2004	no		Journal Article; Review		Eur J Histochem	Common fragile genes.	
15168591	2004	no		Journal Article; Research Support, Non-U.S. Gov't; Review	10.1532/ijh97.03145	Int J Hematol	Alterations of common chromosome fragile sites in hematopoietic malignancies.	
15266310	2004	yes	PMC2364795	Journal Article; Research Support, U.S. Gov't, P.H.S.	10.1038/sj.bjc.6602023	Br J Cancer	Frequent downregulation and loss of WWOX gene expression in human hepatocellular carcinoma.	
15548692	2004	no		Journal Article	10.1158/0008-5472.CAN-04-2055	Cancer Res	Physical and functional interactions between the Wwox tumor suppressor protein and the AP-2gamma transcription factor.	
15580310	2005	no		Journal Article; Research Support, Non-U.S. Gov't; Research Support, U.S. Gov't, Non-P.H.S.	10.1038/sj.onc.1208124	Oncogene	17beta-Estradiol upregulates and activates WOX1/WWOXv1 and WOX2/WWOXv2 in vitro: potential role in cancerous progression of breast and prostate to a premetastatic state in vivo.	
15618236	2005	no		Journal Article	10.1093/carcin/bgi005	Carcinogenesis	Unique patterns of gene expression changes in liver after treatment of mice for 2 weeks with different known carcinogens and non-carcinogens.	
15664696	2005	no		Journal Article; Research Support, Non-U.S. Gov't	10.1016/j.neuroscience.2004.07.054	Neuroscience	Light-induced retinal damage involves tyrosine 33 phosphorylation, mitochondrial and nuclear translocation of WW domain-containing oxidoreductase in vivo.	
15674328	2005	no		Journal Article; Research Support, U.S. Gov't, P.H.S.	10.1038/sj.onc.1208398	Oncogene	Fragile genes as biomarkers: epigenetic control of WWOX and FHIT in lung, breast and bladder cancer.	
15692750	2005	yes	PMC4145848	Comparative Study; Journal Article; Research Support, U.S. Gov't, P.H.S.	10.1007/s10549-004-1474-x	Breast Cancer Res Treat	Frequent loss of WWOX expression in breast cancer: correlation with estrogen receptor status.	
15798093	2005	yes		Journal Article; Research Support, Non-U.S. Gov't	10.1158/1541-7786.MCR-04-0209	Mol Cancer Res	Components of DNA damage checkpoint pathway regulate UV exposure-dependent alterations of gene expression of FHIT and WWOX at chromosome fragile sites.	
15814586	2005	no		Journal Article; Research Support, Non-U.S. Gov't	10.1093/hmg/ddi144	Hum Mol Genet	Common chromosomal fragile site FRA16D mutation in cancer cells.	
15870886	2005	yes	PMC4166600	Journal Article; Research Support, Non-U.S. Gov't	10.3892/ijo.26.6.1681	Int J Oncol	WWOX mRNA expression profile in epithelial ovarian cancer supports the role of WWOX variant 1 as a tumour suppressor, although the role of variant 4 remains unclear.	
15982416	2005	yes	PMC1173095	Journal Article; Research Support, N.I.H., Extramural; Research Support, Non-U.S. Gov't; Research Support, U.S. Gov't, P.H.S.	10.1186/1471-2407-5-64	BMC Cancer	WWOX protein expression varies among ovarian carcinoma histotypes and correlates with less favorable outcome.	
15998374	2005	no		Journal Article; Research Support, N.I.H., Extramural; Research Support, U.S. Gov't, P.H.S.	10.1111/j.1440-1827.2005.01855.x	Pathol Int	Concordant loss of fragile gene expression early in breast cancer development.	
16007179	2005	no		Journal Article; Research Support, Non-U.S. Gov't	10.1038/sj.onc.1208806	Oncogene	FRA16D common chromosomal fragile site oxido-reductase (FOR/WWOX) protects against the effects of ionizing radiation in Drosophila.	
16061658	2005	no		Journal Article; Research Support, N.I.H., Extramural; Research Support, U.S. Gov't, P.H.S.	10.1158/0008-5472.CAN-05-1150	Cancer Res	WW domain-containing proteins, WWOX and YAP, compete for interaction with ErbB-4 and modulate its transcriptional function.	
16115915	2005	no		Comparative Study; Journal Article; Research Support, Non-U.S. Gov't; Research Support, U.S. Gov't, Non-P.H.S.	10.1158/1078-0432.CCR-04-2274	Clin Cancer Res	WOX1 is essential for UVB irradiation-induced apoptosis and down-regulated via translational blockade in UVB-induced cutaneous squamous cell carcinoma in vivo.	
16116962	2005	no		Journal Article	10.1007/BF02873566	J Huazhong Univ Sci Technolog Med Sci	Deletion and mutation of WWOX exons 6-8 in human non-small cell lung cancer.	
16152610	2006	yes	PMC4145845	Journal Article; Research Support, N.I.H., Extramural; Research Support, Non-U.S. Gov't	10.1002/ijc.21446	Int J Cancer	Characterization of the tumor suppressor gene WWOX in primary human oral squamous cell carcinomas.	
16187332	2005	yes	PMC4166602	Journal Article; Research Support, N.I.H., Extramural; Research Support, U.S. Gov't, P.H.S.	10.1002/mc.20122	Mol Carcinog	Expression of common chromosomal fragile site genes, WWOX/FRA16D and FHIT/FRA3B is downregulated by exposure to environmental carcinogens, UV, and BPDE but not by IR.	
16219768	2005	yes		Journal Article; Research Support, Non-U.S. Gov't; Research Support, U.S. Gov't, Non-P.H.S.	10.1074/jbc.M505590200	J Biol Chem	WOX1 is essential for tumor necrosis factor-, UV light-, staurosporine-, and p53-mediated cell death, and its tyrosine 33-phosphorylated form binds and stabilizes serine 46-phosphorylated p53.	
16221525	2006	no		Journal Article; Review	10.1016/j.canlet.2005.06.049	Cancer Lett	Common fragile sites, extremely large genes, neural development and cancer.	
16223882	2005	yes	PMC1266103	Journal Article; Research Support, N.I.H., Extramural; Research Support, Non-U.S. Gov't; Research Support, U.S. Gov't, Non-P.H.S.; Research Support, U.S. Gov't, P.H.S.	10.1073/pnas.0505485102	Proc Natl Acad Sci U S A	WWOX gene restoration prevents lung cancer growth in vitro and in vivo.	
16225988	2006	no		Journal Article; Research Support, N.I.H., Extramural; Research Support, U.S. Gov't, Non-P.H.S.; Review	10.1016/j.canlet.2005.06.048	Cancer Lett	Roles of FHIT and WWOX fragile genes in cancer.	
16242840	2006	no		Journal Article; Research Support, Non-U.S. Gov't; Review	10.1016/j.canlet.2005.07.041	Cancer Lett	Common chromosomal fragile sites and cancer: focus on FRA16D.	
16280054	2005	yes	PMC1410740	Journal Article; Research Support, Non-U.S. Gov't	10.1186/bcr1337	Breast Cancer Res	Expression analysis of candidate breast tumour suppressor genes on chromosome 16q.	
16288044	2005	no		Journal Article; Research Support, N.I.H., Extramural	10.1158/0008-5472.CAN-05-1127	Cancer Res	Activated tyrosine kinase Ack1 promotes prostate tumorigenesis: role of Ack1 in polyubiquitination of tumor suppressor Wwox.	
16360296	2006	no		Comparative Study; Journal Article; Research Support, Non-U.S. Gov't	10.1016/j.ejso.2005.11.002	Eur J Surg Oncol	WWOX--the FRA16D cancer gene: expression correlation with breast cancer progression and prognosis.	
16378185	2006	no		Journal Article; Review	10.1007/s00595-005-3094-4	Surg Today	Common fragile genes and digestive tract cancers.	
16393779	2005	yes		Journal Article; Research Support, N.I.H., Extramural; Research Support, Non-U.S. Gov't; Review	10.1080/15216540500389039	IUBMB Life	WW or WoW: the WW domains in a union of bliss.	
16419058	2006	no		Journal Article; Research Support, Non-U.S. Gov't	10.1002/gcc.20305	Genes Chromosomes Cancer	Chromosomal fragile sites FRA3B and FRA16D show correlated expression and association with failure of apoptosis in lymphocytes from patients with thyroid cancer.	
16438931	2006	no		Journal Article; Research Support, Non-U.S. Gov't	10.1016/j.bbrc.2006.01.023	Biochem Biophys Res Commun	PKA-mediated protein phosphorylation regulates ezrin-WWOX interaction.	
16491499	2006	no		Journal Article; Research Support, Non-U.S. Gov't	10.1002/cbic.200500402	Chembiochem	Chemical-reaction-based site-selective DNA cutter for PCR-free gene manipulation.	
16818616	2006	yes		Journal Article; Research Support, N.I.H., Extramural; Research Support, Non-U.S. Gov't; Research Support, U.S. Gov't, Non-P.H.S.	10.1158/0008-5472.CAN-06-0956	Cancer Res	A role for the WWOX gene in prostate cancer.	
16888633	2006	yes		Journal Article; Research Support, U.S. Gov't, Non-P.H.S.	10.1038/sj.jid.5700470	J Invest Dermatol	Expression profiling of UVB response in melanocytes identifies a set of p53-target genes.	
16895604	2006	yes	PMC1569856	Comparative Study; Evaluation Study; Journal Article; Research Support, Non-U.S. Gov't	10.1186/1471-2407-6-205	BMC Cancer	A novel approach to simultaneously scan genes at fragile sites.	
16941225	2006	yes	PMC4144810	Journal Article; Research Support, N.I.H., Extramural	10.1007/s10735-006-9046-5	J Mol Histol	WWOX protein expression in normal human tissues.	
16956712	2007	no		Journal Article	10.1016/j.eururo.2006.08.008	Eur Urol	Prognostic value of CpG island hypermethylation at PTGS2, RAR-beta, EDNRB, and other gene loci in patients undergoing radical prostatectomy.	
17019711	2007	no		Journal Article; Research Support, N.I.H., Extramural; Research Support, Non-U.S. Gov't; Research Support, U.S. Gov't, Non-P.H.S.	10.1002/ijc.22073	Int J Cancer	Epigenetic modulation of endogenous tumor suppressor expression in lung cancer xenografts suppresses tumorigenicity.	
17140807	2007	no		Journal Article; Research Support, Non-U.S. Gov't; Research Support, U.S. Gov't, Non-P.H.S.; Review	10.1016/j.semcancer.2006.10.003	Semin Cancer Biol	Large common fragile site genes and cancer.	
17142102	2007	no		Journal Article; Research Support, Non-U.S. Gov't; Research Support, U.S. Gov't, Non-P.H.S.	10.1016/j.molmed.2006.11.006	Trends Mol Med	WW domain-containing oxidoreductase: a candidate tumor suppressor.	
17143562	2007	no		Journal Article; Research Support, Non-U.S. Gov't		Int J Mol Med	Conformationally altered hyaluronan restricts complement classical pathway activation by binding to C1q, C1r, C1s, C2, C5 and C9, and suppresses WOX1 expression in prostate DU145 cells.	
17150742	2005	no		Journal Article; Research Support, Non-U.S. Gov't	10.1093/nass/49.1.279	Nucleic Acids Symp Ser (Oxf)	Construction of chimera protein by using artificial restriction DNA cutter.	
17163164	2006	no		Journal Article; Research Support, N.I.H., Extramural; Review	10.1007/978-1-4020-5133-3_14	Adv Exp Med Biol	WWOX, a chromosomal fragile site gene and its role in cancer.	
17178850	2006	no		Journal Article; Research Support, N.I.H., Extramural; Research Support, Non-U.S. Gov't	10.1158/0008-5472.CAN-06-3376	Cancer Res	Physical association with WWOX suppresses c-Jun transcriptional activity.	
17200365	2007	no		Journal Article; Research Support, N.I.H., Extramural; Research Support, Non-U.S. Gov't; Research Support, U.S. Gov't, Non-P.H.S.	10.1158/1078-0432.CCR-06-2038	Clin Cancer Res	Inhibition of breast cancer cell growth in vitro and in vivo: effect of restoration of Wwox expression.	
17289881	2007	no		Journal Article; Research Support, Non-U.S. Gov't	10.1158/1078-0432.CCR-06-2016	Clin Cancer Res	WWOX expression in different histologic types and subtypes of non-small cell lung cancer.	
17360458	2007	yes	PMC1820689	Journal Article; Research Support, N.I.H., Extramural; Research Support, Non-U.S. Gov't	10.1073/pnas.0609783104	Proc Natl Acad Sci U S A	Targeted deletion of Wwox reveals a tumor suppressor function.	
17458891	2007	no		Journal Article; Research Support, Non-U.S. Gov't; Review	10.1002/jcp.21099	J Cell Physiol	WWOX in biological control and tumorigenesis.	
17546048	2007	yes	PMC2875853	Journal Article; Research Support, Non-U.S. Gov't	10.1038/sj.onc.1210559	Oncogene	Epigenetic identification of ADAMTS18 as a novel 16q23.1 tumor suppressor frequently silenced in esophageal, nasopharyngeal and multiple other carcinomas.	
17567906	2007	yes	PMC1904229	Journal Article; Research Support, Non-U.S. Gov't; Research Support, U.S. Gov't, Non-P.H.S.	10.1186/1471-2199-8-50	BMC Mol Biol	Zfra affects TNF-mediated cell death by interacting with death domain protein TRADD and negatively regulates the activation of NF-kappaB, JNK1, p53 and WOX1 during stress response.	
17575124	2007	yes	PMC2621009	Journal Article; Research Support, N.I.H., Extramural; Research Support, Non-U.S. Gov't	10.1158/0008-5472.CAN-07-1081	Cancer Res	Inactivation of the Wwox gene accelerates forestomach tumor progression in vivo.	
17609426	2007	yes		Journal Article; Multicenter Study; Research Support, Non-U.S. Gov't	10.1182/blood-2007-02-075069	Blood	Gene mapping and expression analysis of 16q loss of heterozygosity identifies WWOX and CYLD as being important in determining clinical outcome in multiple myeloma.	
17679088	2007	yes	PMC2144737	Journal Article; Research Support, N.I.H., Extramural	10.1016/j.molcel.2007.06.012	Mol Cell	An AT-rich sequence in human common fragile site FRA16D causes fork stalling and chromosome breakage in S. cerevisiae.	
17690733	2007	no		Journal Article; Research Support, Non-U.S. Gov't; Review	10.5507/bp.2007.002	Biomed Pap Med Fac Univ Palacky Olomouc Czech Repub	WWOX, a new potential tumor suppressor gene.	
17704139	2007	yes		Journal Article; Research Support, N.I.H., Extramural; Research Support, Non-U.S. Gov't; Research Support, U.S. Gov't, Non-P.H.S.	10.1158/1541-7786.MCR-07-0211	Mol Cancer Res	Wwox suppresses prostate cancer cell growth through modulation of ErbB2-mediated androgen receptor signaling.	
17760259	2007	no		Journal Article		Zhonghua Zhong Liu Za Zhi	[Expression of WWOX protein and its significance in non-small cell lung cancers].	
17823927	2007	yes	PMC4143238	Journal Article; Research Support, N.I.H., Extramural	10.1002/gcc.20497	Genes Chromosomes Cancer	WWOX hypomorphic mice display a higher incidence of B-cell lymphomas and develop testicular atrophy.	
17890317	2007	yes	PMC2000384	Journal Article; Research Support, N.I.H., Extramural	10.1073/pnas.0707628104	Proc Natl Acad Sci U S A	MicroRNA-29 family reverts aberrant methylation in lung cancer by targeting DNA methyltransferases 3A and 3B.	
17909041	2007	no		Journal Article; Research Support, N.I.H., Extramural; Research Support, Non-U.S. Gov't	10.1158/0008-5472.CAN-07-2147	Cancer Res	Association of Wwox with ErbB4 in breast cancer.	
17947476	2007	no		Journal Article; Research Support, N.I.H., Extramural; Research Support, Non-U.S. Gov't; Research Support, U.S. Gov't, Non-P.H.S.	10.1158/1078-0432.CCR-07-1282	Clin Cancer Res	Wwox and Ap2gamma expression levels predict tamoxifen response.	
18000379	2007	no		Journal Article; Review	10.1159/000108309	Cytogenet Genome Res	Non-random inactivation of large common fragile site genes in different cancers.	
18008369	2008	no		Journal Article; Research Support, U.S. Gov't, Non-P.H.S.	10.1002/gcc.20519	Genes Chromosomes Cancer	Disabled-1 is a large common fragile site gene, inactivated in multiple cancers.	
18047428	2007	yes	PMC4150466	Journal Article; Research Support, N.I.H., Extramural; Research Support, Non-U.S. Gov't	10.1089/thy.2007.0232	Thyroid	Association between decreased WWOX protein expression and thyroid cancer development.	
18061530	2008	yes	PMC4143237	Journal Article; Research Support, Non-U.S. Gov't	10.1016/j.oraloncology.2007.08.019	Oral Oncol	Molecular alterations in the tumor suppressor gene WWOX in oral leukoplakias.	
18253029	2007	no		Journal Article; Research Support, U.S. Gov't, Non-P.H.S.	10.1159/000112061	Cytogenet Genome Res	DMD and IL1RAPL1: two large adjacent genes localized within a common fragile site (FRAXC) have reduced expression in cultured brain tumors.	
18273838	2008	no		Journal Article; Research Support, Non-U.S. Gov't	10.1002/gcc.20548	Genes Chromosomes Cancer	Homozygous deletions may be markers of nearby heterozygous mutations: The complex deletion at FRA16D in the HCT116 colon cancer cell line removes exons of WWOX.	
18365142	2008	no		Journal Article	10.1007/s11060-008-9569-6	J Neurooncol	Microarray analysis reveals down-regulation of the tumour suppressor gene WWOX and up-regulation of the oncogene TYMS in intracranial sporadic meningiomas.	
18371080	2008	no		Comparative Study; Journal Article; Research Support, Non-U.S. Gov't; Research Support, U.S. Gov't, Non-P.H.S.	10.1111/j.1460-9568.2008.06139.x	Eur J Neurosci	MPP+-induced neuronal death in rats involves tyrosine 33 phosphorylation of WW domain-containing oxidoreductase WOX1.	
18393361	2008	no		Journal Article; Research Support, N.I.H., Extramural; Research Support, Non-U.S. Gov't; Research Support, U.S. Gov't, Non-P.H.S.; Review	10.1002/jcb.21560	J Cell Biochem	Molecular parameters of genome instability: roles of fragile genes at common fragile sites.	
18403180	2008	no		Journal Article; Research Support, Non-U.S. Gov't; Research Support, U.S. Gov't, Non-P.H.S.	10.1016/j.cellsig.2008.02.018	Cell Signal	Zfra is an inhibitor of Bcl-2 expression and cytochrome c release from the mitochondria.	
18437686	2008	yes		Journal Article; Review	10.14670/HH-23.877	Histol Histopathol	WWOX tumor suppressor gene.	
18452537	2008	yes	PMC4151645	Journal Article; Research Support, Non-U.S. Gov't	10.1111/j.1365-2559.2008.03033.x	Histopathology	Low levels of WWOX protein immunoexpression correlate with tumour grade and a less favourable outcome in patients with urinary bladder tumours.	
18460020	2008	yes	PMC11159152	Journal Article; Research Support, N.I.H., Extramural; Research Support, Non-U.S. Gov't	10.1111/j.1349-7006.2008.00841.x	Cancer Sci	Role of the WWOX gene, encompassing fragile region FRA16D, in suppression of pancreatic carcinoma cells.	
18485879	2008	yes	PMC2405818	Journal Article; Research Support, Non-U.S. Gov't	10.1016/j.cell.2008.03.021	Cell	Large-scale mutagenesis in p19(ARF)- and p53-deficient mice identifies cancer genes and their collaborative networks.	
18487609	2008	yes	PMC2490770	Journal Article; Research Support, N.I.H., Extramural; Research Support, Non-U.S. Gov't	10.1074/jbc.M800855200	J Biol Chem	The WWOX tumor suppressor is essential for postnatal survival and normal bone metabolism.	
18519675	2008	no		Journal Article; Research Support, N.I.H., Extramural; Research Support, Non-U.S. Gov't	10.1158/0008-5472.CAN-07-6710	Cancer Res	Genome-wide copy number analysis in esophageal adenocarcinoma using high-density single-nucleotide polymorphism arrays.	
18620777	2008	yes	PMC2574998	Journal Article; Research Support, N.I.H., Extramural; Research Support, Non-U.S. Gov't	10.1016/j.jhep.2008.05.015	J Hepatol	The JNK inhibitor SP600129 enhances apoptosis of HCC cells induced by the tumor suppressor WWOX.	
18629536	2009	yes	PMC12160241	Journal Article; Research Support, Non-U.S. Gov't	10.1007/s00432-008-0449-4	J Cancer Res Clin Oncol	Loss of WWOX expression in human extrahepatic cholangiocarcinoma.	
18674750	2008	yes	PMC2495060	Journal Article; Research Support, N.I.H., Extramural; Research Support, Non-U.S. Gov't	10.1016/j.ajhg.2008.07.002	Am J Hum Genet	WW-domain-containing oxidoreductase is associated with low plasma HDL-C levels.	
18717684	2008	no		Journal Article; Research Support, Non-U.S. Gov't	10.1111/j.1365-2133.2008.08783.x	Br J Dermatol	Deletions of BRCA1/2 and p53 R248W gain-of-function mutation suggest impaired homologous recombination repair in fragile histidine triad-negative sebaceous gland carcinomas.	
18953870	2008	no		Journal Article; Research Support, Non-U.S. Gov't		Zhonghua Fu Chan Ke Za Zhi	[Effects of WWOX gene transfection on cell growth of epithelial ovarian cancer].	
18974271	2009	yes	PMC2654736	Journal Article; Research Support, N.I.H., Extramural; Research Support, Non-U.S. Gov't	10.1210/en.2008-1087	Endocrinology	Targeted ablation of the WW domain-containing oxidoreductase tumor suppressor leads to impaired steroidogenesis.	
19011694	2008	yes	PMC2582945	Journal Article; Research Support, Non-U.S. Gov't	10.1371/journal.pone.0003740	PLoS One	Integrative microRNA and proteomic approaches identify novel osteoarthritis genes and their collaborative metabolic and inflammatory networks.	
19035517	2009	yes	PMC2712837	Journal Article; Research Support, N.I.H., Extramural	10.1002/pros.20891	Prostate	Genome-wide linkage scan for prostate cancer susceptibility from the University of Michigan Prostate Cancer Genetics Project: suggestive evidence for linkage at 16q23.	
19075917	2007	no		Journal Article; Review	10.2174/187221507779814407	Recent Pat DNA Gene Seq	Recent patents relating to tumor suppressor genes.	
19080258	2008	no		Journal Article; Research Support, Non-U.S. Gov't		Chin Med J (Engl)	Loss expression of active fragile sites genes associated with the severity of breast epithelial abnormalities.	
19087571	2008	no		Journal Article		Zhonghua Fu Chan Ke Za Zhi	[Suppression of WWOX gene by RNA interference reverses platinum resistance acquired in SKOV3/SB cells].	
19130459	2009	yes	PMC2640223	Journal Article; Research Support, N.I.H., Extramural; Research Support, Non-U.S. Gov't	10.1002/cncr.24103	Cancer	Fragile histidine triad protein, WW domain-containing oxidoreductase protein Wwox, and activator protein 2gamma expression levels correlate with basal phenotype in breast cancer.	
19144635	2009	yes	PMC2658111	Journal Article; Research Support, Non-U.S. Gov't	10.1074/jbc.M806877200	J Biol Chem	Down-regulation of active ACK1 is mediated by association with the E3 ubiquitin ligase Nedd4-2.	
19188760	2009	yes		Journal Article	10.1159/000197911	Tumour Biol	Association between CpG island methylation of the WWOX gene and its expression in breast cancers.	
19287171	2008	no		Journal Article; Research Support, Non-U.S. Gov't	10.1159/000184724	Cytogenet Genome Res	Detection, breakpoint identification and detailed characterisation of a CNV at the FRA16D site using SNP assays.	
19352382	2009	yes	PMC2694421	Journal Article; Research Support, Non-U.S. Gov't	10.1038/sj.bjc.6604986	Br J Cancer	Hypermethylation-mediated reduction of WWOX expression in intraductal papillary mucinous neoplasms of the pancreas.	
19357348	2009	no		Journal Article; Research Support, Non-U.S. Gov't	10.1093/carcin/bgp080	Carcinogenesis	Nuclear localization of active HGF receptor Met in aggressive MDA-MB231 breast carcinoma cells.	
19366691	2009	yes	PMC2708898	Journal Article; Research Support, Non-U.S. Gov't; Research Support, U.S. Gov't, Non-P.H.S.	10.1074/jbc.M806688200	J Biol Chem	Transforming growth factor beta1 signaling via interaction with cell surface Hyal-2 and recruitment of WWOX/WOX1.	
19396863	2009	no		Journal Article; Research Support, Non-U.S. Gov't	10.1002/gcc.20668	Genes Chromosomes Cancer	A SNP microarray and FISH-based procedure to detect allelic imbalances in multiple myeloma: an integrated genomics approach reveals a wide gene dosage effect.	
19434452	2009	yes	PMC2719793	Comparative Study; Journal Article; Research Support, N.I.H., Extramural	10.1245/s10434-009-0507-4	Ann Surg Oncol	Coordinate loss of fragile gene expression in pancreatobiliary cancers: correlations among markers and clinical features.	
19458077	2009	no		Journal Article; Research Support, Non-U.S. Gov't	10.1158/0008-5472.CAN-08-2974	Cancer Res	WWOX gene expression abolishes ovarian cancer tumorigenicity in vivo and decreases attachment to fibronectin via integrin alpha3.	
19465938	2009	no		Journal Article; Research Support, Non-U.S. Gov't	10.1038/onc.2009.120	Oncogene	Inhibition of the Wnt/beta-catenin pathway by the WWOX tumor suppressor protein.	
19484134	2009	yes	PMC2685983	Journal Article; Research Support, Non-U.S. Gov't; Research Support, U.S. Gov't, Non-P.H.S.	10.1371/journal.pone.0005755	PLoS One	Complement C1q activates tumor suppressor WWOX to induce apoptosis in prostate cancer cells.	
19500159	2009	yes		Journal Article; Research Support, Non-U.S. Gov't	10.1111/j.1601-183X.2009.00502.x	Genes Brain Behav	A spontaneous mutation of the Wwox gene and audiogenic seizures in rats with lethal dwarfism and epilepsy.	
19609013	2009	no		Journal Article; Research Support, Non-U.S. Gov't; Review		J Physiol Pharmacol	WWOX, the tumour suppressor gene affected in multiple cancers.	
19700237	2010	yes	PMC2987609	Journal Article; Research Support, Non-U.S. Gov't	10.1016/j.canlet.2009.07.017	Cancer Lett	Oncosuppressor proteins of fragile sites are reduced in cervical cancer.	
19708029	2009	no		Journal Article; Research Support, Non-U.S. Gov't; Review	10.1002/jcb.22298	J Cell Biochem	WWOX: its genomics, partners, and functions.	
19737107	2010	no		Journal Article; Research Support, Non-U.S. Gov't	10.1089/hum.2009.021	Hum Gene Ther	Tumor-specific, hypoxia-regulated, WW domain-containing oxidoreductase-expressing adenovirus inhibits human non-small cell lung cancer growth in vivo.	
19774227	2009	yes	PMC2747553	Journal Article	10.1371/journal.pone.0006822	PLoS One	Image-based assessment of growth and signaling changes in cancer cells mediated by direct cell-cell contact.	
19832807	2010	yes	PMC5665679	Journal Article; Research Support, Non-U.S. Gov't; Research Support, U.S. Gov't, P.H.S.	10.1111/j.1365-2141.2009.07943.x	Br J Haematol	Genome wide DNA-profiling of HIV-related B-cell lymphomas.	
19896763	2010	no		Journal Article; Research Support, Non-U.S. Gov't	10.1016/j.canlet.2009.09.018	Cancer Lett	Deletion of the WWOX gene and frequent loss of its protein expression in human osteosarcoma.	
19918364	2009	yes	PMC2771921	Journal Article; Research Support, Non-U.S. Gov't	10.1371/journal.pone.0007820	PLoS One	Dramatic co-activation of WWOX/WOX1 with CREB and NF-kappaB in delayed loss of small dorsal root ganglion neurons upon sciatic nerve transection in rats.	
19936220	2009	yes	PMC2777388	Journal Article; Research Support, N.I.H., Extramural	10.1371/journal.pone.0007775	PLoS One	Generation and characterization of mice carrying a conditional allele of the Wwox tumor suppressor gene.	
19950548	2009	no		Journal Article; Research Support, Non-U.S. Gov't		Zhonghua Zhong Liu Za Zhi	[Effects of WWOX on ovarian cancer cell attachment in vitro].	
19957554	2009	no		Journal Article; Research Support, Non-U.S. Gov't		Zhonghua Fu Chan Ke Za Zhi	[Effect of WWOX gene on the attachment and adhesion of ovarian cancer cells].	
20016169	2009	no		Comparative Study; Journal Article; Research Support, Non-U.S. Gov't	10.1159/000245919	Cytogenet Genome Res	Comparative mapping and genomic annotation of the bovine oncosuppressor gene WWOX.	
20060354	2010	no		Journal Article	10.1016/j.oraloncology.2009.12.003	Oral Oncol	Study of FHIT and WWOX expression in mucoepidermoid carcinoma and adenoid cystic carcinoma of salivary gland.	
20074932	2010	no		Journal Article; Multicenter Study; Research Support, Non-U.S. Gov't	10.1016/j.ejca.2009.12.021	Eur J Cancer	WWOX tumour suppressor gene polymorphisms and ovarian cancer pathology and prognosis.	
20146584	2010	yes	PMC2832309	Journal Article; Review	10.2217/fon.09.152	Future Oncol	WWOX gene and gene product: tumor suppression through specific protein interactions.	
20190683	2010	yes		Journal Article; Research Support, Non-U.S. Gov't		Med Sci Monit	Breast cancer relapse prediction based on multi-gene RT-PCR algorithm.	
20216076	2010	no		Journal Article; Research Support, N.I.H., Extramural; Research Support, Non-U.S. Gov't	10.1097/QAI.0b013e3181d3d9eb	J Acquir Immune Defic Syndr	Recurrent chromosomal alterations in molecularly classified AIDS-related lymphomas: an integrated analysis of DNA copy number and gene expression.	
20367991	2010	no		Journal Article; Research Support, Non-U.S. Gov't		Chin Med J (Engl)	Reversing effect of exogenous WWOX gene expression on malignant phenotype of primary cultured lung carcinoma cells.	
20401669	2011	yes	PMC11828298	Journal Article; Research Support, Non-U.S. Gov't	10.1007/s00432-010-0880-1	J Cancer Res Clin Oncol	The prognostic significance of WWOX expression in patients with breast cancer and its association with the basal-like phenotype.	
20432460	2010	yes	PMC3953130	Journal Article; Research Support, Non-U.S. Gov't; Review	10.1002/jcp.22162	J Cell Physiol	Shepherding AKT and androgen receptor by Ack1 tyrosine kinase.	
20480411	2010	yes		Journal Article; Research Support, Non-U.S. Gov't	10.1007/s13277-010-0039-3	Tumour Biol	WWOX gene may contribute to progression of non-small-cell lung cancer (NSCLC).	
20510001	2010	no		Journal Article; Research Support, Non-U.S. Gov't	10.3760/cma.j.issn.1007-3418.2010.05.011	Zhonghua Gan Zang Bing Za Zhi	[The relationship between FHIT and WWOX expression and clinicopathological features in hepatocellular carcinoma].	
20530675	2010	yes	PMC3037996	Journal Article; Research Support, N.I.H., Extramural; Research Support, Non-U.S. Gov't; Research Support, U.S. Gov't, Non-P.H.S.	10.1158/0008-5472.CAN-09-4602	Cancer Res	Frequent attenuation of the WWOX tumor suppressor in osteosarcoma is associated with increased tumorigenicity and aberrant RUNX2 expression.	
20535528	2011	yes	PMC2996532	Journal Article; Research Support, Non-U.S. Gov't	10.1007/s11060-010-0254-1	J Neurooncol	Molecular analysis of WWOX expression correlation with proliferation and apoptosis in glioblastoma multiforme.	
20542955	2010	yes		Journal Article; Research Support, Non-U.S. Gov't; Research Support, U.S. Gov't, Non-P.H.S.; Review	10.1258/ebm.2010.009351	Exp Biol Med (Maywood)	Signaling from membrane receptors to tumor suppressor WW domain-containing oxidoreductase.	
20556583	2010	no		Journal Article	10.1007/s11596-010-0358-z	J Huazhong Univ Sci Technolog Med Sci	Cloning of WWOX gene and its growth-inhibiting effects on ovarian cancer cells.	
20629094	2010	yes	PMC2928401	Journal Article; Research Support, N.I.H., Extramural; Research Support, Non-U.S. Gov't	10.1002/gcc.20807	Genes Chromosomes Cancer	Identification of primary gene targets of TFAP2C in hormone responsive breast carcinoma cells.	
20651033	2010	yes	PMC3932797	Journal Article; Research Support, N.I.H., Extramural; Research Support, Non-U.S. Gov't	10.1158/1940-6207.CAPR-09-0265	Cancer Prev Res (Phila)	Genome-wide catalogue of chromosomal aberrations in barrett's esophagus and esophageal adenocarcinoma: a high-density single nucleotide polymorphism array analysis.	
20737170	2010	no		Journal Article; Research Support, Non-U.S. Gov't	10.1007/s00428-010-0956-y	Virchows Arch	Loss of WW domain-containing oxidoreductase expression in the progression and development of gastric carcinoma: clinical and histopathologic correlations.	
20942981	2010	yes	PMC2967537	Journal Article; Research Support, Non-U.S. Gov't	10.1186/1471-2350-11-148	BMC Med Genet	WWOX gene is associated with HDL cholesterol and triglyceride levels.	
21069451	2011	yes	PMC3677189	Journal Article; Research Support, N.I.H., Extramural; Research Support, Non-U.S. Gov't	10.1007/s10549-010-1248-6	Breast Cancer Res Treat	Aberrant expression of DNA damage response proteins is associated with breast cancer subtype and clinical features.	
21072196	2010	yes	PMC2970545	Journal Article; Research Support, Non-U.S. Gov't	10.1371/journal.pone.0013809	PLoS One	Profiling gene expression induced by protease-activated receptor 2 (PAR2) activation in human kidney cells.	
21075834	2011	yes	PMC3016910	Journal Article; Research Support, Non-U.S. Gov't	10.1093/hmg/ddq495	Hum Mol Genet	Drosophila orthologue of WWOX, the chromosomal fragile site FRA16D tumour suppressor gene, functions in aerobic metabolism and regulates reactive oxygen species.	
21115974	2011	yes	PMC3318777	Journal Article; Research Support, N.I.H., Extramural; Research Support, Non-U.S. Gov't	10.1182/blood-2010-08-303073	Blood	The tumor suppressor gene WWOX links the canonical and noncanonical NF-κB pathways in HTLV-I Tax-mediated tumorigenesis.	
21138684	2010	no		Journal Article		Xi Bao Yu Fen Zi Mian Yi Xue Za Zhi	[The expressions of STAT3, WWOX and c-myc in human non small cell lung cancer tissue and correlativity analysis].	
21165567	2011	no		Journal Article; Research Support, Non-U.S. Gov't	10.3892/or.2010.1094	Oncol Rep	Evidence of molecular alterations in the tumour suppressor gene WWOX in benign and malignant bone related lesions of the jaws.	
21212468	2010	yes	PMC3034171	Journal Article; Research Support, Non-U.S. Gov't; Research Support, U.S. Gov't, Non-P.H.S.	10.18632/aging.100263	Aging (Albany NY)	Zfra is a small wizard in the mitochondrial apoptosis.	
21276135	2011	yes		Journal Article; Research Support, Non-U.S. Gov't	10.1111/j.1349-7006.2011.01891.x	Cancer Sci	Bmi1 regulates cell fate via tumor suppressor WWOX repression in small-cell lung cancer cells.	
21318118	2011	yes	PMC3035048	Journal Article; Research Support, N.I.H., Extramural; Review	10.1155/2011/984505	J Biomed Biotechnol	Common fragile site tumor suppressor genes and corresponding mouse models of cancer.	
21332605	2011	no		Journal Article; Research Support, Non-U.S. Gov't	10.1111/j.1601-0825.2011.01802.x	Oral Dis	Impact of WWOX alterations on p73, ΔNp73, p53, cell proliferation and DNA ploidy in salivary gland neoplasms.	
21347750	2011	yes	PMC3093543	Journal Article; Research Support, Non-U.S. Gov't	10.1007/s13277-010-0150-5	Tumour Biol	WWOX expression in colorectal cancer--a real-time quantitative RT-PCR study.	
21444760	2011	yes	PMC3090235	Journal Article; Research Support, N.I.H., Extramural; Research Support, Non-U.S. Gov't	10.1194/jlr.M009175	J Lipid Res	The mouse QTL map helps interpret human genome-wide association studies for HDL cholesterol.	
21466786	2011	no		Journal Article	10.1016/j.bbrc.2011.03.127	Biochem Biophys Res Commun	Helicobacter pylori infection promotes methylation of WWOX gene in human gastric cancer.	
21476439	2011	no		Journal Article		Z Naturforsch C J Biosci	WWOX oxidoreductase--substrate and enzymatic characterization.	
21499303	2011	no		Journal Article; Research Support, N.I.H., Extramural; Research Support, Non-U.S. Gov't	10.1038/onc.2011.115	Oncogene	Wwox inactivation enhances mammary tumorigenesis.	
21520031	2011	no		Journal Article; Research Support, Non-U.S. Gov't	10.1002/ijc.25937	Int J Cancer	Evidences that the polymorphism Pro-282-Ala within the tumor suppressor gene WWOX is a new risk factor for differentiated thyroid carcinoma.	
21556796	2011	no		Journal Article; Research Support, Non-U.S. Gov't	10.1007/s10147-011-0248-9	Int J Clin Oncol	The relationship between EGFR gain and VHL loss in lung adenocarcinoma and poor patient survival.	
21570414	2011	no		Journal Article; Research Support, Non-U.S. Gov't	10.1016/j.mrfmmm.2011.04.006	Mutat Res	Common fragile sites in colon cancer cell lines: role of mismatch repair, RAD51 and poly(ADP-ribose) polymerase-1.	
21586613	2011	no		Journal Article; Research Support, Non-U.S. Gov't	10.1158/0008-5472.CAN-10-4410	Cancer Res	Splicing factor hnRNP A2/B1 regulates tumor suppressor gene splicing and is an oncogenic driver in glioblastoma.	
21612698	2011	no		Journal Article		Zhonghua Wai Ke Za Zhi	[Expression of WW domain containing oxidoreductase gene in cholangiocarcinoma and its effect on the biological behavior of cancer cell line RBE].	
21685375	2011	yes	PMC3158728	Journal Article; Research Support, N.I.H., Extramural; Research Support, Non-U.S. Gov't	10.1182/blood-2010-12-323659	Blood	Tumor suppressor genes FHIT and WWOX are deleted in primary effusion lymphoma (PEL) cell lines.	
21731849	2011	yes	PMC3124638	Journal Article		Am J Cancer Res	Role of the WWOX tumor suppressor gene in bone homeostasis and the pathogenesis of osteosarcoma.	
21743832	2011	yes	PMC3131208	Journal Article; Research Support, N.I.H., Extramural; Research Support, Non-U.S. Gov't; Review	10.3390/v3060714	Viruses	Human T-cell lymphotropic virus: a model of NF-κB-associated tumorigenesis.	
21767287	2012	no		Journal Article; Research Support, Non-U.S. Gov't	10.1111/j.1365-2265.2011.04175.x	Clin Endocrinol (Oxf)	Replication of genome-wide association signals of type 2 diabetes in Han Chinese in a prospective cohort.	
21892104	2011	yes		Journal Article; Research Support, Non-U.S. Gov't	10.1097/JTO.0b013e31822e59dd	J Thorac Oncol	Functional and clinical characterization of the putative tumor suppressor WWOX in non-small cell lung cancer.	
21901168	2011	yes	PMC3161421	Journal Article	10.1177/1947601911418498	Genes Cancer	Identification of an In Vivo MEK/WOX1 Complex as a Master Switch for Apoptosis in T Cell Leukemia.	
21947875	2011	no		Case Reports; Journal Article; Research Support, Non-U.S. Gov't	10.1007/s00428-011-1148-0	Virchows Arch	High-resolution genomic profiling of an adult Wilms' tumor: evidence for a pathogenesis distinct from corresponding pediatric tumors.	
21965145	2012	yes	PMC3209417	Journal Article	10.1002/gcc.20932	Genes Chromosomes Cancer	Copy number alterations in prostate tumors and disease aggressiveness.	
21983861	2012	no		Journal Article	10.1007/s12032-011-0080-0	Med Oncol	Genetic alterations of the WWOX gene in breast cancer.	
22071891	2012	yes	PMC3283189	Case Reports; Journal Article; Research Support, Non-U.S. Gov't	10.1038/ejhg.2011.204	Eur J Hum Genet	A multi-exon deletion within WWOX is associated with a 46,XY disorder of sex development.	
22193544	2012	yes	PMC3354054	Journal Article	10.1038/cdd.2011.188	Cell Death Differ	WW domain-containing oxidoreductase promotes neuronal differentiation via negative regulation of glycogen synthase kinase 3β.	
22202011	2012	yes		Journal Article; Research Support, Non-U.S. Gov't; Review	10.2741/e516	Front Biosci (Elite Ed)	Role of WWOX/WOX1 in Alzheimer's disease pathology and in cell death signaling.	
22213016	2013	no		Journal Article; Research Support, Non-U.S. Gov't	10.1002/mc.21853	Mol Carcinog	Decreased expression of WWOX in the development of esophageal squamous cell carcinoma.	
22226915	2012	no		Journal Article; Research Support, Non-U.S. Gov't	10.1093/carcin/bgs001	Carcinogenesis	A WWOX-binding molecule, transmembrane protein 207, is related to the invasiveness of gastric signet-ring cell carcinoma.	
22248280	2012	no		Comparative Study; Journal Article	10.4149/neo_2012_028	Neoplasma	Cigarette smoking extract causes hypermethylation and inactivation of WWOX gene in T-24 human bladder cancer cells.	
22317867	2012	no		Journal Article; Research Support, Non-U.S. Gov't	10.1097/PGP.0b013e3182297fd2	Int J Gynecol Pathol	Aberrant expression of WWOX protein in epithelial ovarian cancer: a clinicopathologic and immunohistochemical study.	
22479346	2012	yes	PMC3315540	Journal Article; Research Support, Non-U.S. Gov't	10.1371/journal.pone.0032907	PLoS One	Identification of IGF1, SLC4A4, WWOX, and SFMBT1 as hypertension susceptibility genes in Han Chinese with a genome-wide gene-based association study.	
22484428	2012	no		Journal Article; Research Support, Non-U.S. Gov't	10.3892/mmr.2012.860	Mol Med Rep	WWOX-mediated apoptosis in A549 cells mainly involves the mitochondrial pathway.	
22534828	2012	yes	PMC3358014	Journal Article; Research Support, Non-U.S. Gov't; Research Support, U.S. Gov't, Non-P.H.S.	10.1038/cddis.2012.36	Cell Death Dis	TIAF1 self-aggregation in peritumor capsule formation, spontaneous activation of SMAD-responsive promoter in p53-deficient environment, and cell death.	
22536204	2012	yes	PMC3334295	Journal Article	10.3389/fimmu.2012.00052	Front Immunol	The C1q family of proteins: insights into the emerging non-traditional functions.	
22545673	2012	yes	PMC3358548	Journal Article; Research Support, N.I.H., Intramural	10.1021/tx3000945	Chem Res Toxicol	Testing an aflatoxin B1 gene signature in rat archival tissues.	
22555346	2013	no		Journal Article; Research Support, Non-U.S. Gov't	10.1245/s10434-012-2371-x	Ann Surg Oncol	WWOX protein expression varies among RCC histotypes and downregulation of WWOX protein correlates with less-favorable prognosis in clear RCC.	
22574198	2012	yes	PMC3344920	Journal Article; Research Support, N.I.H., Extramural	10.1371/journal.pone.0036618	PLoS One	Conditional Wwox deletion in mouse mammary gland by means of two Cre recombinase approaches.	
22615609	2010	yes	PMC3304374	Journal Article		Daru	Primary WWOX phosphorylation and JNK activation during etoposide induces cytotoxicity in HEK293 cells.	
22634283	2012	yes	PMC3412936	Journal Article; Research Support, N.I.H., Extramural; Research Support, Non-U.S. Gov't	10.1016/j.jmb.2012.05.015	J Mol Biol	Biophysical basis of the binding of WWOX tumor suppressor to WBP1 and WBP2 adaptors.	
22693020	2013	no		Comparative Study; Journal Article; Research Support, Non-U.S. Gov't	10.1002/mc.21934	Mol Carcinog	The polymorphisms and haplotypes of WWOX gene are associated with the risk of lung cancer in southern and eastern Chinese populations.	
22717556	2013	no		Journal Article; Research Support, Non-U.S. Gov't	10.1016/j.ejca.2012.05.006	Eur J Cancer	Bone metastatic process of breast cancer involves methylation state affecting E-cadherin expression through TAZ and WWOX nuclear effectors.	
22736928	2012	yes	PMC3380332	Journal Article	10.3748/wjg.v18.i23.3020	World J Gastroenterol	WWOX induces apoptosis and inhibits proliferation of human hepatoma cell line SMMC-7721.	
22806168	2012	yes	PMC3707501	Journal Article; Research Support, N.I.H., Extramural; Research Support, U.S. Gov't, Non-P.H.S.	10.1158/1055-9965.EPI-12-0386	Cancer Epidemiol Biomarkers Prev	A multistage genetic association study identifies breast cancer risk loci at 10q25 and 16q24.	
22819381	2012	no		Case Reports; Journal Article	10.1016/j.cancergen.2012.05.006	Cancer Genet	Comprehensive cytogenetic study of primary cutaneous gamma-delta T-cell lymphoma by means of spectral karyotyping and genome-wide single nucleotide polymorphism array.	
22842668	2012	no		Journal Article; Research Support, Non-U.S. Gov't	10.3892/or.2012.1940	Oncol Rep	Genetic alterations of WWOX in Wilms' tumor are involved in its carcinogenesis.	
22855598	2012	yes	PMC5070713	Journal Article; Research Support, Non-U.S. Gov't	10.1182/blood-2012-03-419937	Blood	Genome-wide analysis reveals recurrent structural abnormalities of TP63 and other p53-related genes in peripheral T-cell lymphomas.	
22860045	2012	yes	PMC3409212	Journal Article; Research Support, Non-U.S. Gov't	10.1371/journal.pone.0042001	PLoS One	A comprehensive characterization of genome-wide copy number aberrations in colorectal cancer reveals novel oncogenes and patterns of alterations.	
22869583	2012	no		Journal Article; Research Support, Non-U.S. Gov't	10.1158/0008-5472.CAN-12-0213	Cancer Res	Frequent PVT1 rearrangement and novel chimeric genes PVT1-NBEA and PVT1-WWOX occur in multiple myeloma with 8q24 abnormality.	
22898080	2012	no		Journal Article; Research Support, Non-U.S. Gov't	10.1016/j.biopha.2012.03.003	Biomed Pharmacother	Overexpression of WW domain-containing oxidoreductase WOX1 preferentially induces apoptosis in human glioblastoma cells harboring mutant p53.	
23028374	2012	yes	PMC3447954	Journal Article; Research Support, N.I.H., Extramural; Research Support, Non-U.S. Gov't	10.1371/journal.pgen.1002981	PLoS Genet	De novo CNV formation in mouse embryonic stem cells occurs in the absence of Xrcc4-dependent nonhomologous end joining.	
23030478	2013	no		Journal Article	10.1111/j.1600-0463.2012.02947.x	APMIS	The expression and significance of WWOX and β-catenin in hepatocellular carcinoma.	
23197378	2013	no		Journal Article; Research Support, Non-U.S. Gov't	10.1002/em.21748	Environ Mol Mutagen	Genetic and epigenetic alterations of WWOX in the development of gastric cardia adenocarcinoma.	
23254685	2013	yes	PMC3943428	Journal Article; Research Support, N.I.H., Extramural; Research Support, Non-U.S. Gov't	10.1002/jcp.24308	J Cell Physiol	Conditional inactivation of the mouse Wwox tumor suppressor gene recapitulates the null phenotype.	
23254778	2013	no		Journal Article; Research Support, N.I.H., Extramural; Research Support, Non-U.S. Gov't	10.1002/jcp.24310	J Cell Physiol	Characterization of WWOX inactivation in murine mammary gland development.	
23277037	2013	yes		Journal Article; Research Support, Non-U.S. Gov't; Review	10.2741/s358	Front Biosci (Schol Ed)	Role of WWOX/WOX1 in Alzheimer's disease pathology and in cell death signaling.	
23317259	2012	yes		Comparative Study; Journal Article; Research Support, Non-U.S. Gov't	10.7314/apjcp.2012.13.11.5799	Asian Pac J Cancer Prev	Ectopic overexpression of COTE1 promotes cellular invasion of hepatocellular carcinoma.	
23339925	2013	no		Journal Article; Research Support, Non-U.S. Gov't	10.1093/hmg/ddt019	Hum Mol Genet	A functional copy number variation in the WWOX gene is associated with lung cancer risk in Chinese.	
23370280	2013	yes	PMC3564006	Journal Article; Research Support, Non-U.S. Gov't	10.1038/cddis.2013.6	Cell Death Dis	Tumor suppressor WWOX binds to ΔNp63α and sensitizes cancer cells to chemotherapy.	
23381945	2013	no		Journal Article; Research Support, Non-U.S. Gov't	10.3892/or.2013.2261	Oncol Rep	Wwox expression may predict benefit from adjuvant tamoxifen in randomized breast cancer patients.	
23446842	2013	no		Journal Article; Research Support, Non-U.S. Gov't; Retracted Publication	10.3892/ijmm.2013.1289	Int J Mol Med	p73 participates in WWOX-mediated apoptosis in leukemia cells.	
23459853	2013	yes	PMC3586680	Journal Article	10.3389/fonc.2013.00043	Front Oncol	Tumor Suppressor WWOX and p53 Alterations and Drug Resistance in Glioblastomas.	
23464470	2012	yes		Journal Article	10.7314/apjcp.2012.13.12.6429	Asian Pac J Cancer Prev	Effects of sodium valproate on the growth of human ovarian cancer cell line HO8910.	
23525362	2013	no		Journal Article; Research Support, Non-U.S. Gov't	10.3892/ijmm.2013.1314	Int J Mol Med	WWOX induces apoptosis and inhibits proliferation in cervical cancer and cell lines.	
23525648	2013	no		Journal Article; Research Support, Non-U.S. Gov't	10.3892/or.2013.2361	Oncol Rep	The role of the WWOX gene in leukemia and its mechanisms of action.	
23534718	2013	yes		Journal Article; Research Support, Non-U.S. Gov't	10.7314/apjcp.2013.14.1.165	Asian Pac J Cancer Prev	Expression of fragile histidine triad (FHIT) and WW-domain oxidoreductase gene (WWOX) in nasopharyngeal carcinoma.	
23566416	2013	no		Journal Article; Research Support, Non-U.S. Gov't	10.1016/j.ejca.2013.03.002	Eur J Cancer	Hypoxia inducible factor-1 is activated by transcriptional co-activator with PDZ-binding motif (TAZ) versus WWdomain-containing oxidoreductase (WWOX) in hypoxic microenvironment of bone metastasis from breast cancer.	
23618899	2013	no		Journal Article; Research Support, Non-U.S. Gov't	10.1016/j.toxlet.2013.04.007	Toxicol Lett	Expression of WWOX and FHIT is downregulated by exposure to arsenite in human uroepithelial cells.	
23666471	2013	no		Journal Article; Research Support, Non-U.S. Gov't; Review	10.1097/CCO.0b013e3283622c1b	Curr Opin Oncol	New molecular insights into osteosarcoma targeted therapy.	
23675860	2013	no		Journal Article	10.1111/neup.12040	Neuropathology	Reduced WWOX protein expression in human astrocytoma.	
23710914	2013	no		Journal Article	10.3760/cma.j.issn.0529-5807.2013.02.005	Zhonghua Bing Li Xue Za Zhi	[Expression of BRCA1 and WWOX and their clinicopathologic implication in breast carcinomas occurring in young women].	
23765596	2013	no		Journal Article	10.1002/gcc.22078	Genes Chromosomes Cancer	Common chromosomal fragile site FRA16D tumor suppressor WWOX gene expression and metabolic reprograming in cells.	
23770367	2013	no		Journal Article; Research Support, Non-U.S. Gov't	10.1016/j.bbrc.2013.06.014	Biochem Biophys Res Commun	WW domain-containing oxidoreductase is involved in upregulation of matrix metalloproteinase 9 by Epstein-Barr virus latent membrane protein 2A.	
23824713	2014	no		Comparative Study; Journal Article; Research Support, Non-U.S. Gov't	10.1002/ijc.28358	Int J Cancer	miR-134 induces oncogenicity and metastasis in head and neck carcinoma through targeting WWOX gene.	
23849374	2013	yes		Journal Article; Research Support, Non-U.S. Gov't	10.1016/j.oooo.2013.05.007	Oral Surg Oral Med Oral Pathol Oral Radiol	WWOX expression in giant cell lesions of the jaws.	
24008736	2013	yes	PMC3789168	Journal Article; Research Support, Non-U.S. Gov't; Research Support, U.S. Gov't, Non-P.H.S.	10.1038/cddis.2013.308	Cell Death Dis	WWOX suppresses autophagy for inducing apoptosis in methotrexate-treated human squamous cell carcinoma.	
24044959	2013	no		Journal Article; Research Support, Non-U.S. Gov't	10.1016/j.cellimm.2013.07.015	Cell Immunol	Upregulation of tumor suppressor WWOX promotes immune response in glioma.	
24086726	2013	yes	PMC3783369	Journal Article; Research Support, Non-U.S. Gov't	10.1371/journal.pone.0076317	PLoS One	Replication study for the association of 9 East Asian GWAS-derived loci with susceptibility to type 2 diabetes in a Japanese population.	
24098343	2013	yes	PMC3789744	Journal Article; Research Support, N.I.H., Extramural; Research Support, Non-U.S. Gov't	10.1371/journal.pone.0074642	PLoS One	Genome-wide association study of gene by smoking interactions in coronary artery calcification.	
24126431	2013	no		Journal Article; Research Support, Non-U.S. Gov't	10.3892/ijmm.2013.1526	Int J Mol Med	The WWOX tumor suppressor gene in endometrial adenocarcinoma.	
24127039	2014	yes		Journal Article; Research Support, Non-U.S. Gov't	10.1007/s13277-013-1213-1	Tumour Biol	WW domain containing oxidoreductase induces apoptosis in gallbladder-derived malignant cell by upregulating expression of P73 and PUMA.	
24137423	2013	yes	PMC3789030	Journal Article	10.3892/ol.2013.1438	Oncol Lett	Effects of 5-Aza-2'-deoxycytidine on the methylation state and function of the WWOX gene in the HO-8910 ovarian cancer cell line.	
24137446	2013	yes	PMC3796419	Journal Article	10.3892/ol.2013.1514	Oncol Lett	Gene expression of WWOX, FHIT and p73 in acute lymphoblastic leukemia.	
24299313	2014	no		Journal Article; Research Support, Non-U.S. Gov't	10.4149/neo_2014_023	Neoplasma	Molecular alterations of the WWOX gene in nasopharyngeal carcinoma.	
24308844	2013	yes	PMC3906126	Journal Article; Research Support, N.I.H., Extramural; Research Support, Non-U.S. Gov't	10.1021/bi400987k	Biochemistry	Molecular origin of the binding of WWOX tumor suppressor to ErbB4 receptor tyrosine kinase.	
24330518	2013	yes	PMC3871008	Journal Article; Meta-Analysis; Research Support, N.I.H., Extramural	10.1186/1471-2407-13-593	BMC Cancer	The cancer gene WWOX behaves as an inhibitor of SMAD3 transcriptional activity via direct binding.	
24330824	2013	yes	PMC3878685	Journal Article; Research Support, N.I.H., Extramural; Research Support, Non-U.S. Gov't	10.1186/1755-8794-6-56	BMC Med Genomics	Correlation of WWOX, RUNX2 and VEGFA protein expression in human osteosarcoma.	
24369382	2014	yes	PMC3914474	Journal Article; Research Support, N.I.H., Extramural; Research Support, Non-U.S. Gov't	10.1093/brain/awt338	Brain	The tumour suppressor gene WWOX is mutated in autosomal recessive cerebellar ataxia with epilepsy and mental retardation.	
24393846	2014	no		Journal Article; Research Support, Non-U.S. Gov't	10.1016/j.bbrc.2013.12.133	Biochem Biophys Res Commun	Wwox suppresses breast cancer cell growth through modulation of the hedgehog-GLI1 signaling pathway.	
24454681	2014	yes	PMC3894223	Journal Article; Research Support, N.I.H., Extramural	10.1371/journal.pone.0079079	PLoS One	The degree of segmental aneuploidy measured by total copy number abnormalities predicts survival and recurrence in superficial gastroesophageal adenocarcinoma.	
24455756	2014	no		Journal Article; Research Support, Non-U.S. Gov't		Acta Biochim Pol	The correlation analysis of WWOX expression and cancer related genes in neuroblastoma- a real time RT-PCR study.	
24456803	2014	yes	PMC3918143	Case Reports; Journal Article; Research Support, Non-U.S. Gov't	10.1186/1750-1172-9-12	Orphanet J Rare Dis	The supposed tumor suppressor gene WWOX is mutated in an early lethal microcephaly syndrome with epilepsy, growth retardation and retinal degeneration.	
24473991	2014	no		Journal Article; Research Support, Non-U.S. Gov't	10.1002/ijc.28574	Int J Cancer	New syngeneic inflammatory-related lung cancer metastatic model harboring double KRAS/WWOX alterations.	
24503545	2013	yes	PMC4605481	Journal Article; Research Support, Non-U.S. Gov't	10.3233/ACP-140087	Anal Cell Pathol (Amst)	Expression of WW domain-containing oxidoreductase WOX1 in human nervous system tumors.	
24510053	2014	yes		Journal Article; Research Support, Non-U.S. Gov't; Review	10.1177/1535370213519213	Exp Biol Med (Maywood)	WW domain-containing oxidoreductase's role in myriad cancers: clinical significance and future implications.	
24520212	2014	yes	PMC3920169	Journal Article; Research Support, Non-U.S. Gov't; Review	10.7150/ijbs.7727	Int J Biol Sci	Common Chromosomal Fragile Site Gene WWOX in Metabolic Disorders and Tumors.	
24550385	2014	yes	PMC3979411	Journal Article; Research Support, Non-U.S. Gov't	10.1074/jbc.M113.506790	J Biol Chem	Characterizing WW domain interactions of tumor suppressor WWOX reveals its association with multiprotein networks.	
24585490	2014	no		Comparative Study; Journal Article; Randomized Controlled Trial	10.1002/ijc.28815	Int J Cancer	Association study of a functional copy number variation in the WWOX gene with risk of gliomas among Chinese people.	
24648952	2013	yes	PMC3917087	Journal Article	10.3892/br.2013.86	Biomed Rep	Methylation status of WWOX gene promoter CpG islands in epithelial ovarian cancer and its clinical significance.	
24748104	2014	yes	PMC3991715	Journal Article; Research Support, Non-U.S. Gov't	10.1371/journal.pone.0095783	PLoS One	Genome-wide analysis of loss of heterozygosity in breast infiltrating ductal carcinoma distant normal tissue highlights arm specific enrichment and expansion across tumor stages.	
24871327	2014	yes	PMC4315188	Journal Article; Research Support, N.I.H., Extramural; Research Support, Non-U.S. Gov't	10.1161/CIRCGENETICS.113.000248	Circ Cardiovasc Genet	The WWOX gene modulates high-density lipoprotein and lipid metabolism.	
24899407	2014	no		Journal Article; Research Support, Non-U.S. Gov't	10.3892/ijo.2014.2482	Int J Oncol	Upregulation of the putative oncogene COTE1 contributes to human hepatocarcinogenesis through modulation of WWOX signaling.	
24916532	2014	no		Journal Article; Review		Arch Iran Med	Genes associated with low serum high-density lipoprotein cholesterol.	
24929828	2014	yes	PMC4140093	Journal Article	10.1038/ng.3011	Nat Genet	Genome-wide association analysis identifies six new loci associated with forced vital capacity.	
24932569	2014	yes	PMC4151823	Journal Article; Research Support, N.I.H., Extramural; Review	10.1016/j.bbcan.2014.06.001	Biochim Biophys Acta	WWOX at the crossroads of cancer, metabolic syndrome related traits and CNS pathologies.	
24935583	2014	yes		Journal Article; Research Support, Non-U.S. Gov't	10.7314/apjcp.2014.15.9.3973	Asian Pac J Cancer Prev	Association of the rs1042522 polymorphism with increased risk of prostate adenocarcinoma in the Pakistani population and its HuGE review.	
24938873	2014	yes	PMC4190457	Journal Article; Research Support, Non-U.S. Gov't	10.1007/s13277-014-2196-2	Tumour Biol	Diverse effect of WWOX overexpression in HT29 and SW480 colon cancer cell lines.	
24949445	2014	yes	PMC4052700	Journal Article	10.1155/2014/424796	Biomed Res Int	The analysis of genetic aberrations in children with inherited neurometabolic and neurodevelopmental disorders.	
24955146	2014	yes	PMC4064283	Journal Article	10.1186/1897-4287-12-15	Hered Cancer Clin Pract	Expanding the genetic basis of copy number variation in familial breast cancer.	
24959289	2014	yes	PMC4063641	Journal Article	10.3892/ol.2014.2063	Oncol Lett	Evaluation of the mechanism of epithelial-mesenchymal transition in human ovarian cancer stem cells transfected with a WW domain-containing oxidoreductase gene.	
24968878	2014	no		Journal Article	10.3892/ijmm.2014.1824	Int J Mol Med	The WWOX gene inhibits the growth of U266 multiple myeloma cells by triggering the intrinsic apoptotic pathway.	
24969559	2014	yes		Journal Article	10.1007/s13277-014-2239-8	Tumour Biol	SENP2 regulated the stability of β-catenin through WWOX in hepatocellular carcinoma cell.	
25012504	2014	yes	PMC4211377	Journal Article; Research Support, Non-U.S. Gov't	10.1038/cdd.2014.95	Cell Death Differ	Tumor suppressor WWOX regulates glucose metabolism via HIF1α modulation.	
25024751	2014	yes	PMC4094901	Journal Article	10.1186/1868-7083-6-13	Clin Epigenetics	Impact of decitabine on immunohistochemistry expression of the putative tumor suppressor genes FHIT, WWOX, FUS1 and PTEN in clinical tumor samples.	
25051421	2014	yes	PMC4148378	Journal Article; Research Support, Non-U.S. Gov't	10.3892/or.2014.3335	Oncol Rep	WWOX modulates the gene expression profile in the T98G glioblastoma cell line rendering its phenotype less malignant.	
25168293	2015	no		Journal Article; Research Support, Non-U.S. Gov't	10.1111/jgh.12722	J Gastroenterol Hepatol	Association of downregulation of WWOX with poor prognosis in patients with intrahepatic cholangiocarcinoma after curative resection.	
25198128	2014	yes	PMC4157856	Journal Article; Research Support, Non-U.S. Gov't	10.1371/journal.pone.0107050	PLoS One	Identification of genes related to beak deformity of chickens using digital gene expression profiling.	
25238781	2014	yes	PMC11113964	Journal Article; Review	10.1007/s00018-014-1716-y	Cell Mol Life Sci	Role of common fragile sites and corresponding genes in cancer development.	
25245215	2014	yes	PMC11113097	Journal Article; Review	10.1007/s00018-014-1724-y	Cell Mol Life Sci	The common fragile site FRA16D gene product WWOX: roles in tumor suppression and genomic stability.	
25295115	2014	yes	PMC4186597	Journal Article	10.3892/ol.2014.2476	Oncol Lett	Alternating expression levels of WWOX tumor suppressor and cancer-related genes in patients with bladder cancer.	
25300511	2014	yes	PMC11113612	Journal Article; Review	10.1007/s00018-014-1753-6	Cell Mol Life Sci	Very large common fragile site genes and their potential role in cancer development.	
25331887	2014	yes	PMC4226089	Journal Article; Research Support, Non-U.S. Gov't	10.1073/pnas.1409252111	Proc Natl Acad Sci U S A	WWOX, the common fragile site FRA16D gene product, regulates ATM activation and the DNA damage response.	
25400415	2014	yes	PMC4220264	Journal Article	10.3978/j.issn.1000-9604.2014.09.03	Chin J Cancer Res	WWOX suppresses KLF5 expression and breast cancer cell growth.	
25401976	2015	yes	PMC4413662	Journal Article; Research Support, N.I.H., Extramural; Research Support, Non-U.S. Gov't	10.18632/oncotarget.2636	Oncotarget	FHIT loss-induced DNA damage creates optimal APOBEC substrates: Insights into APOBEC-mediated mutagenesis.	
25403906	2015	no		Case Reports; Journal Article; Research Support, Non-U.S. Gov't	10.1007/s12031-014-0463-8	J Mol Neurosci	A novel whole exon deletion in WWOX gene causes early epilepsy, intellectual disability and optic atrophy.	
25411445	2015	no		Journal Article; Research Support, Non-U.S. Gov't	10.1136/jmedgenet-2014-102748	J Med Genet	WWOX-related encephalopathies: delineation of the phenotypical spectrum and emerging genotype-phenotype correlation.	
25416187	2015	yes	PMC4935222	Journal Article; Review	10.1177/1535370214561952	Exp Biol Med (Maywood)	The fragile site WWOX gene and the developing brain.	
25417742	2015	yes		Journal Article; Research Support, Non-U.S. Gov't	10.1007/s12253-014-9820-8	Pathol Oncol Res	The Evaluation of WBP2NL-Related Genes Expression in Breast Cancer.	
25418192	2014	yes	PMC4308652	Journal Article; Research Support, Non-U.S. Gov't	10.5732/cjc.014.10209	Chin J Cancer	Investigation of osteosarcoma genomics and its impact on targeted therapy: an international collaboration to conquer human osteosarcoma.	
25432984	2015	yes	PMC4935226	Journal Article; Research Support, Non-U.S. Gov't; Review	10.1177/1535370214561588	Exp Biol Med (Maywood)	Role of WW domain proteins WWOX in development, prognosis, and treatment response of glioma.	
25447306	2015	no		Journal Article; Research Support, Non-U.S. Gov't; Retracted Publication	10.1016/j.yexcr.2014.10.004	Exp Cell Res	Hypoxia induced E-cadherin involving regulators of Hippo pathway due to HIF-1α stabilization/nuclear translocation in bone metastasis from breast carcinoma.	
25476151	2015	yes	PMC4935229	Journal Article; Research Support, Non-U.S. Gov't; Review	10.1177/1535370214561587	Exp Biol Med (Maywood)	Roles of the WWOX in pathogenesis and endocrine therapy of breast cancer.	
25488911	2015	yes	PMC4935232	Journal Article; Research Support, Non-U.S. Gov't; Review	10.1177/1535370214561957	Exp Biol Med (Maywood)	Strategies of oncogenic microbes to deal with WW domain-containing oxidoreductase.	
25491415	2015	yes	PMC4935230	Journal Article; Research Support, Non-U.S. Gov't; Review	10.1177/1535370214561956	Exp Biol Med (Maywood)	The tumor suppressor WW domain-containing oxidoreductase modulates cell metabolism.	
25502636	2014	yes		Journal Article	10.1159/000366372	Cell Physiol Biochem	WWOX suppresses cell growth and induces cell apoptosis via inhibition of P38 nuclear translocation in cholangiocarcinoma.	
25517572	2015	yes		Journal Article; Research Support, Non-U.S. Gov't	10.3109/15412555.2014.948993	COPD	The Functional Copy Number Variation-67048 in WWOX Contributes to Increased Risk of COPD in Southern and Eastern Chinese.	
25537520	2014	yes	PMC4322972	Journal Article; Research Support, Non-U.S. Gov't; Review	10.18632/oncotarget.2961	Oncotarget	WW domain-containing oxidoreductase in neuronal injury and neurological diseases.	
25538133	2015	yes	PMC4471953	Journal Article; Research Support, N.I.H., Extramural; Review	10.1177/1535370214561590	Exp Biol Med (Maywood)	WWOX: a fragile tumor suppressor.	
25539992	2015	yes	PMC13004254	Journal Article	10.1007/s13402-014-0213-5	Cell Oncol (Dordr)	Synergy of leptin/STAT3 with HER2 receptor induces tamoxifen resistance in breast cancer cells through regulation of apoptosis-related genes.	
25595185	2015	yes	PMC4935220	Journal Article; Research Support, Non-U.S. Gov't; Review	10.1177/1535370214565992	Exp Biol Med (Maywood)	WWOX, large common fragile site genes, and cancer.	
25595186	2015	yes	PMC4935231	Journal Article; Research Support, Non-U.S. Gov't; Review	10.1177/1535370214565990	Exp Biol Med (Maywood)	WWOX, the chromosomal fragile site FRA16D spanning gene: its role in metabolism and contribution to cancer.	
25595187	2015	yes	PMC4935234	Journal Article; Research Support, Non-U.S. Gov't	10.1177/1535370214565989	Exp Biol Med (Maywood)	Modulation of Sonic hedgehog signaling and WW domain containing oxidoreductase WOX1 expression enhances radiosensitivity of human glioblastoma cells.	
25595191	2015	yes	PMC4935227	Journal Article; Research Support, Non-U.S. Gov't; Review	10.1177/1535370214566747	Exp Biol Med (Maywood)	Regulation of cell signaling and apoptosis by tumor suppressor WWOX.	
25612104	2015	yes	PMC4303423	Journal Article	10.1371/journal.pone.0115353	PLoS One	Epigenetic and genetic alterations affect the WWOX gene in head and neck squamous cell carcinoma.	
25627656	2015	yes	PMC4935225	Journal Article; Research Support, Non-U.S. Gov't; Review	10.1177/1535370214565991	Exp Biol Med (Maywood)	Tyrosine phosphorylation of WW proteins.	
25649963	2015	yes	PMC4312067	Journal Article	10.7717/peerj.727	PeerJ	Loss of wwox expression in zebrafish embryos causes edema and alters Ca(2+) dynamics.	
25650666	2015	yes	PMC4414138	Journal Article; Research Support, Non-U.S. Gov't; Research Support, U.S. Gov't, Non-P.H.S.	10.18632/oncotarget.2876	Oncotarget	Trafficking protein particle complex 6A delta (TRAPPC6AΔ) is an extracellular plaque-forming protein in the brain.	
25659037	2015	yes	PMC4353244	Journal Article	10.4161/15384101.2014.977103	Cell Cycle	WWOX suppresses prostate cancer cell progression through cyclin D1-mediated cell cycle arrest in the G1 phase.	
25661340	2015	no		Journal Article; Research Support, Non-U.S. Gov't	10.1016/j.biopha.2014.11.008	Biomed Pharmacother	A miR-29c binding site genetic variant in the 3'-untranslated region of LAMTOR3 gene is associated with gastric cancer risk.	
25662954	2015	yes	PMC4374002	Journal Article; Research Support, N.I.H., Extramural; Research Support, Non-U.S. Gov't; Review	10.1177/1535370214561586	Exp Biol Med (Maywood)	Structural insights into the functional versatility of WW domain-containing oxidoreductase tumor suppressor.	
25678599	2015	yes		Journal Article; Research Support, Non-U.S. Gov't	10.1158/1541-7786.MCR-14-0180	Mol Cancer Res	The Tumor-Suppressor WWOX and HDAC3 Inhibit the Transcriptional Activity of the β-Catenin Coactivator BCL9-2 in Breast Cancer Cells.	
25681467	2015	yes	PMC4935223	Journal Article; Research Support, Non-U.S. Gov't; Review	10.1177/1535370214561953	Exp Biol Med (Maywood)	Alteration of WWOX in human cancer: a clinical view.	
25703206	2015	yes	PMC4376589	Journal Article; Research Support, N.I.H., Extramural; Research Support, Non-U.S. Gov't	10.1002/jmr.2419	J Mol Recognit	Allostery mediates ligand binding to WWOX tumor suppressor via a conformational switch.	
25708809	2015	yes	PMC4414157	Journal Article; Research Support, Non-U.S. Gov't	10.18632/oncotarget.2927	Oncotarget	MicroRNA-153 promotes Wnt/β-catenin activation in hepatocellular carcinoma through suppression of WWOX.	
25710931	2015	yes	PMC4436281	Journal Article; Research Support, Non-U.S. Gov't; Review	10.1177/1535370214566558	Exp Biol Med (Maywood)	Versatile communication strategies among tandem WW domain repeats.	
25716914	2015	no		Case Reports; Journal Article	10.1038/jhg.2015.17	J Hum Genet	WWOX and severe autosomal recessive epileptic encephalopathy: first case in the prenatal period.	
25720522	2015	no		Journal Article; Research Support, Non-U.S. Gov't	10.1007/s12032-015-0525-y	Med Oncol	Aberrant gene promoter methylation of p16, FHIT, CRBP1, WWOX, and DLC-1 in Epstein-Barr virus-associated gastric carcinomas.	
25738261	2015	no		Journal Article; Research Support, Non-U.S. Gov't	10.3892/ijo.2015.2910	Int J Oncol	ACK1 promotes hepatocellular carcinoma progression via downregulating WWOX and activating AKT signaling.	
25779665	2015	yes	PMC4480731	Journal Article; Research Support, Non-U.S. Gov't; Research Support, U.S. Gov't, Non-P.H.S.	10.18632/oncotarget.3153	Oncotarget	UV irradiation/cold shock-mediated apoptosis is switched to bubbling cell death at low temperatures.	
25789010	2015	yes	PMC4356412	Journal Article	10.3892/ol.2015.2971	Oncol Lett	Ectopic expression of the WWOX gene suppresses stemness of human ovarian cancer stem cells.	
25802472	2015	yes	PMC4935221	Introductory Journal Article; Research Support, Non-U.S. Gov't; Research Support, U.S. Gov't, Non-P.H.S.	10.1177/1535370215574226	Exp Biol Med (Maywood)	Introduction to a thematic issue for WWOX.	
25891642	2015	yes	PMC4464321	Journal Article	10.3892/mmr.2015.3640	Mol Med Rep	Effect of the WWOX gene on the regulation of the cell cycle and apoptosis in human ovarian cancer stem cells.	
25892250	2015	no		Journal Article; Research Support, Non-U.S. Gov't	10.3892/ijo.2015.2964	Int J Oncol	The role of WWOX tumor suppressor gene in the regulation of EMT process via regulation of CDH1-ZEB1-VIM expression in endometrial cancer.	
25906126	2016	no		Journal Article	10.1097/PAI.0000000000000193	Appl Immunohistochem Mol Morphol	High Coexpression of Runt-related Transcription Factor 2 (RUNX2) and p53 Independently Predicts Early Tumor Recurrence in Bladder Urothelial Carcinoma Patients.	
25925209	2015	no		Journal Article; Research Support, Non-U.S. Gov't	10.1016/j.gene.2015.04.065	Gene	Differential expressions of cancer-associated genes and their regulatory miRNAs in colorectal carcinoma.	
25934800	2015	yes	PMC4477653	Journal Article; Research Support, N.I.H., Extramural; Research Support, Non-U.S. Gov't	10.1093/nar/gkv419	Nucleic Acids Res	Signatures of accelerated somatic evolution in gene promoters in multiple cancer types.	
26009879	2015	no		Journal Article	10.1002/ijc.29613	Int J Cancer	Concurrent deletion of 16q23 and PTEN is an independent prognostic feature in prostate cancer.	
26010871	2015	yes	PMC4444253	Journal Article; Research Support, Non-U.S. Gov't	10.1371/journal.pone.0126526	PLoS One	Death Receptor-Induced Apoptosis Signalling Regulation by Ezrin Is Cell Type Dependent and Occurs in a DISC-Independent Manner in Colon Cancer Cells.	
26041563	2015	yes	PMC4453100	Journal Article; Research Support, Non-U.S. Gov't; Retracted Publication	10.1186/s12943-015-0389-y	Mol Cancer	HGF and TGFβ1 differently influenced Wwox regulatory function on Twist program for mesenchymal-epithelial transition in bone metastatic versus parental breast carcinoma cells.	
26055163	2015	yes	PMC4459054	Biography; Historical Article; Journal Article; Portrait	10.1186/s12929-015-0148-9	J Biomed Sci	In Memoriam: Shur-Tzu (Su) Chen, a pioneer in tumor suppressor WWOX for neuroscience.	
26070663	2015	yes	PMC4484391	Journal Article; Research Support, N.I.H., Extramural	10.1101/gr.191247.115	Genome Res	Unbalanced translocations arise from diverse mutational mechanisms including chromothripsis.	
26120275	2015	yes	PMC4480446	Journal Article; Research Support, Non-U.S. Gov't		Mol Vis	Expression of WW domain-containing oxidoreductase WWOX in pterygium.	
26166818	2015	no		Journal Article; Research Support, Non-U.S. Gov't	10.1016/j.bbrc.2015.07.021	Biochem Biophys Res Commun	MicroRNA-134 regulates lung cancer cell H69 growth and apoptosis by targeting WWOX gene and suppressing the ERK1/2 signaling pathway.	
26174610	2015	no		Journal Article; Research Support, Non-U.S. Gov't	10.1111/exd.12809	Exp Dermatol	Identification of a possible susceptibility locus for UVB-induced skin tanning phenotype in Korean females using genomewide association study.	
26238973	2015	no		Journal Article; Research Support, Non-U.S. Gov't	10.1038/ijo.2015.144	Int J Obes (Lond)	A novel gene THSD7A is associated with obesity.	
26256646	2015	yes	PMC4542681	Journal Article; Research Support, Non-U.S. Gov't	10.1038/srep12959	Sci Rep	Tumor Suppressor WWOX inhibits osteosarcoma metastasis by modulating RUNX2 function.	
26302329	2015	yes	PMC4547717	Journal Article; Research Support, Non-U.S. Gov't	10.1371/journal.pone.0136356	PLoS One	Tumor Suppressor WWOX Contributes to the Elimination of Tumorigenic Cells in Drosophila melanogaster.	
26345274	2015	no		Case Reports; Journal Article	10.1002/ajmg.a.37363	Am J Med Genet A	Severe CNS involvement in WWOX mutations: Description of five new cases.	
26355344	2015	yes	PMC4650446	News; Research Support, Non-U.S. Gov't	10.1038/cddis.2015.251	Cell Death Dis	A cascade of protein aggregation bombards mitochondria for neurodegeneration and apoptosis under WWOX deficiency.	
26390919	2015	no		Journal Article; Research Support, N.I.H., Extramural; Research Support, Non-U.S. Gov't	10.1002/gcc.22286	Genes Chromosomes Cancer	Tumor suppressor WWOX moderates the mitochondrial respiratory complex.	
26458445	2015	no		English Abstract; Journal Article	10.11406/rinketsu.56.2056	Rinsho Ketsueki	[Recent advancements in molecular cytogenetics for hematological malignancies: identification of novel PVT1 fusion genes].	
26499798	2015	yes	PMC4692203	Journal Article; Review	10.1074/jbc.R115.676346	J Biol Chem	Pleiotropic Functions of Tumor Suppressor WWOX in Normal and Cancer Cells.	
26516139	2016	no		Journal Article; Research Support, Non-U.S. Gov't	10.1038/cgt.2015.56	Cancer Gene Ther	Adenovirus-delivered wwox inhibited lung cancer growth in vivo in a mouse model.	
26592150	2015	no		Journal Article; Research Support, Non-U.S. Gov't	10.1016/j.febslet.2015.11.028	FEBS Lett	Pc2-mediated SUMOylation of WWOX is essential for its suppression of DU145 prostate tumorigenesis.	
26607080	2015	no		Journal Article		Nan Fang Yi Ke Da Xue Xue Bao	[Expressions of WWOX and CD133 in colorectal cancer and their clinical significance].	
26675548	2016	yes	PMC4826209	Journal Article; Research Support, Non-U.S. Gov't	10.18632/oncotarget.6571	Oncotarget	WWOX modulates the ATR-mediated DNA damage checkpoint response.	
26820701	2016	no		Journal Article; Research Support, Non-U.S. Gov't	10.3892/ijmm.2016.2469	Int J Mol Med	The influence of the WWOX gene on the regulation of biological processes during endometrial carcinogenesis.	
26857392	2016	yes	PMC4859408	Journal Article; Research Support, Non-U.S. Gov't	10.1093/jnci/djv387	J Natl Cancer Inst	Relevance of Sp Binding Site Polymorphism in WWOX for Treatment Outcome in Pancreatic Cancer.	
26902998	2016	yes	PMC4763216	Journal Article; Multicenter Study; Research Support, Non-U.S. Gov't	10.1038/srep21716	Sci Rep	The role of WWOX polymorphisms on COPD susceptibility and pulmonary function traits in Chinese: a case-control study and family-based analysis.	
26910372	2016	yes	PMC4941300	Journal Article	10.18632/oncotarget.7546	Oncotarget	Genetic association study identifies a functional CNV in the WWOX gene contributes to the risk of intracranial aneurysms.	
26929649	2016	yes	PMC4767064	Journal Article	10.2147/OTT.S99106	Onco Targets Ther	Association of polymorphisms in WWOX gene with risk and outcome of osteosarcoma in a sample of the young Chinese population.	
27075929	2016	yes	PMC4950269	Journal Article; Research Support, Non-U.S. Gov't; Review	10.1177/1535370216644531	Exp Biol Med (Maywood)	Bubbling cell death: A hot air balloon released from the nucleus in the cold.	
27094129	2016	no		Journal Article	10.1093/hmg/ddw112	Hum Mol Genet	Identification of a novel susceptibility locus at 16q23.1 associated with childhood acute lymphoblastic leukemia in Han Chinese.	
27121845	2016	no		Journal Article	10.1007/s11011-016-9827-9	Metab Brain Dis	Novel mutations in WWOX, RARS2, and C10orf2 genes in consanguineous Arab families with intellectual disability.	
27162544	2016	yes	PMC4860802	Journal Article	10.7150/jca.13437	J Cancer	Combining Telomerase Reverse Transcriptase Genetic Variant rs2736100 with Epidemiologic Factors in the Prediction of Lung Cancer Susceptibility.	
27190995	2016	yes	PMC4842385	Journal Article	10.1155/2016/6594039	Biomed Res Int	WWOX CNV-67048 Functions as a Risk Factor for Epithelial Ovarian Cancer in Chinese Women by Negatively Interacting with Oral Contraceptive Use.	
27234387	2013	yes	PMC6733429	Journal Article	10.1186/2213-0802-1-5	Transl Respir Med	Self-aggregating TIAF1 in lung cancer progression.	
27234396	2013	yes	PMC4715152	Journal Article; Review	10.1186/2213-0802-1-15	Transl Respir Med	Role of WWOX and NF-κB in lung cancer progression.	
27308416	2015	yes	PMC4904998	Journal Article	10.4161/23723548.2014.965640	Mol Cell Oncol	WWOX loss activates aerobic glycolysis.	
27308504	2015	yes	PMC4905350	Journal Article	10.1080/23723556.2015.1008288	Mol Cell Oncol	WWOX guards genome stability by activating ATM.	
27313745	2016	yes	PMC4888223	Journal Article	10.3892/ol.2016.4495	Oncol Lett	Reduced expression of the WW domain-containing oxidoreductase in human hematopoietic malignancies.	
27339895	2016	yes	PMC5016130	Journal Article; Research Support, Non-U.S. Gov't; Research Support, U.S. Gov't, Non-P.H.S.	10.1074/jbc.M116.716167	J Biol Chem	Role of WW Domain-containing Oxidoreductase WWOX in Driving T Cell Acute Lymphoblastic Leukemia Maturation.	
27352332	2015	no		Journal Article	10.1007/s12013-015-0654-0	Cell Biochem Biophys	Ectopic WWOX Expression Inhibits Growth of 5637 Bladder Cancer Cell In Vitro and In Vivo.	
27495153	2016	yes	PMC4975905	Case Reports; Journal Article	10.1186/s12881-016-0317-z	BMC Med Genet	W44X mutation in the WWOX gene causes intractable seizures and developmental delay: a case report.	
27501229	2016	yes	PMC4976893	Journal Article	10.1371/journal.pone.0160901	PLoS One	Genomic Alteration in Head and Neck Squamous Cell Carcinoma (HNSCC) Cell Lines Inferred from Karyotyping, Molecular Cytogenetics, and Array Comparative Genomic Hybridization.	
27550453	2016	yes	PMC5146760	Journal Article; Research Support, N.I.H., Extramural; Research Support, Non-U.S. Gov't	10.1158/0008-5472.CAN-16-0621	Cancer Res	WWOX and p53 Dysregulation Synergize to Drive the Development of Osteosarcoma.	
27551439	2015	yes	PMC4981022	Journal Article	10.1038/cddiscovery.2015.3	Cell Death Discov	WWOX dysfunction induces sequential aggregation of TRAPPC6AΔ, TIAF1, tau and amyloid β, and causes apoptosis.	
27551470	2015	yes	PMC4979517	Journal Article	10.1038/cddiscovery.2015.40	Cell Death Discov	Current questions and controversies in chromosome fragile site research: does WWOX, the gene product of common fragile site FRA16D, have a passive or active role in cancer?	
27569545	2016	yes	PMC5011063	Journal Article; Research Support, N.I.H., Extramural; Research Support, Non-U.S. Gov't	10.1016/j.ajhg.2016.06.036	Am J Hum Genet	Rare Inherited and De Novo CNVs Reveal Complex Contributions to ASD Risk in Multiplex Families.	
27572307	2016	yes	PMC5341872	Journal Article	10.18632/oncotarget.11625	Oncotarget	Oncogenic roles of the SETDB2 histone methyltransferase in gastric cancer.	
27596295	2016	no		Journal Article	10.4149/neo_2016_614	Neoplasma	Genetic diversity of urinary bladder cancer and the risk of recurrence based on mutation analysis.	
27655721	2016	yes	PMC5342485	Journal Article	10.18632/oncotarget.12082	Oncotarget	Functional genetic variant in the Kozak sequence of WW domain-containing oxidoreductase (WWOX) gene is associated with oral cancer risk.	
27773744	2017	yes	PMC7213024	Journal Article	10.1016/j.jbior.2016.09.008	Adv Biol Regul	Fhit and Wwox loss-associated genome instability: A genome caretaker one-two punch.	
27834355	2016	no		Journal Article	10.1038/cgt.2016.59	Cancer Gene Ther	WWOX inhibits the invasion of lung cancer cells by downregulating RUNX2.	
27840941	2016	no		Journal Article	10.3892/ijmm.2016.2800	Int J Mol Med	Deregulated WWOX is involved in a negative feedback loop with microRNA-214-3p in osteosarcoma.	
27845895	2017	yes	PMC5386674	Journal Article	10.18632/oncotarget.13268	Oncotarget	Hyaluronan activates Hyal-2/WWOX/Smad4 signaling and causes bubbling cell death when the signaling complex is overexpressed.	
27869163	2017	yes	PMC5398941	Journal Article; Research Support, N.I.H., Extramural; Research Support, Non-U.S. Gov't	10.1038/onc.2016.389	Oncogene	Wwox-Brca1 interaction: role in DNA repair pathway choice.	
27999774	2016	yes	PMC5138198	Journal Article; Review	10.3389/fcell.2016.00141	Front Cell Dev Biol	HYAL-2-WWOX-SMAD4 Signaling in Cell Death and Anticancer Response.	
28045433	2017	yes	PMC5297710	Comparative Study; Journal Article; Review	10.3390/ijms18010075	Int J Mol Sci	Functions and Epigenetic Regulation of Wwox in Bone Metastasis from Breast Carcinoma: Comparison with Primary Tumors.	
28123895	2016	yes	PMC5214935	Journal Article; Research Support, Non-U.S. Gov't	10.1080/2162402X.2016.1253653	Oncoimmunology	The non-inflammatory role of C1q during Her2/neu-driven mammary carcinogenesis.	
28130116	2017	no		Journal Article; Research Support, Non-U.S. Gov't	10.1016/j.mce.2017.01.037	Mol Cell Endocrinol	Diagnostic yield of targeted gene panel sequencing to identify the genetic etiology of disorders of sex development.	
28151481	2017	yes	PMC5386451	Journal Article; Retracted Publication	10.1038/cddis.2016.403	Cell Death Dis	Epigenetic regulation of HGF/Met receptor axis is critical for the outgrowth of bone metastasis from breast carcinoma.	
28199992	2016	no		Journal Article; Review	10.1159/000455753	Cytogenet Genome Res	Fragile Genes That Are Frequently Altered in Cancer: Players Not Passengers.	
28280357	2017	yes	PMC5338983	Journal Article	10.2147/OTT.S125185	Onco Targets Ther	A new tumor suppressor lncRNA RP11-190D6.2 inhibits the proliferation, migration, and invasion of epithelial ovarian cancer cells.	
28283473	2017	yes	PMC5495942	Journal Article; Research Support, N.I.H., Extramural	10.1152/ajplung.00034.2017	Am J Physiol Lung Cell Mol Physiol	Loss of lung WWOX expression causes neutrophilic inflammation.	
28373548	2017	yes	PMC5402418	Expression of Concern; Journal Article	10.1073/pnas.1704296114	Proc Natl Acad Sci U S A	Editorial Expression of Concern: WWOX gene restoration prevents lung cancer growth in vitro and in vivo.	
28386169	2017	yes	PMC5372377	Journal Article	10.1016/j.sjbs.2017.01.014	Saudi J Biol Sci	Establishment of apoptotic regulatory network for genetic markers of colorectal cancer.	
28386190	2017	yes	PMC5372422	Journal Article	10.1016/j.sjbs.2017.01.036	Saudi J Biol Sci	Establishment of apoptotic regulatory network for genetic markers of colorectal cancer and optimal selection of traditional Chinese medicine target.	
28426730	2017	yes	PMC5398630	Journal Article	10.1371/journal.pone.0176141	PLoS One	Functional genetic variant of WW domain-containing oxidoreductase (WWOX) gene is associated with hepatocellular carcinoma risk.	
28494505	2017	no		Journal Article; Research Support, Non-U.S. Gov't	10.1002/ijc.30778	Int J Cancer	Genome-wide analysis of somatic copy number alterations and chromosomal breakages in osteosarcoma.	
28496150	2017	yes	PMC5431818	Journal Article; Research Support, Non-U.S. Gov't	10.1038/s41598-017-01875-1	Sci Rep	Long non-coding RNA PARTICLE bridges histone and DNA methylation.	
28521426	2017	yes	PMC5431404	Journal Article	10.3892/ol.2017.5850	Oncol Lett	Exploring the mechanism of WWOX growth inhibitory effects on oral squamous cell carcinoma.	
28523049	2017	yes	PMC5432716	Journal Article	10.12669/pjms.332.11687	Pak J Med Sci	Expression of CD133, E-cadherin and WWOX in colorectal cancer and related analysis.	
28695683	2018	no		Journal Article	10.1111/ajco.12745	Asia Pac J Clin Oncol	Combinations of single nucleotide polymorphisms WWOX-rs13338697, GALNT14-rs9679162 and rs6025211 effectively stratify outcomes of chemotherapy in advanced hepatocellular carcinoma.	
28708106	2017	yes	PMC6152263	Journal Article	10.3390/molecules22071175	Molecules	Evodiamine Exerts an Anti-Hepatocellular Carcinoma Activity through a WWOX-Dependent Pathway.	
28721938	2017	no		Case Reports; Journal Article	10.1684/epd.2017.0924	Epileptic Disord	Practical clues for diagnosing WWOX encephalopathy.	
28724435	2017	yes	PMC5518133	Journal Article; Research Support, Non-U.S. Gov't; Review	10.1186/s12943-017-0693-9	Mol Cancer	WW domain-binding protein 2: an adaptor protein closely linked to the development of breast cancer.	
28742274	2017	yes	PMC5603408	Journal Article	10.1002/ajmg.a.38350	Am J Med Genet A	Whole exome sequencing identified genetic variations in Chinese hemangioblastoma patients.	
28749468	2017	yes	PMC5550887	Journal Article	10.1038/cddis.2017.346	Cell Death Dis	WWOX sensitises ovarian cancer cells to paclitaxel via modulation of the ER stress response.	
28763065	2017	yes	PMC5611727	Journal Article; Research Support, N.I.H., Extramural; Research Support, Non-U.S. Gov't	10.1038/tp.2017.159	Transl Psychiatry	Genome-wide association analysis identifies common variants influencing infant brain volumes.	
28769061	2017	yes	PMC5541130	Journal Article; Research Support, Non-U.S. Gov't	10.1038/s41598-017-07295-5	Sci Rep	PARTICLE triplexes cluster in the tumor suppressor WWOX and may extend throughout the human genome.	
28787462	2017	yes	PMC5546722	Journal Article	10.1371/journal.pone.0182610	PLoS One	Novel near-diploid ovarian cancer cell line derived from a highly aneuploid metastatic ovarian tumor.	
28943951	2017	yes	PMC5605961	Journal Article	10.3892/ol.2017.6672	Oncol Lett	Recurrent alterations of the WW domain containing oxidoreductase gene spanning the common fragile site FRA16D in multiple myeloma and monoclonal gammopathy of undetermined significance.	
28977834	2017	yes	PMC5617394	Journal Article	10.18632/oncotarget.17126	Oncotarget	Decreased WWOX expression promotes angiogenesis in osteosarcoma.	
29067327	2017	yes	PMC5651433	Journal Article	10.1016/j.trci.2017.02.001	Alzheimers Dement (N Y)	Zfra restores memory deficits in Alzheimer's disease triple-transgenic mice by blocking aggregation of TRAPPC6AΔ, SH3GLB2, tau, and amyloid β, and inflammatory NF-κB activation.	
29069730	2017	yes	PMC5641073	Journal Article	10.18632/oncotarget.17776	Oncotarget	Inhibition of colorectal cancer genomic copy number alterations and chromosomal fragile site tumor suppressor FHIT and WWOX deletions by DNA mismatch repair.	
29085479	2017	yes	PMC5649648	Journal Article	10.3892/ol.2017.6747	Oncol Lett	Correlation between osteosarcoma and the expression of WWOX and p53.	
29100284	2017	yes	PMC5652678	Journal Article	10.18632/oncotarget.18373	Oncotarget	Exosomes containing differential expression of microRNA and mRNA in osteosarcoma that can predict response to chemotherapy.	
29108237	2017	yes	PMC5667970	Journal Article	10.18632/oncotarget.19228	Oncotarget	The circRNA interactome-innovative hallmarks of the intra- and extracellular radiation response.	
29152092	2017	yes	PMC5675644	Journal Article	10.18632/oncotarget.21086	Oncotarget	The long non-coding RNA PARTICLE is associated with WWOX and the absence of FRA16D breakage in osteosarcoma patients.	
29164763	2018	yes	PMC5783854	Journal Article; Research Support, Non-U.S. Gov't	10.1111/jcmm.13456	J Cell Mol Med	TMEM207 hinders the tumour suppressor function of WWOX in oral squamous cell carcinoma.	
29200707	2017	yes	PMC5687000	Journal Article	10.4103/ijmpo.ijmpo_125_17	Indian J Med Paediatr Oncol	WWOX rs11644322 Polymorphism, Gemcitabine, and Pancreatic Cancer.	
29310145	2018	yes	PMC10309299	Journal Article	10.1055/s-0037-1618597	Rev Bras Ginecol Obstet	Immunohistochemical WWOX Expression and Association with Angiogenesis, p53 Expression, Cell Proliferation and Clinicopathological Parameters in Cervical Cancer.	
29310447	2018	yes	PMC5788152	Journal Article; Research Support, Non-U.S. Gov't; Research Support, U.S. Gov't, Non-P.H.S.; Review	10.1177/1535370217752350	Exp Biol Med (Maywood)	Phosphorylation/de-phosphorylation in specific sites of tumor suppressor WWOX and control of distinct biological events.	
29361163	2018	no		Journal Article; Meta-Analysis	10.1093/ecco-jcc/jjy001	J Crohns Colitis	Genomic and Expression Analyses Identify a Disease-Modifying Variant for Fibrostenotic Crohn's Disease.	
29390993	2018	yes	PMC5796507	Journal Article; Research Support, Non-U.S. Gov't	10.1186/s12920-018-0320-7	BMC Med Genomics	Efficient strategy for the molecular diagnosis of intractable early-onset epilepsy using targeted gene sequencing.	
29481666	2018	yes	PMC5905595	Journal Article; Research Support, N.I.H., Extramural; Research Support, N.I.H., Intramural; Research Support, Non-U.S. Gov't	10.1093/hmg/ddy067	Hum Mol Genet	Identification of seven novel loci associated with amino acid levels using single-variant and gene-based tests in 8545 Finnish men from the METSIM study.	
29551923	2017	yes	PMC5851908	Journal Article	10.1016/j.sjbs.2017.11.012	Saudi J Biol Sci	Establishment of optimal regulatory network of colorectal cancer based on p42.3 protein.	
29581896	2018	yes	PMC5864757	Journal Article	10.1038/s41420-018-0047-4	Cell Death Discov	Chasing the signaling run by tri-molecular time-lapse FRET microscopy.	
29662317	2018	yes	PMC5892619	Journal Article	10.2147/OTT.S152140	Onco Targets Ther	Association between WWOX and the risk of malignant tumor, especially among Asians: evidence from a meta-analysis.	
29675105	2018	yes	PMC5907672	Journal Article	10.7150/jca.23808	J Cancer	Association of WWOX rs9926344 polymorphism with poor prognosis of hepatocellular carcinoma.	
29724996	2018	yes	PMC5938702	Journal Article; Research Support, Non-U.S. Gov't	10.1038/s41419-018-0510-4	Cell Death Dis	WWOX controls hepatic HIF1α to suppress hepatocyte proliferation and neoplasia.	
29764119	2019	yes	PMC6333986	Journal Article	10.4143/crt.2018.157	Cancer Res Treat	Founder Mutations for Early Onset Melanoma as Revealed by Whole Exome Sequencing Suggests That This is Not Associated with the Increasing Incidence of Melanoma in Poland.	
29808465	2018	no		Case Reports; Journal Article	10.1007/s10048-018-0549-5	Neurogenetics	A novel missense variant in the SDR domain of the WWOX gene leads to complete loss of WWOX protein with early-onset epileptic encephalopathy and severe developmental delay.	
29845204	2018	yes	PMC6059707	Journal Article	10.3892/mmr.2018.9058	Mol Med Rep	LncRNA WWOX‑AS1 inhibits the proliferation, migration and invasion of osteosarcoma cells.	
29852413	2018	yes		Journal Article	10.1016/j.seizure.2018.05.005	Seizure	Diagnostic yield of targeted massively parallel sequencing in children with epileptic encephalopathy.	
29905011	2018	yes	PMC6051234	Journal Article	10.1002/cam4.1591	Cancer Med	Low expression of WW domain-containing oxidoreductase associates with hepatocellular carcinoma aggressiveness and recurrence after curative resection.	
30013442	2018	yes	PMC6036151	Journal Article	10.7150/ijms.25553	Int J Med Sci	Relationship of genetic variant distributions of WW domain-containing oxidoreductase gene with uterine cervical cancer.	
30082886	2018	yes	PMC6079009	Journal Article; Research Support, Non-U.S. Gov't	10.1038/s41419-018-0896-z	Cell Death Dis	Somatic loss of WWOX is associated with TP53 perturbation in basal-like breast cancer.	
30094525	2018	no		Case Reports; Journal Article	10.1007/s10072-018-3528-6	Neurol Sci	WWOX-associated encephalopathies: identification of the phenotypic spectrum and the resulting genotype-phenotype correlation.	
30154439	2018	yes	PMC6113304	Journal Article; Research Support, Non-U.S. Gov't	10.1038/s41467-018-05852-8	Nat Commun	Loss of Wwox drives metastasis in triple-negative breast cancer by JAK2/STAT3 axis.	
30158849	2018	yes	PMC6104168	Journal Article; Review	10.3389/fnins.2018.00563	Front Neurosci	WWOX Phosphorylation, Signaling, and Role in Neurodegeneration.	
30211123	2018	yes	PMC6121138	Journal Article; Review	10.3389/fonc.2018.00345	Front Oncol	WWOX Tumor Suppressor Gene in Breast Cancer, a Historical Perspective and Future Directions.	
30214895	2018	yes	PMC6125347	Journal Article; Review	10.3389/fonc.2018.00350	Front Oncol	Cancerous Protein Network That Inhibits the Tumor Suppressor Function of WW Domain-Containing Oxidoreductase (WWOX) by Aberrantly Expressed Molecules.	
30242144	2018	yes	PMC6166521	Journal Article	10.12659/MSM.909675	Med Sci Monit	Expression of B Cell-Specific Moloney Murine Leukemia Virus Integration Site 1 (BMI-1) and WW Domain-Containing Oxidoreductase (WWOX) in Liver Cancer Tissue and Normal Liver Tissue.	
30285739	2018	yes	PMC6169085	Journal Article; Research Support, Non-U.S. Gov't	10.1186/s12915-018-0576-6	BMC Biol	VOPP1 promotes breast tumorigenesis by interacting with the tumor suppressor WWOX.	
30290271	2019	yes	PMC7104842	Journal Article; Research Support, Non-U.S. Gov't; Research Support, U.S. Gov't, Non-P.H.S.	10.1016/j.nbd.2018.09.026	Neurobiol Dis	Wwox deletion leads to reduced GABA-ergic inhibitory interneuron numbers and activation of microglia and astrocytes in mouse hippocampus.	
30307120	2018	yes	PMC6275841	Journal Article	10.1111/1759-7714.12824	Thorac Cancer	Inhibition of miR-24 suppresses malignancy of human non-small cell lung cancer cells by targeting WWOX in vitro and in vivo.	
30335523	2018	yes	PMC6434457	Journal Article; Research Support, Non-U.S. Gov't	10.1177/1535370218806455	Exp Biol Med (Maywood)	The downregulation of WWOX induces epithelial-mesenchymal transition and enhances stemness and chemoresistance in breast cancer.	
30350478	2019	no		Journal Article; Research Support, Non-U.S. Gov't; Review	10.1002/gcc.22693	Genes Chromosomes Cancer	WWOX, the FRA16D gene: A target of and a contributor to genomic instability.	
30356099	2019	yes	PMC6752669	Case Reports; Journal Article; Research Support, Non-U.S. Gov't; Review	10.1038/s41436-018-0339-3	Genet Med	The phenotypic spectrum of WWOX-related disorders: 20 additional cases of WOREE syndrome and review of the literature.	
30361190	2018	no		Case Reports; Journal Article	10.1684/epd.2018.1005	Epileptic Disord	West syndrome, developmental and epileptic encephalopathy, and severe CNS disorder associated with WWOX mutations.	
30362252	2019	yes	PMC6296882	Journal Article; Research Support, N.I.H., Intramural; Research Support, Non-U.S. Gov't	10.1002/humu.23675	Hum Mutat	Early infantile-onset epileptic encephalopathy 28 due to a homozygous microdeletion involving the WWOX gene in a region of uniparental disomy.	
30370248	2018	yes	PMC6194312	Journal Article; Review	10.3389/fonc.2018.00420	Front Oncol	Modeling WWOX Loss of Function in vivo: What Have We Learned?	
30385613	2019	yes	PMC6541205	Clinical Trial, Phase III; Journal Article; Multicenter Study; Randomized Controlled Trial; Research Support, N.I.H., Extramural; Research Support, Non-U.S. Gov't	10.1158/0008-5472.CAN-18-1089	Cancer Res	Genetic Variants of VEGFA and FLT4 Are Determinants of Survival in Renal Cell Carcinoma Patients Treated with Sorafenib.	
30468910	2019	no		Clinical Trial; Journal Article	10.1016/j.gene.2018.11.067	Gene	Generalizability and applicability of results obtained from populations of European descent regarding the effect direction and size of HDL-C level-associated genetic variants to the Hungarian general and Roma populations.	
30470736	2018	yes	PMC6251905	Published Erratum	10.1038/s41419-018-1158-9	Cell Death Dis	Author Correction: WWOX controls hepatic HIF1α to suppress hepatocyte proliferation and neoplasia.	
30529582	2019	yes	PMC6441622	Journal Article; Meta-Analysis; Research Support, N.I.H., Extramural; Research Support, Non-U.S. Gov't	10.1053/j.gastro.2018.11.066	Gastroenterology	Large-Scale Genome-Wide Association Study of East Asians Identifies Loci Associated With Risk for Colorectal Cancer.	
30619734	2018	yes	PMC6300493	Journal Article; Review	10.3389/fonc.2018.00580	Front Oncol	WW-Domain Containing Protein Roles in Breast Tumorigenesis.	
30619736	2018	yes	PMC6300487	Journal Article	10.3389/fonc.2018.00591	Front Oncol	Delineating WWOX Protein Interactome by Tandem Affinity Purification-Mass Spectrometry: Identification of Top Interactors and Key Metabolic Pathways Involved.	
30622118	2019	no		Journal Article	10.1158/0008-5472.CAN-18-0614	Cancer Res	WWOX Inhibits Metastasis of Triple-Negative Breast Cancer Cells via Modulation of miRNAs.	
30746283	2018	yes	PMC6368664	Journal Article	10.1515/tnsci-2018-0029	Transl Neurosci	Novel Homozygous Mutation in the WWOX Gene Causes Seizures and Global Developmental Delay: Report and Review.	
30755385	2019	yes	PMC6437662	Journal Article; Research Support, Non-U.S. Gov't	10.1016/j.molmet.2019.01.010	Mol Metab	WWOX somatic ablation in skeletal muscles alters glucose metabolism.	
30783266	2019	yes	PMC7608131	Published Erratum	10.1038/s41436-019-0460-y	Genet Med	Correction: The phenotypic spectrum of WWOX-related disorders: 20 additional cases of WOREE syndrome and review of the literature.	
30805310	2019	yes	PMC6378284	Journal Article; Review	10.3389/fonc.2019.00060	Front Oncol	WW Domain-Containing Proteins YAP and TAZ in the Hippo Pathway as Key Regulators in Stemness Maintenance, Tissue Homeostasis, and Tumorigenesis.	
30820047	2019	yes	PMC6463297	Journal Article; Meta-Analysis; Research Support, Non-U.S. Gov't	10.1038/s41588-019-0358-2	Nat Genet	Genetic meta-analysis of diagnosed Alzheimer's disease identifies new risk loci and implicates Aβ, tau, immunity and lipid processing.	
30853297	2019	no		Journal Article	10.1016/j.ejpn.2019.02.003	Eur J Paediatr Neurol	Novel WWOX deleterious variants cause early infantile epileptic encephalopathy, severe developmental delay and dysmorphism among Yemenite Jews.	
30859622	2019	no		Journal Article; Research Support, Non-U.S. Gov't	10.1002/gepi.22198	Genet Epidemiol	A network approach to prioritizing susceptibility genes for genome-wide association studies.	
30949922	2019	no		Case Reports; Journal Article; Research Support, Non-U.S. Gov't	10.1007/s10519-019-09957-8	Behav Genet	Exome Sequencing of Two Siblings with Sporadic Autism Spectrum Disorder and Severe Speech Sound Disorder Suggests Pleiotropic and Complex Effects.	
30987974	2019	no		Comment; Journal Article	10.1158/0008-5472.CAN-19-0416	Cancer Res	Quest for Tangible Biomarkers for Triple-Negative Breast Cancer.	
31008954	2019	yes	PMC6494285	Journal Article	10.1097/MD.0000000000015232	Medicine (Baltimore)	The clinicopathological significance of ubiquitin-conjugating enzyme E2C, leucine-rich repeated-containing G protein-coupled receptor, WW domain-containing oxidoreductase, and vasculogenic mimicry in invasive breast carcinoma.	
31056747	2019	no		Case Reports; Journal Article; Research Support, Non-U.S. Gov't	10.1002/path.5288	J Pathol	Germline mutation and aberrant transcripts of WWOX in a syndrome with multiple primary tumors.	
31058319	2019	no		Journal Article; Research Support, Non-U.S. Gov't	10.1002/jcp.28739	J Cell Physiol	PARTICLE - The RNA podium for genomic silencers.	
31075076	2019	yes	PMC6592247	Journal Article; Research Support, Non-U.S. Gov't; Review	10.1080/15384101.2019.1616998	Cell Cycle	Decoding the link between WWOX and p53 in aggressive breast cancer.	
31123603	2019	yes	PMC6529460	Journal Article	10.1038/s41420-019-0176-4	Cell Death Discov	Strategies by which WWOX-deficient metastatic cancer cells utilize to survive via dodging, compromising, and causing damage to WWOX-positive normal microenvironment.	
31145772	2019	yes		Journal Article	10.18388/abp.2020_5563	Acta Biochim Pol	East Asian Genome-wide association study derived loci in relation to type 2 diabetes in the Han Chinese population.	
31155927	2019	yes	PMC6879770	Journal Article; Research Support, Non-U.S. Gov't	10.1177/1535370219854678	Exp Biol Med (Maywood)	Downregulation of WW domain-containing oxidoreductase leads to tamoxifen-resistance by the inactivation of Hippo signaling.	
31230746	2019	no		Journal Article	10.1016/j.bbrc.2019.06.043	Biochem Biophys Res Commun	A long non-coding RNA TSLD8 inhibits hepatocellular carcinoma by stabilizing WWOX.	
31275852	2019	yes	PMC6593956	Journal Article	10.3389/fonc.2019.00517	Front Oncol	Wwox Deletion in Mouse B Cells Leads to Genomic Instability, Neoplastic Transformation, and Monoclonal Gammopathies.	
31315632	2019	yes	PMC6637503	Journal Article; Research Support, Non-U.S. Gov't; Research Support, U.S. Gov't, Non-P.H.S.	10.1186/s12964-019-0382-y	Cell Commun Signal	A p53/TIAF1/WWOX triad exerts cancer suppression but may cause brain protein aggregation due to p53/WWOX functional antagonism.	
31340538	2019	yes	PMC6678113	Journal Article	10.3390/ijms20143596	Int J Mol Sci	Loss of Wwox Causes Defective Development of Cerebral Cortex with Hypomyelination in a Rat Model of Lethal Dwarfism with Epilepsy.	
31353122	2019	no		Case Reports; Journal Article	10.1016/j.braindev.2019.07.005	Brain Dev	A 16q22.2-q23.1 deletion identified in a male infant with West syndrome.	
31370128	2019	yes		Journal Article; Randomized Controlled Trial	10.31128/AJGP-12-18-4795	Aust J Gen Pract	Oral corticosteroids for painful acute otitis externa (swimmer's ear): A triple-blind randomised controlled trial.	
31428585	2019	yes	PMC6688159	Editorial	10.3389/fonc.2019.00719	Front Oncol	Editorial: WW Domain Proteins in Signaling, Cancer Growth, Neural Diseases, and Metabolic Disorders.	
31456594	2019	yes	PMC6738003	Journal Article	10.12659/MSM.918676	Med Sci Monit	Circular RNA CircMTO1 Inhibits Proliferation of Glioblastoma Cells via miR-92/WWOX Signaling Pathway.	
31474505	2020	no		Journal Article; Multicenter Study; Research Support, Non-U.S. Gov't	10.1016/j.urolonc.2019.07.016	Urol Oncol	Functional genetic variant of WW domain containing oxidoreductase gene associated with urothelial cell carcinoma clinicopathologic characteristics and long-term survival.	
31532107	2019	no		Journal Article	10.7754/Clin.Lab.2019.190119	Clin Lab	High and Low WWOX Gene Expression Levels in Acute Myeloid Leukemia - a Real Time RT-PCR Study.	
31543760	2019	yes	PMC6730490	Journal Article	10.3389/fncel.2019.00391	Front Cell Neurosci	The WWOX Gene Influences Cellular Pathways in the Neuronal Differentiation of Human Neural Progenitor Cells.	
31611591	2020	no		Journal Article; Research Support, Non-U.S. Gov't	10.1038/s41397-019-0106-0	Pharmacogenomics J	A GALNT14 rs9679162 genotype-guided therapeutic strategy for advanced hepatocellular carcinoma: systemic or hepatic arterial infusion chemotherapy.	
31618474	2019	yes	PMC7423163	Journal Article; Research Support, N.I.H., Extramural; Research Support, Non-U.S. Gov't	10.1002/ana.25619	Ann Neurol	The Genetic Landscape of Epilepsy of Infancy with Migrating Focal Seizures.	
31669195	2019	no		Case Reports; Journal Article	10.1016/j.ijdevneu.2019.10.003	Int J Dev Neurosci	Novel compound heterozygous mutations in the WWOX gene cause early infantile epileptic encephalopathy.	
31745703	2020	yes	PMC6985087	Journal Article	10.1007/s00432-019-03078-9	J Cancer Res Clin Oncol	Transcriptome analysis reveals overlap in fusion genes in a phase I clinical cohort of TNBC and HGSOC patients treated with buparlisib and olaparib.	
31752354	2019	yes	PMC6895976	Journal Article	10.3390/cancers11111818	Cancers (Basel)	WWOX Possesses N-Terminal Cell Surface-Exposed Epitopes WWOX7-21 and WWOX7-11 for Signaling Cancer Growth Suppression and Prevention In Vivo.	
31933749	2019	yes	PMC6944017	Journal Article		Int J Clin Exp Pathol	The correlation of the expressions of WWOX, LGR5 and vasohibin-1 in epithelial ovarian cancer and their clinical significance.	
31938155	2018	yes	PMC6958009	Journal Article		Int J Clin Exp Pathol	Correlation of expression of WWOX and JNK with clinicopathologic features in human breast carcinoma.	
31966058	2020	yes	PMC6956397	Journal Article	10.3892/ol.2019.11213	Oncol Lett	Expression and clinical significance of WWOX, Elf5, Snail1 and EMT related factors in epithelial ovarian cancer.	
31966369	2017	yes	PMC6965803	Journal Article		Int J Clin Exp Pathol	Exogenous WWOX enhances apoptosis and weakens metastasis in CNE2 nasopharyngeal carcinoma cells through the intrinsic apoptotic pathway.	
31966508	2017	yes	PMC6966073	Journal Article		Int J Clin Exp Pathol	WWOX suppresses proliferation and induces apoptosis via G2 arrest and caspase 3 pathway in nasopharyngeal carcinoma cells.	
31966718	2017	yes	PMC6965410	Journal Article		Int J Clin Exp Pathol	EBV-LMP1 regulating AKT/mTOR signaling pathway and WWOX in nasopharyngeal carcinoma.	
31966760	2017	yes	PMC6965444	Journal Article		Int J Clin Exp Pathol	Expression of ORAOV1, CD133 and WWOX correlate with metastasis and prognosis in gastric adenocarcinoma.	
32000863	2020	yes	PMC6990504	Journal Article; Research Support, Non-U.S. Gov't	10.1186/s40478-020-0883-3	Acta Neuropathol Commun	Wwox deficiency leads to neurodevelopmental and degenerative neuropathies and glycogen synthase kinase 3β-mediated epileptic seizure activity in mice.	
32037574	2020	no		Case Reports; Journal Article	10.1002/jdn.10013	Int J Dev Neurosci	Early onset epileptic encephalopathy caused by novel compound heterozygous mutation of WWOX gene.	
32051108	2020	no		Case Reports; Journal Article	10.1684/epd.2020.1131	Epileptic Disord	A Chinese patient with epilepsy and WWOX compound heterozygous mutations.	
32081867	2020	yes	PMC7035424	Journal Article; Research Support, Non-U.S. Gov't	10.1038/s41598-020-59922-3	Sci Rep	An integrated analysis of rare CNV and exome variation in Autism Spectrum Disorder using the Infinium PsychArray.	
32096174	2020	yes		Journal Article; Research Support, Non-U.S. Gov't	10.26355/eurrev_202002_20154	Eur Rev Med Pharmacol Sci	WWOX regulates the Elf5/Snail1 pathway to affect epithelial-mesenchymal transition of ovarian carcinoma cells in vitro.	
32101017	2020	yes	PMC7578184	Journal Article	10.1089/cbr.2019.2978	Cancer Biother Radiopharm	MiR-214 Mediates Cell Proliferation and Apoptosis of Nasopharyngeal Carcinoma Through Targeting Both WWOX and PTEN.	
32132039	2020	no		Journal Article	10.21873/anticanres.14084	Anticancer Res	miR-187* Enhances SiHa Cervical Cancer Cell Oncogenicity Via Suppression of WWOX.	
32180796	2020	yes	PMC7057717	Journal Article	10.3389/fgene.2020.00123	Front Genet	Genetic Architecture of Carcass and Meat Quality Traits in Montana Tropical® Composite Beef Cattle.	
32185845	2020	no		Journal Article; Research Support, Non-U.S. Gov't; Research Support, U.S. Gov't, Non-P.H.S.	10.1002/cbic.202000032	Chembiochem	Phosphorylation of the WWOX Protein Regulates Its Interaction with p73.	
32214227	2020	yes	PMC7382450	Journal Article; Research Support, Non-U.S. Gov't	10.1038/s41431-020-0609-9	Eur J Hum Genet	First-line exome sequencing in Palestinian and Israeli Arabs with neurological disorders is efficient and facilitates disease gene discovery.	
32290755	2020	yes	PMC7518673	Journal Article; Research Support, Non-U.S. Gov't; Review	10.1080/15592294.2020.1748918	Epigenetics	Clinical epigenetics and multidrug-resistant bacterial infections: host remodelling in critical illness.	
32300104	2020	yes	PMC7162874	Journal Article; Research Support, Non-U.S. Gov't	10.1038/s41392-020-0136-8	Signal Transduct Target Ther	Pleiotropic tumor suppressor functions of WWOX antagonize metastasis.	
32314321	2020	no		Journal Article	10.1007/s10792-020-01368-7	Int Ophthalmol	Analysis of WWOX gene expression and protein levels in pterygium.	
32368285	2020	yes	PMC7196265	Journal Article	10.7150/jca.40840	J Cancer	Silencing of Wwox Increases Nuclear Import of Dvl proteins in Head and Neck Cancer.	
32389029	2020	yes	PMC7400721	Journal Article; Research Support, Non-U.S. Gov't; Review	10.1177/1535370220924618	Exp Biol Med (Maywood)	The WWOX gene in brain development and pathology.	
32509092	2020	yes	PMC7270669	Journal Article		Int J Clin Exp Pathol	Aberrant expression of WWOX and its association with cancer stem cell biomarker expression.	
32552875	2020	yes	PMC7301987	Clinical Trial, Phase I; Journal Article; Multicenter Study	10.1186/s12885-020-07038-2	BMC Cancer	Immune characterization of metastatic colorectal cancer patients post reovirus administration.	
32581702	2020	yes	PMC7300205	Journal Article	10.3389/fnins.2020.00644	Front Neurosci	Loss of Wwox Perturbs Neuronal Migration and Impairs Early Cortical Development.	
32606933	2020	yes	PMC7295110	Journal Article; Retracted Publication	10.2147/CMAR.S244573	Cancer Manag Res	LncRNA HOTAIRM1 Inhibits the Proliferation and Invasion of Lung Adenocarcinoma Cells via the miR-498/WWOX Axis.	
32617189	2020	yes	PMC7323713	Journal Article	10.7717/peerj.9294	PeerJ	Whole genome sequencing analysis identifies recurrent structural alterations in esophageal squamous cell carcinoma.	
32669614	2020	yes		Journal Article; Research Support, Non-U.S. Gov't	10.1038/s41374-020-0466-8	Lab Invest	The HNRNPA2B1-MST1R-Akt axis contributes to epithelial-to-mesenchymal transition in head and neck cancer.	
32764489	2020	yes	PMC7464583	Journal Article	10.3390/cancers12082189	Cancers (Basel)	Therapeutic Zfra4-10 or WWOX7-21 Peptide Induces Complex Formation of WWOX with Selective Protein Targets in Organs that Leads to Cancer Suppression and Spleen Cytotoxic Memory Z Cell Activation In Vivo.	
32799870	2020	yes	PMC7429703	Journal Article; Retraction Notice	10.1186/s12943-020-01242-1	Mol Cancer	Retraction Note: HGF and TGFβ1 differently influenced Wwox regulatory function on Twist program for mesenchymal-epithelial transition in bone metastatic versus parental breast carcinoma cells.	
32922661	2020	yes	PMC7456612	Journal Article	10.18632/oncotarget.27683	Oncotarget	The NKL-code for innate lymphoid cells reveals deregulated expression of NKL homeobox genes HHEX and HLX in anaplastic large cell lymphoma (ALCL).	
32931356	2020	yes	PMC7583509	Journal Article; Research Support, Non-U.S. Gov't	10.1080/15384047.2020.1806689	Cancer Biol Ther	LncRNA WWOX-AS1 sponges miR-20b-5p in hepatocellular carcinoma and represses its progression by upregulating WWOX.	
33058734	2021	yes	PMC7780991	Journal Article; Research Support, N.I.H., Extramural; Research Support, Non-U.S. Gov't	10.1165/rcmb.2020-0145OC	Am J Respir Cell Mol Biol	Cigarette Smoke and Nicotine-Containing Electronic-Cigarette Vapor Downregulate Lung WWOX Expression, Which Is Associated with Increased Severity of Murine Acute Respiratory Distress Syndrome.	
33074286	2021	yes	PMC7573798	Journal Article; Meta-Analysis; Research Support, N.I.H., Extramural	10.1001/jamaneurol.2020.3536	JAMA Neurol	Novel Alzheimer Disease Risk Loci and Pathways in African American Individuals Using the African Genome Resources Panel: A Meta-analysis.	
33105088	2021	yes	PMC7780999	Comment; Editorial; Research Support, N.I.H., Extramural; Research Support, U.S. Gov't, Non-P.H.S.	10.1165/rcmb.2020-0444ED	Am J Respir Cell Mol Biol	Loss of Endothelial WWOX: A Risk Factor for ARDS in Smokers?	
33129329	2020	yes	PMC7603737	Journal Article	10.1186/s12917-020-02638-3	BMC Vet Res	Characterization of WWOX expression and function in canine mast cell tumors and malignant mast cell lines.	
33191002	2021	no		Journal Article	10.1016/j.vetmic.2020.108919	Vet Microbiol	Virus-encoded miR-155 ortholog in Marek's disease virus promotes cell proliferation via suppressing apoptosis by targeting tumor suppressor WWOX.	
33195192	2020	yes	PMC7652735	Journal Article	10.3389/fcell.2020.558432	Front Cell Dev Biol	Wwox Deficiency Causes Downregulation of Prosurvival ERK Signaling and Abnormal Homeostatic Responses in Mouse Skin.	
33255508	2020	yes	PMC7727818	Journal Article; Review	10.3390/ijms21238922	Int J Mol Sci	WWOX Loss of Function in Neurodevelopmental and Neurodegenerative Disorders.	
33300063	2021	no		Journal Article	10.3892/mmr.2020.11754	Mol Med Rep	WWOX promotes apoptosis and inhibits autophagy in paclitaxel‑treated ovarian carcinoma cells.	
33455117	2020	yes		Journal Article		J BUON	Methylation of WWOX gene promotes proliferation of osteosarcoma cells.	
33520443	2021	yes	PMC7811782	Journal Article	10.7717/peerj.10604	PeerJ	Identification of a novel association for the WWOX/HIF1A axis with gestational diabetes mellitus (GDM).	
33536174	2021	yes	PMC8103691	Journal Article	10.1128/JVI.00121-21	J Virol	Angiomotin Counteracts the Negative Regulatory Effect of Host WWOX on Viral PPxY-Mediated Egress.	
33565365	2021	yes	PMC8013998	Journal Article; Research Support, Non-U.S. Gov't	10.1369/0022155421991629	J Histochem Cytochem	Cellular Expression and Subcellular Localization of Wwox Protein During Testicular Development and Spermatogenesis in Rats.	
33612478	2021	yes	PMC7950260	Journal Article; Research Support, Non-U.S. Gov't	10.18632/aging.202514	Aging (Albany NY)	Associations between TUBB-WWOX SNPs, their haplotypes, gene-gene, and gene-environment interactions and dyslipidemia.	
33629514	2022	no		Journal Article	10.1111/ajco.13518	Asia Pac J Clin Oncol	Expression of WW domain-containing oxidoreductase and its clinical implication in endometrial adenocarcinoma patients with metabolic syndrome.	
33629572	2021	no		Journal Article	10.1515/jpem-2020-0410	J Pediatr Endocrinol Metab	The utility of next-generation sequencing technologies in diagnosis of Mendelian mitochondrial diseases and reflections on clinical spectrum.	
33688485	2020	yes	PMC7936073	Journal Article	10.22088/IJMCM.BUMS.9.4.273	Int J Mol Cell Med	Downregulated Expression of WWOX in Cervical Carcinoma: A Case-Control Study.	
33691672	2021	yes	PMC7944886	Journal Article	10.1186/s12894-021-00806-7	BMC Urol	In vitro and in silico assessment of the effect of WWOX expression on invasiveness pathways associated with AP-2 transcription factors in bladder cancer.	
33718178	2021	yes	PMC7947623	Journal Article	10.3389/fonc.2021.621060	Front Oncol	Fragile Gene WWOX Guides TFAP2A/TFAP2C-Dependent Actions Against Tumor Progression in Grade II Bladder Cancer.	
33852427	2021	no		Journal Article	10.1530/EJE-20-1220	Eur J Endocrinol	Genome-wide association and transcriptome analysis suggests total serum ghrelin to be linked with GFRAL.	
33854788	2021	yes	PMC8025395	Journal Article	10.1002/gch2.202000088	Glob Chall	Metabolome-Genome-Wide Association Study (mGWAS) Reveals Novel Metabolites Associated with Future Type 2 Diabetes Risk and Susceptibility Loci in a Case-Control Study in a Chinese Prospective Cohort.	
33914858	2021	yes		Journal Article; Research Support, Non-U.S. Gov't	10.1093/brain/awab174	Brain	Neuronal deletion of Wwox, associated with WOREE syndrome, causes epilepsy and myelin defects.	
33916893	2021	yes	PMC8067556	Journal Article; Research Support, Non-U.S. Gov't; Review	10.3390/cells10040824	Cells	Neurological Disorders Associated with WWOX Germline Mutations-A Comprehensive Overview.	
33919646	2021	yes	PMC8072943	Journal Article; Systematic Review	10.3390/ijms22084202	Int J Mol Sci	Genetic Neonatal-Onset Epilepsies and Developmental/Epileptic Encephalopathies with Movement Disorders: A Systematic Review.	
33946771	2021	yes	PMC8145924	Journal Article; Research Support, Non-U.S. Gov't; Review	10.3390/cells10051051	Cells	Molecular Functions of WWOX Potentially Involved in Cancer Development.	
33958783	2021	yes	PMC8459648	Journal Article; Research Support, N.I.H., Extramural; Research Support, Non-U.S. Gov't	10.1038/s41588-021-00847-6	Nat Genet	Genome-wide survival study identifies a novel synaptic locus and polygenic score for cognitive progression in Parkinson's disease.	
33963278	2021	no		Journal Article; Multicenter Study; Observational Study; Research Support, N.I.H., Extramural; Research Support, Non-U.S. Gov't	10.1038/s41380-021-01084-3	Mol Psychiatry	Integration of peripheral transcriptomics, genomics, and interactomics following trauma identifies causal genes for symptoms of post-traumatic stress and major depression.	
34015398	2021	no		Journal Article; Research Support, Non-U.S. Gov't	10.1016/j.canlet.2021.05.010	Cancer Lett	WWOX activation by toosendanin suppresses hepatocellular carcinoma metastasis through JAK2/Stat3 and Wnt/β-catenin signaling.	
34034642	2021	no		Journal Article	10.1080/01616412.2021.1932173	Neurol Res	Recently defined epileptic encephalopathy related to WWOX gene mutation: six patients and new mutations.	
34058790	2021	no		Journal Article	10.1002/ptr.7174	Phytother Res	Synergistic effect of toosendanin and regorafenib against cell proliferation and migration by regulating WWOX signaling pathway in hepatocellular carcinoma.	
34109992	2021	no		Journal Article	10.3892/or.2021.8108	Oncol Rep	RHBDD2‑WWOX protein interaction during proliferative and differentiated stages in normal and breast cancer cells.	
34140629	2021	yes	PMC8211909	Journal Article; Research Support, Non-U.S. Gov't	10.1038/s42003-021-02271-2	Commun Biol	Normal cells repel WWOX-negative or -dysfunctional cancer cells via WWOX cell surface epitope 286-299.	
34204789	2021	yes	PMC8231639	Journal Article	10.3390/cancers13122955	Cancers (Basel)	PLEK2, RRM2, GCSH: A Novel WWOX-Dependent Biomarker Triad of Glioblastoma at the Crossroads of Cytoskeleton Reorganization and Metabolism Alterations.	
34204827	2021	yes	PMC8231628	Journal Article	10.3390/cancers13122957	Cancers (Basel)	WWOX Loses the Ability to Regulate Oncogenic AP-2γ and Synergizes with Tumor Suppressor AP-2α in High-Grade Bladder Cancer.	
34210081	2021	yes	PMC8305172	Journal Article; Research Support, Non-U.S. Gov't; Review	10.3390/cells10071637	Cells	Molecular Biology of the WWOX Gene That Spans Chromosomal Fragile Site FRA16D.	
34214506	2021	yes	PMC8579242	Journal Article; Research Support, N.I.H., Extramural; Research Support, Non-U.S. Gov't; Research Support, U.S. Gov't, Non-P.H.S.	10.1016/j.ajpath.2021.06.006	Am J Pathol	Photoreceptor Cell Calcium Dysregulation and Calpain Activation Promote Pathogenic Photoreceptor Oxidative Stress and Inflammation in Prodromal Diabetic Retinopathy.	
34268881	2021	yes	PMC8350905	Journal Article; Research Support, Non-U.S. Gov't	10.15252/emmm.202013610	EMBO Mol Med	Modeling genetic epileptic encephalopathies using brain organoids.	
34359949	2021	yes	PMC8304785	Journal Article; Research Support, Non-U.S. Gov't; Research Support, U.S. Gov't, Non-P.H.S.; Review	10.3390/cells10071781	Cells	WWOX and Its Binding Proteins in Neurodegeneration.	
34513711	2021	yes	PMC8428171	Published Erratum	10.3389/fonc.2021.735435	Front Oncol	Corrigendum: Fragile Gene WWOX Guides TFAP2A/TFAP2C-Dependent Actions Against Tumor Progression in Grade II Bladder Cancer.	
34533693	2022	no		Journal Article; Research Support, Non-U.S. Gov't	10.1007/s13258-021-01165-1	Genes Genomics	Preliminary study of genome-wide association identified novel susceptibility genes for thyroid-related hormones in Chinese population.	
34634460	2021	yes	PMC8609180	Journal Article; Research Support, Non-U.S. Gov't	10.1016/j.nbd.2021.105529	Neurobiol Dis	Altered neocortical oscillations and cellular excitability in an in vitro Wwox knockout mouse model of epileptic encephalopathy.	
34673242	2021	no		Journal Article	10.1016/j.ejmg.2021.104363	Eur J Med Genet	Clinical next generation sequencing in developmental and epileptic encephalopathies: Diagnostic relevance of data re-analysis and variants re-interpretation.	
34747138	2021	yes	PMC8649866	Journal Article; Research Support, Non-U.S. Gov't	10.15252/emmm.202114599	EMBO Mol Med	Neonatal neuronal WWOX gene therapy rescues Wwox null phenotypes.	
34816661	2021	no		Journal Article	10.12047/j.cjap.6102.2021.046	Zhongguo Ying Yong Sheng Li Xue Za Zhi	[Effects of miR-670-5p on proliferation, migration and invasion of lung cancer cells].	
34831305	2021	yes	PMC8623516	Journal Article; Research Support, Non-U.S. Gov't; Review	10.3390/cells10113082	Cells	WWOX-Related Neurodevelopmental Disorders: Models and Future Perspectives.	
34852950	2022	yes	PMC8761217	Journal Article; Research Support, N.I.H., Extramural; Research Support, Non-U.S. Gov't	10.1016/j.neurobiolaging.2021.10.011	Neurobiol Aging	Association between WWOX/MAF variants and dementia-related neuropathologic endophenotypes.	
34948746	2021	yes	PMC8701001	Journal Article; Research Support, Non-U.S. Gov't	10.3390/ijerph182413136	Int J Environ Res Public Health	Effect of WW Domain-Containing Oxidoreductase Gene Polymorphism on Clinicopathological Characteristics of Patients with EGFR Mutant Lung Adenocarcinoma in Taiwan.	
34998176	2022	no		Journal Article; Research Support, N.I.H., Extramural; Research Support, Non-U.S. Gov't; Research Support, U.S. Gov't, Non-P.H.S.	10.1016/j.dnarep.2021.103264	DNA Repair (Amst)	Interaction of Wwox with Brca1 and associated complex proteins prevents premature resection at double-strand breaks and aberrant homologous recombination.	
35047994	2021	yes	PMC8757898	Journal Article	10.3389/froh.2021.638213	Front Oral Health	Combination of Clptm1L and TMEM207 Expression as a Robust Prognostic Marker in Oral Squamous Cell Carcinoma.	
35053314	2022	yes	PMC8774027	Journal Article; Research Support, Non-U.S. Gov't	10.3390/cells11020198	Cells	Correcting Differential Gene Expression Analysis for Cyto-Architectural Alterations in Substantia Nigra of Parkinson's Disease Patients Reveals Known and Potential Novel Disease-Associated Genes and Pathways.	
35107375	2022	yes	PMC8941927	Journal Article; Research Support, N.I.H., Extramural	10.1128/jvi.02026-21	J Virol	WWOX-Mediated Degradation of AMOTp130 Negatively Affects Egress of Filovirus VP40 Virus-Like Particles.	
35290621	2022	yes	PMC8979909	Journal Article	10.1007/s13353-022-00690-3	J Appl Genet	TGFα-EGFR pathway in breast carcinogenesis, association with WWOX expression and estrogen activation.	
35328751	2022	yes	PMC8955937	Journal Article	10.3390/ijms23063326	Int J Mol Sci	The WWOX/HIF1A Axis Downregulation Alters Glucose Metabolism and Predispose to Metabolic Disorders.	
35363364	2022	yes		Journal Article; Review	10.26355/eurrev_202203_28362	Eur Rev Med Pharmacol Sci	Identification of epilepsy concomitant candidate genes recognized in Saudi epileptic patients.	
35383826	2023	yes	PMC9924904	Journal Article; Research Support, Non-U.S. Gov't	10.1093/brain/awac128	Brain	Plasma biomarkers and genetics in the diagnosis and prediction of Alzheimer's disease.	
35409089	2022	yes	PMC8999063	Journal Article	10.3390/ijms23073729	Int J Mol Sci	Wwox Binding to the Murine Brca1-BRCT Domain Regulates Timing of Brip1 and CtIP Phospho-Protein Interactions with This Domain at DNA Double-Strand Breaks, and Repair Pathway Choice.	
35460704	2022	yes	PMC9126845	Journal Article; Research Support, N.I.H., Extramural; Research Support, Non-U.S. Gov't	10.1016/j.jlr.2022.100209	J Lipid Res	Whole-exome sequencing reveals damaging gene variants associated with hypoalphalipoproteinemia.	
35559044	2022	yes	PMC9086287	Journal Article	10.3389/fgene.2022.843661	Front Genet	EHBP1, TUBB, and WWOX SNPs, Gene-Gene and Gene-Environment Interactions on Coronary Artery Disease and Ischemic Stroke.	
35563688	2022	yes	PMC9106060	Journal Article; Research Support, Non-U.S. Gov't	10.3390/cells11091382	Cells	Determination of WWOX Function in Modulating Cellular Pathways Activated by AP-2α and AP-2γ Transcription Factors in Bladder Cancer.	
35571988	2022	yes	PMC9092641	Journal Article	10.1093/noajnl/vdac045	Neurooncol Adv	Mitochondrial 1555 G>A variant as a potential risk factor for childhood glioblastoma.	
35573960	2022	yes	PMC9100683	Journal Article	10.3389/fped.2022.847549	Front Pediatr	A Phenotypic-Driven Approach for the Diagnosis of WOREE Syndrome.	
35627222	2022	yes	PMC9140721	Journal Article; Research Support, Non-U.S. Gov't	10.3390/genes13050837	Genes (Basel)	Feature Fusion and Detection in Alzheimer's Disease Using a Novel Genetic Multi-Kernel SVM Based on MRI Imaging and Gene Data.	
35655316	2022	yes	PMC9164366	Journal Article	10.1186/s13104-022-06081-5	BMC Res Notes	Genome-wide linkage search for cancer susceptibility loci in a cohort of non BRCA1/2 families in Sri Lanka.	
35712340	2022	yes	PMC9193507	Case Reports; Journal Article	10.7759/cureus.25003	Cureus	Novel Mutation With Literature Review WW Domain-Containing Oxidoreductase (WWOX) Gene.	
35715422	2022	yes	PMC9205988	Journal Article; Research Support, Non-U.S. Gov't	10.1038/s41598-022-13974-9	Sci Rep	Analysis of clinical phenotypic and genotypic spectra in 36 children patients with Epilepsy of Infancy with Migrating Focal Seizures.	
35716775	2022	yes	PMC9293652	Journal Article; Research Support, Non-U.S. Gov't	10.1016/j.jbc.2022.102145	J Biol Chem	Structural insights into the role of the WW2 domain on tandem WW-PPxY motif interactions of oxidoreductase WWOX.	
35738035	2022	no		Journal Article	10.1016/j.theriogenology.2022.05.028	Theriogenology	The piRNAs present in the developing testes of Chinese indigenous Xiang pigs.	
35764069	2022	no		Journal Article; Research Support, Non-U.S. Gov't	10.1159/000524956	Sex Dev	Can Non-Coding NR5A1 Gene Variants Explain Phenotypes of Disorders of Sex Development?	
35792847	2022	no		Journal Article	10.1684/epd.2022.1444	Epileptic Disord	Epilepsy in patients with WWOX-related epileptic encephalopathy (WOREE) syndrome.	
35883580	2022	yes	PMC9323965	Journal Article; Research Support, Non-U.S. Gov't; Research Support, U.S. Gov't, Non-P.H.S.; Review	10.3390/cells11142137	Cells	WWOX Controls Cell Survival, Immune Response and Disease Progression by pY33 to pS14 Transition to Alternate Signaling Partners.	
35984507	2022	yes	PMC11071800	Journal Article	10.1007/s00018-022-04508-7	Cell Mol Life Sci	WWOX inhibition by Zfra1-31 restores mitochondrial homeostasis and viability of neuronal cells exposed to high glucose.	
36071494	2022	yes	PMC9450445	Journal Article; Research Support, Non-U.S. Gov't	10.1186/s40246-022-00405-z	Hum Genomics	Identification of recurrent variants implicated in disease in bicuspid aortic valve patients through whole-exome sequencing.	
36257459	2022	no		Journal Article	10.1016/j.lfs.2022.121086	Life Sci	Albendazole exerts an anti-hepatocellular carcinoma effect through a WWOX-dependent pathway.	
36271927	2022	yes	PMC9691486	Journal Article; Research Support, Non-U.S. Gov't; Review	10.1007/s00109-022-02265-5	J Mol Med (Berl)	WWOX and metabolic regulation in normal and pathological conditions.	
36291747	2022	yes	PMC9599116	Journal Article; Research Support, Non-U.S. Gov't	10.3390/biom12101538	Biomolecules	Heat Shock Protein Upregulation Supplemental to Complex mRNA Alterations in Autoimmune Glaucoma.	
36316632	2022	yes	PMC9624038	Journal Article	10.1186/s12864-022-08951-5	BMC Genomics	Genome-wide detection of RNA editing events during the hair follicles cycle of Tianzhu white yak.	
36336217	2022	no		Journal Article; Research Support, Non-U.S. Gov't	10.1016/j.phrs.2022.106534	Pharmacol Res	Exosomal miR-625-3p secreted by cancer-associated fibroblasts in colorectal cancer promotes EMT and chemotherapeutic resistance by blocking the CELF2/WWOX pathway.	
36364214	2022	yes	PMC9657618	Journal Article	10.3390/molecules27217388	Molecules	WWOX Modulates ROS-Dependent Senescence in Bladder Cancer.	
36498839	2022	yes	PMC9739312	Journal Article	10.3390/ijms232314510	Int J Mol Sci	Zfra Inhibits the TRAPPC6AΔ-Initiated Pathway of Neurodegeneration.	
36530994	2022	yes	PMC9756969	Journal Article	10.3389/fonc.2022.996820	Front Oncol	WWOX-rs13338697 genotype predicts therapeutic efficacy of ADI-PEG 20 for patients with advanced hepatocellular carcinoma.	
36537114	2023	no		Journal Article; Research Support, N.I.H., Extramural	10.1002/ajmg.a.63074	Am J Med Genet A	Expansion of the clinical and molecular spectrum of WWOX-related epileptic encephalopathy.	
36553611	2022	yes	PMC9777775	Journal Article; Research Support, Non-U.S. Gov't	10.3390/genes13122344	Genes (Basel)	Detection of Association Features Based on Gene Eigenvalues and MRI Imaging Using Genetic Weighted Random Forest.	
36572560	2022	yes	PMC9794558	Journal Article	10.14348/molcells.2022.0130	Mol Cells	Glycogen Synthase Kinase-3 Interaction Domain Enhances Phosphorylation of SARS-CoV-2 Nucleocapsid Protein.	
36572673	2022	yes	PMC9792466	Journal Article; Research Support, Non-U.S. Gov't	10.1038/s41419-022-05519-9	Cell Death Dis	Loss of tumor suppressor WWOX accelerates pancreatic cancer development through promotion of TGFβ/BMP2 signaling.	
36587184	2022	yes	PMC9805444	Journal Article; Research Support, Non-U.S. Gov't	10.1038/s41598-022-27173-z	Sci Rep	Single-cell resolved ploidy and chromosomal aberrations in nonalcoholic steatohepatitis-(NASH) induced hepatocellular carcinoma and its precursor lesions.	
36621327	2023	no		Journal Article	10.1016/j.intimp.2022.109671	Int Immunopharmacol	WWOX activates autophagy to alleviate lipopolysaccharide-induced acute lung injury by regulating mTOR.	
36779245	2023	yes	PMC10952634	Journal Article; Research Support, Non-U.S. Gov't	10.1111/epi.17542	Epilepsia	WWOX developmental and epileptic encephalopathy: Understanding the epileptology and the mortality risk.	
36828035	2023	yes	PMC10835625	Journal Article; Research Support, N.I.H., Extramural; Research Support, Non-U.S. Gov't	10.1016/j.pneurobio.2023.102425	Prog Neurobiol	WWOX P47T partial loss-of-function mutation induces epilepsy, progressive neuroinflammation, and cerebellar degeneration in mice phenocopying human SCAR12.	
36874126	2023	yes	PMC9983217	Editorial	10.3389/fonc.2023.1151862	Front Oncol	Editorial: The role of STAT3 signaling pathway in tumor progression.	
36975604	2023	yes	PMC10048778	Journal Article	10.3390/epigenomes7010008	Epigenomes	Epigenome-Wide Changes in the Cell Layers of the Vein Wall When Exposing the Venous Endothelium to Oscillatory Shear Stress.	
36979157	2023	yes	PMC10045224	Journal Article	10.3390/biology12030465	Biology (Basel)	Antineoplastic Nature of WWOX in Glioblastoma Is Mainly a Consequence of Reduced Cell Viability and Invasion.	
37095367	2023	yes	PMC10293429	Journal Article	10.1007/s12035-023-03346-3	Mol Neurobiol	Whole-Genome Sequencing Among Kazakhstani Children with Early-Onset Epilepsy Revealed New Gene Variants and Phenotypic Variability.	
37248434	2023	yes	PMC10425285	Journal Article; Research Support, Non-U.S. Gov't	10.1038/s41417-023-00626-x	Cancer Gene Ther	WWOX binds MERIT40 and modulates its function in homologous recombination, implications in breast cancer.	
37324196	2023	yes	PMC10266044	Journal Article	10.7150/ijms.84364	Int J Med Sci	WWOX Polymorphisms as Predictors of the Biochemical Recurrence of Localized Prostate Cancer after Radical Prostatectomy.	
37328865	2023	yes	PMC10273745	Journal Article; Research Support, N.I.H., Extramural; Research Support, Non-U.S. Gov't	10.1186/s13195-023-01244-3	Alzheimers Res Ther	Shared genetic risk loci between Alzheimer's disease and related dementias, Parkinson's disease, and amyotrophic lateral sclerosis.	
37461096	2023	yes	PMC10353088	Journal Article; Research Support, N.I.H., Extramural; Research Support, Non-U.S. Gov't	10.1186/s40246-023-00510-7	Hum Genomics	Landscape of germline pathogenic variants in patients with dual primary breast and lung cancer.	
37501399	2023	yes	PMC10559097	Journal Article	10.24272/j.issn.2095-8137.2022.514	Zool Res	Population genetics of marmosets in Asian primate research centers and loci associated with epileptic risk revealed by whole-genome sequencing.	
37519886	2023	yes	PMC10373930	Journal Article	10.3389/fgene.2023.1214968	Front Genet	LINC01137/miR-186-5p/WWOX: a novel axis identified from WWOX-related RNA interactome in bladder cancer.	
37583270	2023	yes	PMC10690684	Journal Article; Multicenter Study; Research Support, Non-U.S. Gov't	10.1002/epi4.12811	Epilepsia Open	Landscape of genetic infantile epileptic spasms syndrome-A multicenter cohort of 124 children from India.	
37615513	2024	no		Journal Article; Research Support, Non-U.S. Gov't	10.1002/ijc.34703	Int J Cancer	Remote modulation of WWOX by an intronic variant associated with survival of Chinese gastric cancer patients.	
37686047	2023	yes	PMC10487847	Journal Article	10.3390/ijms241713242	Int J Mol Sci	Multi-Omics Analysis of NCI-60 Cell Line Data Reveals Novel Metabolic Processes Linked with Resistance to Alkylating Anti-Cancer Agents.	
37781246	2023	yes	PMC10540236	Journal Article	10.3389/fnins.2023.1260409	Front Neurosci	Molecular landscapes of glioblastoma cell lines revealed a group of patients that do not benefit from WWOX tumor suppressor expression.	
37897534	2023	yes	PMC10613160	Journal Article	10.1007/s00018-023-04950-1	Cell Mol Life Sci	Loss of fragile WWOX gene leads to senescence escape and genome instability.	
37930698	2023	yes	PMC10628736	Journal Article; Research Support, N.I.H., Intramural	10.1001/jamanetworkopen.2023.41651	JAMA Netw Open	Neighborhood Deprivation and DNA Methylation and Expression of Cancer Genes in Breast Tumors.	
37974179	2023	yes	PMC10652538	Journal Article; Research Support, Non-U.S. Gov't	10.1186/s12920-023-01731-4	BMC Med Genomics	Identification of compound heterozygous deletion of the WWOX gene in WOREE syndrome.	
38055913	2024	no		Journal Article; Research Support, Non-U.S. Gov't	10.1200/JCO.23.01053	J Clin Oncol	Genetic Characterization of Primary Mediastinal B-Cell Lymphoma: Pathogenesis and Patient Outcomes.	
38056170	2024	yes		Journal Article	10.1016/j.meatsci.2023.109402	Meat Sci	Genome-wide scans identify biological and metabolic pathways regulating carcass and meat quality traits in beef cattle.	
38161429	2023	yes	PMC10757851	Journal Article; Review	10.3389/fped.2023.1301166	Front Pediatr	Neuroimaging features of WOREE syndrome: a mini-review of the literature.	
38182577	2024	yes	PMC10770339	Journal Article; Research Support, Non-U.S. Gov't	10.1038/s41419-023-06378-8	Cell Death Dis	WWOX promotes osteosarcoma development via upregulation of Myc.	
38203337	2023	yes	PMC10779412	Journal Article	10.3390/ijms25010167	Int J Mol Sci	Mechanistic Investigation of WWOX Function in NF-kB-Induced Skin Inflammation in Psoriasis.	
38232788	2024	yes		Journal Article; Research Support, Non-U.S. Gov't	10.1016/j.exger.2024.112362	Exp Gerontol	14-Week exercise training modifies the DNA methylation levels at gene sites in non-Alzheimer's disease women aged 50 to 70 years.	
38282791	2024	yes	PMC10812133	Retraction Notice	10.2147/CMAR.S460239	Cancer Manag Res	LncRNA HOTAIRM1 Inhibits the Proliferation and Invasion of Lung Adenocarcinoma Cells via the miR-498/WWOX Axis [Retraction].	
38355659	2024	yes	PMC10867017	Published Erratum	10.1038/s41419-024-06518-8	Cell Death Dis	Correction: WWOX promotes osteosarcoma development via upregulation of Myc.	
38384455	2024	yes	PMC10879589	Journal Article; Research Support, Non-U.S. Gov't	10.3389/fimmu.2024.1280876	Front Immunol	A genome-wide association study on hematopoietic stem cell transplantation reveals novel genomic loci associated with transplant outcomes.	
38407561	2024	no		Case Reports; Journal Article; Research Support, Non-U.S. Gov't	10.1002/ajmg.a.63575	Am J Med Genet A	Identification of a novel splice-site WWOX variant with paternal uniparental isodisomy in a patient with infantile epileptic encephalopathy.	
38499540	2024	yes	PMC10948869	Journal Article	10.1038/s41420-024-01878-8	Cell Death Discov	Unveiling the relationship between WWOX and BRCA1 in mammary tumorigenicity and in DNA repair pathway selection.	
38542478	2024	yes	PMC10970703	Journal Article; Review	10.3390/ijms25063507	Int J Mol Sci	Zfra Overrides WWOX in Suppressing the Progression of Neurodegeneration.	
38563965	2024	yes	PMC11380939	Journal Article; Research Support, N.I.H., Extramural	10.1152/ajplung.00277.2023	Am J Physiol Lung Cell Mol Physiol	Endothelial knockdown of the tumor suppressor, WWOX, increases inflammation in ventilator-induced lung injury.	
38886371	2024	yes	PMC11183241	Journal Article	10.1038/s41598-024-63943-7	Sci Rep	In vitro evolution and whole genome analysis to study chemotherapy drug resistance in haploid human cells.	
38902482	2025	no		Journal Article	10.1007/s10528-024-10856-9	Biochem Genet	Molecular Mechanism of WWOX Inhibiting the Development of Esophageal Cancer by Inhibiting Hippo Signaling Pathway.	
38940394	2024	no		Journal Article; Research Support, Non-U.S. Gov't	10.1080/17410541.2024.2365617	Per Med	Preliminary study of identified novel susceptibility loci for HAPE risk in a Chinese male Han population.	
39039877	2024	no		English Abstract; Journal Article	10.3760/cma.j.cn112140-20240229-00135	Zhonghua Er Ke Za Zhi	[Genotype and phenotype of WWOX gene related developmental and epileptic encephalopathy].	
39087877	2025	yes	PMC11808066	Journal Article	10.1093/sleep/zsae169	Sleep	Novel susceptibility genes and biomarkers for obstructive sleep apnea: insights from genetic and inflammatory proteins.	
39101447	2024	yes	PMC11298992	Case Reports; Journal Article	10.1002/mgg3.2500	Mol Genet Genomic Med	Developmental epileptic encephalopathy caused by homozygosity of a c.172+1G>C variant in the WWOX gene.	
39223676	2024	yes	PMC11367908	Journal Article	10.1186/s13293-024-00644-w	Biol Sex Differ	Whole-genome de novo sequencing reveals genomic variants associated with differences of sex development in SRY negative pigs.	
39322821	2025	no		Journal Article	10.1007/s00204-024-03881-5	Arch Toxicol	Multi-step gene set analysis identified HTR3 family genes involving childhood acute lymphoblastic leukemia susceptibility.	
39332629	2024	yes		Journal Article	10.1016/j.jmoldx.2024.08.004	J Mol Diagn	High Prevalence of Chromosomal Rearrangements and LINE Retrotranspositions Detected in Formalin-Fixed, Paraffin-Embedded Colorectal Cancer Tissue.	
39416860	2024	yes	PMC11479972	Case Reports; Journal Article	10.3389/fped.2024.1453778	Front Pediatr	WWOX-related epileptic encephalopathy caused by a novel mutation in the WWOX gene: a case report.	
39420317	2024	yes	PMC11487720	Journal Article	10.1186/s12964-024-01866-6	Cell Commun Signal	Dissociation of the nuclear WWOX/TRAF2 switch renders UV/cold shock-mediated nuclear bubbling cell death at low temperatures.	
39473747	2024	yes	PMC11518363	Journal Article	10.55730/1300-0144.5891	Turk J Med Sci	Loss of WWOX contributes to cisplatin resistance in triple-negative breast cancer cells by modulating miR-182 and miR-214.	
39500530	2024	yes	PMC11552608	Journal Article	10.1136/jitc-2024-010422	J Immunother Cancer	WWOX tuning of oleic acid signaling orchestrates immunosuppressive macrophage polarization and sensitizes hepatocellular carcinoma to immunotherapy.	
39507621	2024	yes	PMC11537890	Case Reports; Journal Article	10.3389/fgene.2024.1477466	Front Genet	Case report: Adult patient with WWOX developmental and epileptic encephalopathy: 40 years of observation.	
39796213	2025	yes	PMC11719716	Case Reports; Journal Article; Review	10.3390/ijms26010357	Int J Mol Sci	Atypical B-Cell Acute Lymphoblastic Leukemia with iAMP21 in the Context of Constitutional Ring Chromosome 21: A Case Report and Review of the Genetic Insights.	
39868255	2025	yes	PMC11761808	Journal Article; Preprint	10.1101/2025.01.17.633677	bioRxiv	Partial Wwox Loss of Function Increases Severity of Murine Sepsis and Neuroinflammation.	
39894307	2025	no		Journal Article; Research Support, Non-U.S. Gov't	10.1016/j.bcp.2025.116790	Biochem Pharmacol	WWOX-mediated p53/SAT1 and NRF2/FPN1 axis contribute to toosendanin-induced ferroptosis in hepatocellular carcinoma.	
39933386	2025	yes		Journal Article	10.1016/j.seizure.2025.01.025	Seizure	Infantile Epileptic Spasms Syndrome: Unveiling clinical and genetic variability in a case series from Argentina.	
39952983	2025	yes	PMC11828923	Journal Article	10.1038/s41598-024-81158-8	Sci Rep	Genome-wide identification and functional validation of the WW domain containing oxidoreductase gene associated with sleep duration.	
39955305	2025	yes	PMC11829959	Journal Article	10.1038/s41598-025-86148-y	Sci Rep	Integrating bulk RNA-seq and scRNA-seq data to explore diverse cell death patterns and develop a programmed cell death-related relapse prediction model in pediatric B-ALL.	
40006511	2025	yes	PMC11858974	Journal Article	10.3390/pharmaceutics17020143	Pharmaceutics	Novel Hydrogel-Mediated Lentiviral Gene Delivery via Intravesical Administration for Bladder Cancer Treatment.	
40088508	2025	no		Journal Article	10.1016/j.pediatrneurol.2025.02.002	Pediatr Neurol	Genetic Epilepsies With Onset in Infancy and Toddlerhood: A Prospective Single-Center Study in India.	
40139278	2025	yes		Journal Article; Research Support, Non-U.S. Gov't	10.1016/j.nbd.2025.106887	Neurobiol Dis	Influence of WWOX/MAF genes on cognitive performance in patients with Parkinson's disease.	
40191585	2025	yes	PMC11970371	Journal Article	10.1093/nargab/lqaf033	NAR Genom Bioinform	Identifying individuals with rare disease variants by inferring shared ancestral haplotypes from SNP array data.	
40198927	2025	yes		Journal Article	10.1016/j.tice.2025.102885	Tissue Cell	WWOX attenuates the progression of gallbladder cancer by suppressing cellular glycolysis through the modulation of the P73/HIF-1α signaling pathway.	
40202510	2025	no		Journal Article; Research Support, Non-U.S. Gov't; Review	10.1002/ijc.35417	Int J Cancer	Role of fragile sites FATS and FMR1 in tumor progression and their potential clinical significance.	
40263068	2025	yes		Published Erratum	10.1016/j.tice.2025.102926	Tissue Cell	"Corrigendum to ""WWOX attenuates the progression of gallbladder cancer by suppressing cellular glycolysis through the modulation of the P73/HIF-1a signaling pathway"" [Tissue Cell 95 (2025) 102885]."	
40327201	2025	yes	PMC12055895	Journal Article; Review	10.1007/s10142-025-01601-5	Funct Integr Genomics	Twenty-five years of WWOX insight in cancer: a treasure trove of knowledge.	
40507943	2025	yes	PMC12155404	Journal Article; Review	10.3390/ijms26115132	Int J Mol Sci	Hyaluronan: An Architect and Integrator for Cancer and Neural Diseases.	
40875931	2025	no		Journal Article	10.1212/WNL.0000000000213883	Neurology	WWOX-Related Developmental and Epileptic Encephalopathy: Expanding the Clinical Spectrum and Deciphering the Genotype-Phenotype.	
41007296	2025	yes	PMC12467568	Journal Article	10.3390/biology14091151	Biology (Basel)	Prognostic Significance of WWOX/HIF1A Ratio in Cancer Subtypes: Insights into Metabolism, ECM, and EMT.	
41090157	2025	yes	PMC12517091	Journal Article	10.1016/j.bneo.2025.100153	Blood Neoplasia	B-cell-specific Wwox deletion promotes plasmablastic tumor development and proinflammatory signatures in myeloma model.	
41124647	2026	yes	PMC12767083	Journal Article	10.1002/advs.202507602	Adv Sci (Weinh)	Genetic and Functional Evidence Links Germline Biallelic Inactivating Variants in WWOX to Histological Mixed-Type Thyroid Cancer.	
41141138	2025	yes	PMC12552799	Journal Article	10.7759/cureus.93160	Cureus	Intertwined Relationship of WWOX and RUNX2 Proteins as a Biomarker for Predicting Response and Survival in Patients With Childhood Bone Cancer in North India: A Pilot Study.	
41153369	2025	yes	PMC12562696	Journal Article	10.3390/genes16101152	Genes (Basel)	Genetic Etiology of Developmental and Epileptic Encephalopathy in a Turkish Cohort: A Single-Center Study with Targeted Gene Panel and Whole Exome Sequencing.	
41154849	2025	yes	PMC12561659	Journal Article	10.3390/biology14101446	Biology (Basel)	Genome-Wide Association Study Revealed Candidate Genes Associated with Litter Size, Weight, and Body Size Traits in Tianmu Polytocous Sheep (Ovis aries).	
41228229	2025	yes	PMC12610808	Journal Article; Review	10.3390/cancers17213435	Cancers (Basel)	The Role of WWOX in Cancer Progression: Mechanisms and Therapeutic Potential.	
41254692	2025	yes	PMC12625014	Journal Article; Research Support, Non-U.S. Gov't	10.1186/s12967-025-07301-9	J Transl Med	Integrative multi-omics and Mendelian randomization identify WWOX and THBS2 as potential therapeutic targets in mature T/NK-cell lymphoma.	
41378749	2025	yes	PMC12697008	Journal Article	10.1002/bdr2.70007	Birth Defects Res	Folate Interaction With Genetic Risk for Neural Tube Defects Among Infants in Bangladesh.	
41425714	2025	yes	PMC12712686	Journal Article	10.32604/or.2025.069230	Oncol Res	ETS Family Transcription Factors in Gastric Cancer and the Role of ELF3 in the Core Metaplasia Transcription Factor Network.	
41442931	2026	no		Case Reports; Journal Article	10.1016/j.pediatrneurol.2025.12.001	Pediatr Neurol	Vigabatrin-Associated Brain Magnetic Resonance Imaging Abnormalities in Two Children With WW domain-containing oxidoreductase-Related Epileptic Encephalopathy Syndrome.	
41443103	2026	no		Journal Article	10.1016/j.intimp.2025.116067	Int Immunopharmacol	WWOX protects against ferroptosis to alleviate acute lung injury by mediating p53 deacetylation.	
41510857	2026	yes		Journal Article	10.4103/neurol-india.Neurol-India-D-24-00886	Neurol India	An Overview of Drug-Resistant Epilepsies Based on Advances in Genetics: A Cohort Study.	
41561974	2025	yes	PMC12815448	Journal Article	10.3389/fgene.2025.1696764	Front Genet	Genomic and ancestral variations linked to the development of post-acute sequelae of SARS-CoV-2 infection in Indian populations.	
41562193	2026	yes	PMC12820907	Journal Article; Research Support, N.I.H., Extramural	10.1002/gcc.70106	Genes Chromosomes Cancer	Endogenous Processes Underlying Clock-Like Mutational Signatures.	
41661231	2026	no		Journal Article	10.1080/15257770.2026.2624447	Nucleosides Nucleotides Nucleic Acids	RNAseq-based meta-analyses revealed tumor suppressor-inducer fusion events in liver, oral, and ovarian cancer in the Indian population: a cancer cell surviving mechanism.	
41677633	2026	yes	PMC12897155	Journal Article	10.3390/cells15030270	Cells	WWOX Induction Promotes Bcl-XL and Mcl-1 Degradation Through a Lysosomal Pathway upon Stress Responses.	
41776383	2026	no		Journal Article; Multicenter Study	10.1177/13524585261417130	Mult Scler	Pharmacogenomics of response to interferon-beta and glatiramer acetate in Multiple Sclerosis: A multi-centric study.	
41963310	2026	yes	PMC13184259	Journal Article	10.1038/s41420-026-03023-z	Cell Death Discov	Berry-derived gold nanoparticles induce integrated ROS-mediated apoptosis, immune modulation, and transcriptomic remodeling in 4T1 triple-negative cancer cells.	
41966396	2026	yes		Journal Article	10.3168/jds.2026-28364	J Dairy Sci	Comprehensive multi-omics analyses reveal small intestinal genetic mechanisms regulating milk protein traits in yak.	
41984841	2026	yes	PMC13099603	Journal Article	10.1073/pnas.2534844123	Proc Natl Acad Sci U S A	WWOX maintains epidermal identity and suppresses EMT to prevent aggressive cutaneous squamous cell carcinoma.	
42031263	2026	no		Journal Article; Review	10.1016/j.urology.2026.04.032	Urology	Epigenetic Signatures in Family Clusters: Links Between Male Fertility and Autism Risk.	
42082822	2026	yes	PMC13230315	Case Reports; Journal Article	10.1007/s43032-026-02112-9	Reprod Sci	The Role of WWOX Gene Variant in Hypospadias and 46,XY Disorders of Sexual Development.	
42092735	2026	yes	PMC13378201	Case Reports; Journal Article	10.1111/jpc.70401	J Paediatr Child Health	WWOX Mutation as a Rare Cause of Neonatal-Infantile Parkinsonism Mimicking a Neurotransmitter Disorder: A Case Report.	
42101182	2026	no		Journal Article	10.1080/01677063.2026.2649162	J Neurogenet	Expression of sulfate pathway genes in human neurodevelopment.	
42128308	2026	yes		Journal Article; Review	10.1016/j.nbd.2026.107446	Neurobiol Dis	WWOX in brain development and disease: Molecular mechanisms and therapeutic opportunities.	
42135313	2026	yes	PMC13424109	Journal Article	10.1038/s41531-026-01367-y	NPJ Parkinsons Dis	Multi-locus genetic dosage shapes cognitive disease progression in Parkinson's patients: 15-year meta-analysis of 24 cohorts.	
42190144	2026	no		Journal Article	10.1212/WNL.0000000000218013	Neurology	Burst-Suppression EEG in Early Infantile Developmental and Epileptic Encephalopathies: Phenotype, Genotype, and Outcome.	
42193054	2026	yes	PMC13205014	Case Reports; Journal Article	10.3390/cimb48050449	Curr Issues Mol Biol	WWOX-Related Epileptic Encephalopathy (WOREE Syndrome): Clinical Case Study and Literature Review.	
42231860	2026	no		Journal Article	10.1002/age.70137	Anim Genet	WWOX Exon 4 Copy Number Gain in Dogs With Testicular or Ovotesticular XX (SRY-Negative) Disorder of Sex Development.	
42266427	2026	yes	PMC13245399	Journal Article	10.1093/braincomms/fcag189	Brain Commun	Genetic analysis of limbic-predominant age-related TDP-43 encephalopathy neuropathologic change in a population-based cohort of the oldest old.	
42275215	2026	yes		Journal Article	10.1016/j.celrep.2026.117547	Cell Rep	RNF138 promotes cisplatin resistance and PD-L1-mediated immune evasion via JAK2/STAT3 activation in nasopharyngeal carcinoma.	
42327583	2026	yes	PMC13280630	Journal Article	10.7150/jca.133473	J Cancer	GALNT14-rs9679162 Genotypes Predict Post-immunotherapy Side Effect and Survival in Patients with Hepatitis B Virus-related Hepatocellular Carcinoma.	
42395553	2026	yes	PMC13320983	Journal Article; Preprint	10.64898/2026.06.24.734331	bioRxiv	WWOX contributes to DNA damage, but not somatic instability in Huntington's disease.	
42397075	2026	yes		Journal Article	10.1093/brain/awag239	Brain	Disrupted WWOX-MYC interplay impairs neurogenesis in human brain organoids.	
42422765	2026	yes	PMC13343157	Journal Article	10.1016/j.omta.2026.201791	Mol Ther Adv	Neuron-specific WWOX gene therapy produces dose-dependent, durable rescue in a model of WWOX-related epileptic encephalopathy.	
42443585	2026	yes		Journal Article	10.1038/s41698-026-01558-z	NPJ Precis Oncol	Genetic architecture of lung cancer revealed by common and rare variant analyses across population-scale biobanks.	
42464650	2026	yes	PMC13384538	Journal Article; Retraction Notice	10.3892/ijmm.2026.5925	Int J Mol Med	[Retracted] p73 participates in WWOX-mediated apoptosis in leukemia cells.	
42523332	2026	yes	PMC13405132	Journal Article; Preprint	10.64898/2026.06.16.732723	bioRxiv	Golgi CATCHR complexes function as organizing hubs for vesicle tethering and fusion.	
