group	original_path	blob_in_06ee25a	state_now	recover_with	disposition	detail
Commit candidates (G4)	disease-models/wwox/research/commit_candidates/CC-20260825-32000863-POINTER-01.md	1053e823e79b1d6be8d09b30de029cbfda0f9963	differs on main	git show 06ee25a:disease-models/wwox/research/commit_candidates/CC-20260825-32000863-POINTER-01.md	DISPOSITIONED	VPS appended a BATCH DISPOSITION naming a VPS batch; not copied — re-disposition belongs to the held science batch
Commit candidates (G4)	disease-models/wwox/research/commit_candidates/CC-20260825-ADVERSARIAL-FALSIFICATION-01.md	b3be79558c85d014f115d309bf70091f61d41eae	differs on main	git show 06ee25a:disease-models/wwox/research/commit_candidates/CC-20260825-ADVERSARIAL-FALSIFICATION-01.md	DISPOSITIONED	VPS appended a BATCH DISPOSITION naming a VPS batch; not copied — re-disposition belongs to the held science batch
Commit candidates (G4)	disease-models/wwox/research/commit_candidates/CC-20260825-CLAIM016-DRIFT-01.md	0e6f0734e0d6757b440c27d83e79bc1e99f94433	differs on main	git show 06ee25a:disease-models/wwox/research/commit_candidates/CC-20260825-CLAIM016-DRIFT-01.md	DISPOSITIONED	VPS appended a BATCH DISPOSITION naming a VPS batch; not copied — re-disposition belongs to the held science batch
Commit candidates (G4)	disease-models/wwox/research/commit_candidates/CC-20260825-GRAPH-MATERIALIZATION-01.md	c43b8a249256930d8a9a3d6dca3cdbfe81ad99f0	differs on main	git show 06ee25a:disease-models/wwox/research/commit_candidates/CC-20260825-GRAPH-MATERIALIZATION-01.md	DISPOSITIONED	VPS appended a BATCH DISPOSITION naming a VPS batch; not copied — re-disposition belongs to the held science batch
Commit candidates (G4)	disease-models/wwox/research/commit_candidates/CC-20260826-AAV9-ENDPOINT-SPLIT-01.md	181319c32e39410add18070ac292bb1bc78177d9	differs on main	git show 06ee25a:disease-models/wwox/research/commit_candidates/CC-20260826-AAV9-ENDPOINT-SPLIT-01.md	DISPOSITIONED	VPS appended a BATCH DISPOSITION naming a VPS batch; not copied — re-disposition belongs to the held science batch
Commit candidates (G4)	disease-models/wwox/research/commit_candidates/CC-20260826-BLIND-REPLICATION-NOTRUN-01.md	1688ce38a5eb5a0ccd158649e139a4be7bd3e102	differs on main	git show 06ee25a:disease-models/wwox/research/commit_candidates/CC-20260826-BLIND-REPLICATION-NOTRUN-01.md	DISPOSITIONED	VPS appended a BATCH DISPOSITION naming a VPS batch; not copied — re-disposition belongs to the held science batch
Commit candidates (G4)	disease-models/wwox/research/commit_candidates/CC-20260826-CANDIDATE-METADATA-01.md	e4f1c0abd314bf4db79221ce8a635d7f3f53a374	differs on main	git show 06ee25a:disease-models/wwox/research/commit_candidates/CC-20260826-CANDIDATE-METADATA-01.md	DISPOSITIONED	VPS appended a BATCH DISPOSITION naming a VPS batch; not copied — re-disposition belongs to the held science batch
Commit candidates (G4)	disease-models/wwox/research/commit_candidates/CC-20260826-CLAIM002-01.md	8b01abe604ecb4971856abe83c01a00a466eeb8b	differs on main	git show 06ee25a:disease-models/wwox/research/commit_candidates/CC-20260826-CLAIM002-01.md	DISPOSITIONED	VPS appended a BATCH DISPOSITION naming a VPS batch; not copied — re-disposition belongs to the held science batch
Commit candidates (G4)	disease-models/wwox/research/commit_candidates/CC-20260826-CLAIM003-01.md	a3276bf566f2ed3c965b57aa17859cb3996bbb6e	differs on main	git show 06ee25a:disease-models/wwox/research/commit_candidates/CC-20260826-CLAIM003-01.md	DISPOSITIONED	VPS appended a BATCH DISPOSITION naming a VPS batch; not copied — re-disposition belongs to the held science batch
Commit candidates (G4)	disease-models/wwox/research/commit_candidates/CC-20260826-CLAIM006-01.md	f3778f3a580959078dfc6a2f066e62abc2cda78a	differs on main	git show 06ee25a:disease-models/wwox/research/commit_candidates/CC-20260826-CLAIM006-01.md	DISPOSITIONED	VPS appended a BATCH DISPOSITION naming a VPS batch; not copied — re-disposition belongs to the held science batch
Commit candidates (G4)	disease-models/wwox/research/commit_candidates/CC-20260826-CLAIM006-HARDENING-01.md	5f52601a729de53bc6572f1222fde272ff23085c	differs on main	git show 06ee25a:disease-models/wwox/research/commit_candidates/CC-20260826-CLAIM006-HARDENING-01.md	DISPOSITIONED	VPS appended a BATCH DISPOSITION naming a VPS batch; not copied — re-disposition belongs to the held science batch
Commit candidates (G4)	disease-models/wwox/research/commit_candidates/CC-20260826-CLAIM032-01.md	3b4ab41e22533ad4ddca87d61181ab1fa79e8cb7	differs on main	git show 06ee25a:disease-models/wwox/research/commit_candidates/CC-20260826-CLAIM032-01.md	DISPOSITIONED	VPS appended a BATCH DISPOSITION naming a VPS batch; not copied — re-disposition belongs to the held science batch
Commit candidates (G4)	disease-models/wwox/research/commit_candidates/CC-20260826-CLAIM037-01.md	2aab44c5257cf76bd56f6691a3acdb2c09f1c421	differs on main	git show 06ee25a:disease-models/wwox/research/commit_candidates/CC-20260826-CLAIM037-01.md	DISPOSITIONED	VPS appended a BATCH DISPOSITION naming a VPS batch; not copied — re-disposition belongs to the held science batch
Commit candidates (G4)	disease-models/wwox/research/commit_candidates/CC-20260826-CROSS-CLAIM-CENSUS-01.md	e4288644de4d0f1e79eca97f2fa1a8da48271dfd	differs on main	git show 06ee25a:disease-models/wwox/research/commit_candidates/CC-20260826-CROSS-CLAIM-CENSUS-01.md	DISPOSITIONED	VPS appended a BATCH DISPOSITION naming a VPS batch; not copied — re-disposition belongs to the held science batch
Commit candidates (G4)	disease-models/wwox/research/commit_candidates/CC-20260826-CROSS-CLAIM-CENSUS-02.md	ba3c21f0c3e611ef451ba0ee7cf04cff22c7ff87	differs on main	git show 06ee25a:disease-models/wwox/research/commit_candidates/CC-20260826-CROSS-CLAIM-CENSUS-02.md	DISPOSITIONED	VPS appended a BATCH DISPOSITION naming a VPS batch; not copied — re-disposition belongs to the held science batch
Commit candidates (G4)	disease-models/wwox/research/commit_candidates/CC-20260826-CROSS-CLAIM-CENSUS-03.md	0e0f66f456b113030fc43057914c820739347109	differs on main	git show 06ee25a:disease-models/wwox/research/commit_candidates/CC-20260826-CROSS-CLAIM-CENSUS-03.md	DISPOSITIONED	VPS appended a BATCH DISPOSITION naming a VPS batch; not copied — re-disposition belongs to the held science batch
Commit candidates (G4)	disease-models/wwox/research/commit_candidates/CC-20260826-DOSE-ADJUDICATION-01.md	9307fde4ee643ec3b688c6d9f13f62ff6001d0be	differs on main	git show 06ee25a:disease-models/wwox/research/commit_candidates/CC-20260826-DOSE-ADJUDICATION-01.md	DISPOSITIONED	VPS appended a BATCH DISPOSITION naming a VPS batch; not copied — re-disposition belongs to the held science batch
Commit candidates (G4)	disease-models/wwox/research/commit_candidates/CC-20260826-DOSE-DECISION-TABLE-01.md	4def44471b5b5463c45606621ce7fda7a3248d79	differs on main	git show 06ee25a:disease-models/wwox/research/commit_candidates/CC-20260826-DOSE-DECISION-TABLE-01.md	DISPOSITIONED	VPS appended a BATCH DISPOSITION naming a VPS batch; not copied — re-disposition belongs to the held science batch
Commit candidates (G4)	disease-models/wwox/research/commit_candidates/CC-20260826-DOSE-TRANSFERABLE-QUANTITY-01.md	23510d1fed10c27682d9acc1a10422553c21b888	differs on main	git show 06ee25a:disease-models/wwox/research/commit_candidates/CC-20260826-DOSE-TRANSFERABLE-QUANTITY-01.md	DISPOSITIONED	VPS appended a BATCH DISPOSITION naming a VPS batch; not copied — re-disposition belongs to the held science batch
Commit candidates (G4)	disease-models/wwox/research/commit_candidates/CC-20260826-EGABA-ANALYSIS-PLAN-01.md	c59fda19c18d133e8a817cbbbb0fe2b0da1039e0	differs on main	git show 06ee25a:disease-models/wwox/research/commit_candidates/CC-20260826-EGABA-ANALYSIS-PLAN-01.md	DISPOSITIONED	VPS appended a BATCH DISPOSITION naming a VPS batch; not copied — re-disposition belongs to the held science batch
Commit candidates (G4)	disease-models/wwox/research/commit_candidates/CC-20260826-EGABA-CLOSURE-01.md	5bbd502909d7d657a0baacbb10118903228f5e4b	differs on main	git show 06ee25a:disease-models/wwox/research/commit_candidates/CC-20260826-EGABA-CLOSURE-01.md	DISPOSITIONED	VPS appended a BATCH DISPOSITION naming a VPS batch; not copied — re-disposition belongs to the held science batch
Commit candidates (G4)	disease-models/wwox/research/commit_candidates/CC-20260826-EGABA-EXPERIMENT-01.md	d8dc838cf80822e5e039b39165ddc9144fae7863	differs on main	git show 06ee25a:disease-models/wwox/research/commit_candidates/CC-20260826-EGABA-EXPERIMENT-01.md	DISPOSITIONED	VPS appended a BATCH DISPOSITION naming a VPS batch; not copied — re-disposition belongs to the held science batch
Commit candidates (G4)	disease-models/wwox/research/commit_candidates/CC-20260826-FIVECLAIM-HARDENING-01.md	9dd945ea4b50715ac373c5c68112d5357157ef81	differs on main	git show 06ee25a:disease-models/wwox/research/commit_candidates/CC-20260826-FIVECLAIM-HARDENING-01.md	DISPOSITIONED	VPS appended a BATCH DISPOSITION naming a VPS batch; not copied — re-disposition belongs to the held science batch
Commit candidates (G4)	disease-models/wwox/research/commit_candidates/CC-20260826-FIVECLAIM-PACKAGE-01.md	b8eb4d77f252a71f29b20c787c874a2cfe754457	differs on main	git show 06ee25a:disease-models/wwox/research/commit_candidates/CC-20260826-FIVECLAIM-PACKAGE-01.md	DISPOSITIONED	VPS appended a BATCH DISPOSITION naming a VPS batch; not copied — re-disposition belongs to the held science batch
Commit candidates (G4)	disease-models/wwox/research/commit_candidates/CC-20260826-GAPJUNCTION-ATTRIBUTION-01.md	ed770e7cd12daa581cb6853bef8d9f9a6cacf702	differs on main	git show 06ee25a:disease-models/wwox/research/commit_candidates/CC-20260826-GAPJUNCTION-ATTRIBUTION-01.md	DISPOSITIONED	VPS appended a BATCH DISPOSITION naming a VPS batch; not copied — re-disposition belongs to the held science batch
Commit candidates (G4)	disease-models/wwox/research/commit_candidates/CC-20260826-GSK3B-S9-AXIS-01.md	3efd302bceee3c1d7b3cc25a843241f588a3ccf2	differs on main	git show 06ee25a:disease-models/wwox/research/commit_candidates/CC-20260826-GSK3B-S9-AXIS-01.md	DISPOSITIONED	VPS appended a BATCH DISPOSITION naming a VPS batch; not copied — re-disposition belongs to the held science batch
Commit candidates (G4)	disease-models/wwox/research/commit_candidates/CC-20260826-INDEX-PRIORITY.md	4aee2a2e52722c27d116f128d18014a60d37788c	differs on main	git show 06ee25a:disease-models/wwox/research/commit_candidates/CC-20260826-INDEX-PRIORITY.md	DISPOSITIONED	VPS appended a BATCH DISPOSITION naming a VPS batch; not copied — re-disposition belongs to the held science batch
Commit candidates (G4)	disease-models/wwox/research/commit_candidates/CC-20260826-LITHIUM-BOUNDARY-01.md	830f5d8213f26319584ec7f3085d42a3f2ad02e0	differs on main	git show 06ee25a:disease-models/wwox/research/commit_candidates/CC-20260826-LITHIUM-BOUNDARY-01.md	DISPOSITIONED	VPS appended a BATCH DISPOSITION naming a VPS batch; not copied — re-disposition belongs to the held science batch
Commit candidates (G4)	disease-models/wwox/research/commit_candidates/CC-20260826-LOCATOR-PACKET-01.md	64dafbceba168178a0b9891de38e6f7d03cbcb0e	differs on main	git show 06ee25a:disease-models/wwox/research/commit_candidates/CC-20260826-LOCATOR-PACKET-01.md	DISPOSITIONED	VPS appended a BATCH DISPOSITION naming a VPS batch; not copied — re-disposition belongs to the held science batch
Commit candidates (G4)	disease-models/wwox/research/commit_candidates/CC-20260826-MTOR-DIRECTION-01.md	68b0190f3feae3280ff6beedd3544dd0aeab3b42	differs on main	git show 06ee25a:disease-models/wwox/research/commit_candidates/CC-20260826-MTOR-DIRECTION-01.md	DISPOSITIONED	VPS appended a BATCH DISPOSITION naming a VPS batch; not copied — re-disposition belongs to the held science batch
Commit candidates (G4)	disease-models/wwox/research/commit_candidates/CC-20260826-NMDAR-CONJUNCTION-01.md	0319f52fe5b969eeb7cd8f6ad788d65d7514ffec	differs on main	git show 06ee25a:disease-models/wwox/research/commit_candidates/CC-20260826-NMDAR-CONJUNCTION-01.md	DISPOSITIONED	VPS appended a BATCH DISPOSITION naming a VPS batch; not copied — re-disposition belongs to the held science batch
Commit candidates (G4)	disease-models/wwox/research/commit_candidates/CC-20260826-PANNEXIN-N16-01.md	048e9ae7d26ffcaf11d280b99b25aa256d839472	differs on main	git show 06ee25a:disease-models/wwox/research/commit_candidates/CC-20260826-PANNEXIN-N16-01.md	DISPOSITIONED	VPS appended a BATCH DISPOSITION naming a VPS batch; not copied — re-disposition belongs to the held science batch
Commit candidates (G4)	disease-models/wwox/research/commit_candidates/CC-20260826-PMID36828035-01.md	c6aafc0516f57906e592394a0ea359ee35646e28	differs on main	git show 06ee25a:disease-models/wwox/research/commit_candidates/CC-20260826-PMID36828035-01.md	DISPOSITIONED	VPS appended a BATCH DISPOSITION naming a VPS batch; not copied — re-disposition belongs to the held science batch
Commit candidates (G4)	disease-models/wwox/research/commit_candidates/CC-20260826-PMID36828035-02.md	74fce9465ce28a4043914ea454d41c04dbdc53bf	differs on main	git show 06ee25a:disease-models/wwox/research/commit_candidates/CC-20260826-PMID36828035-02.md	DISPOSITIONED	VPS appended a BATCH DISPOSITION naming a VPS batch; not copied — re-disposition belongs to the held science batch
Commit candidates (G4)	disease-models/wwox/research/commit_candidates/CC-20260826-PMID36828035-DURABILITY-01.md	db1d85449bc88a455deeeea63d8768f9fcbbee95	differs on main	git show 06ee25a:disease-models/wwox/research/commit_candidates/CC-20260826-PMID36828035-DURABILITY-01.md	DISPOSITIONED	VPS appended a BATCH DISPOSITION naming a VPS batch; not copied — re-disposition belongs to the held science batch
Commit candidates (G4)	disease-models/wwox/research/commit_candidates/CC-20260826-PROVENANCE-01.md	d1ba8b8067f4268fb075b849cfc34ee062039dc9	differs on main	git show 06ee25a:disease-models/wwox/research/commit_candidates/CC-20260826-PROVENANCE-01.md	DISPOSITIONED	VPS appended a BATCH DISPOSITION naming a VPS batch; not copied — re-disposition belongs to the held science batch
Commit candidates (G4)	disease-models/wwox/research/commit_candidates/CC-20260826-PROVENANCE-PAPER007-01.md	43e2f88b998738db0cc4a35ea5a34233d5dcb5d3	differs on main	git show 06ee25a:disease-models/wwox/research/commit_candidates/CC-20260826-PROVENANCE-PAPER007-01.md	DISPOSITIONED	VPS appended a BATCH DISPOSITION naming a VPS batch; not copied — re-disposition belongs to the held science batch
Commit candidates (G4)	disease-models/wwox/research/commit_candidates/CC-20260826-REVIEW-INDEX.md	a59a7f5b5ab918750613aee3b90bfe1a8ed45f77	differs on main	git show 06ee25a:disease-models/wwox/research/commit_candidates/CC-20260826-REVIEW-INDEX.md	DISPOSITIONED	VPS appended a BATCH DISPOSITION naming a VPS batch; not copied — re-disposition belongs to the held science batch
Commit candidates (G4)	disease-models/wwox/research/commit_candidates/CC-20260826-SEIZURE-RECONCILIATION-01.md	89f73509ff9f8db08aafc7707b4bb00ae83cbb8a	differs on main	git show 06ee25a:disease-models/wwox/research/commit_candidates/CC-20260826-SEIZURE-RECONCILIATION-01.md	DISPOSITIONED	VPS appended a BATCH DISPOSITION naming a VPS batch; not copied — re-disposition belongs to the held science batch
Commit candidates (G4)	disease-models/wwox/research/commit_candidates/CC-20260826-UPSTREAM-CITATION-FAILURE-01.md	09d54b7aaac0cf3b063ea289510dcf9599e42fce	differs on main	git show 06ee25a:disease-models/wwox/research/commit_candidates/CC-20260826-UPSTREAM-CITATION-FAILURE-01.md	DISPOSITIONED	VPS appended a BATCH DISPOSITION naming a VPS batch; not copied — re-disposition belongs to the held science batch
Commit candidates (G4)	disease-models/wwox/research/commit_candidates/CC-20260909-25331887-01.md	0f31f2522218243d0026eb82ed6aa6b40ed2c8fd	differs on main	git show 06ee25a:disease-models/wwox/research/commit_candidates/CC-20260909-25331887-01.md	DISPOSITIONED	VPS appended a BATCH DISPOSITION naming a VPS batch; not copied — re-disposition belongs to the held science batch
Commit candidates (G4)	disease-models/wwox/research/commit_candidates/CC-20260912-29724996-02.md	15653de84efd67fe2dbd714cc52658bc213e73d7	absent on main	git show 06ee25a:disease-models/wwox/research/commit_candidates/CC-20260912-29724996-02.md	RECOVERED	af09f7a (G4.3), RE-QUEUED with an appended disposition
Commit candidates (G4)	disease-models/wwox/research/commit_candidates/CC-20260913-15064722-01.md	76d22e6b0a57d6970b010dfcd322dd92eed8538d	absent on main	git show 06ee25a:disease-models/wwox/research/commit_candidates/CC-20260913-15064722-01.md	RECOVERED	af09f7a (G4.3), RE-QUEUED with an appended disposition
Commit candidates (G4)	disease-models/wwox/research/commit_candidates/CC-20260913-16941225-01.md	4d7bd595a34cbfada1392b4d417077932da8118f	absent on main	git show 06ee25a:disease-models/wwox/research/commit_candidates/CC-20260913-16941225-01.md	RECOVERED	af09f7a (G4.3), RE-QUEUED with an appended disposition
Commit candidates (G4)	disease-models/wwox/research/commit_candidates/CC-20260913-24369382-01.md	1e3e33ccb813a19580b256e0e7596d2f90ff1196	absent on main	git show 06ee25a:disease-models/wwox/research/commit_candidates/CC-20260913-24369382-01.md	RECOVERED	af09f7a (G4.3), RE-QUEUED with an appended disposition
Commit candidates (G4)	disease-models/wwox/research/commit_candidates/CC-20260913-24369382-02.md	7077dbe1f729c1757b46584c48c88d7c334ca171	absent on main	git show 06ee25a:disease-models/wwox/research/commit_candidates/CC-20260913-24369382-02.md	RECOVERED	af09f7a (G4.3), RE-QUEUED with an appended disposition
Commit candidates (G4)	disease-models/wwox/research/commit_candidates/CC-20260913-27869163-01.md	ae28d222dc5bafec5b4c2f5822490690a59610c1	absent on main	git show 06ee25a:disease-models/wwox/research/commit_candidates/CC-20260913-27869163-01.md	RECOVERED	af09f7a (G4.3), RE-QUEUED with an appended disposition
Commit candidates (G4)	disease-models/wwox/research/commit_candidates/CC-20260913-29724996-03.md	fd916cfe4a7fb4031c73121432bfb5bd3db7bacb	absent on main	git show 06ee25a:disease-models/wwox/research/commit_candidates/CC-20260913-29724996-03.md	RECOVERED	af09f7a (G4.3), RE-QUEUED with an appended disposition
Commit candidates (G4)	disease-models/wwox/research/commit_candidates/CC-20260913-35409089-01.md	c2ba5707cf28f74251185476104aa1f0b17370b0	absent on main	git show 06ee25a:disease-models/wwox/research/commit_candidates/CC-20260913-35409089-01.md	RECOVERED	af09f7a (G4.3), RE-QUEUED with an appended disposition
Commit candidates (G4)	disease-models/wwox/research/commit_candidates/CC-20260913-36828035-01.md	88bf6d7a6b05f3944eba75d3e1e03014b49aa25a	absent on main	git show 06ee25a:disease-models/wwox/research/commit_candidates/CC-20260913-36828035-01.md	RECOVERED	af09f7a (G4.3), RE-QUEUED with an appended disposition
Commit candidates (G4)	disease-models/wwox/research/commit_candidates/CC-20260913-39868255-01.md	230c289088b7119206d9f6a8564d37a54fa3d070	absent on main	git show 06ee25a:disease-models/wwox/research/commit_candidates/CC-20260913-39868255-01.md	RECOVERED	af09f7a (G4.3), RE-QUEUED with an appended disposition
Commit candidates (G4)	disease-models/wwox/research/commit_candidates/CC-20260913-ALDAZ-B002-01.md	836976823e68ea64f0cc7f979f57b9a8a37d7e36	absent on main	git show 06ee25a:disease-models/wwox/research/commit_candidates/CC-20260913-ALDAZ-B002-01.md	RECOVERED	af09f7a (G4.3), RE-QUEUED with an appended disposition
Commit candidates (G4)	disease-models/wwox/research/commit_candidates/CC-20260913-ALDAZ-B003-01.md	80f9d2aa1a964202614e6ccb4f9e6d99ef0cc842	absent on main	git show 06ee25a:disease-models/wwox/research/commit_candidates/CC-20260913-ALDAZ-B003-01.md	RECOVERED	af09f7a (G4.3), RE-QUEUED with an appended disposition
Commit candidates (G4)	disease-models/wwox/research/commit_candidates/CC-20260913-ALDAZ-B004-01.md	0b889acb0a6d4d136b8ca82f6ca128c986ea8fa0	absent on main	git show 06ee25a:disease-models/wwox/research/commit_candidates/CC-20260913-ALDAZ-B004-01.md	RECOVERED	af09f7a (G4.3), RE-QUEUED with an appended disposition
Commit candidates (G4)	disease-models/wwox/research/commit_candidates/CC-20260913-ALDAZ-C003-01.md	330855036bd90a491e1eeb684f76ec72ed50549c	absent on main	git show 06ee25a:disease-models/wwox/research/commit_candidates/CC-20260913-ALDAZ-C003-01.md	RECOVERED	af09f7a (G4.3), RE-QUEUED with an appended disposition
Commit candidates (G4)	disease-models/wwox/research/commit_candidates/CC-20260914-15266310-01.md	bcabc320f3858d8d77c161ec86f78cecbc52e024	absent on main	git show 06ee25a:disease-models/wwox/research/commit_candidates/CC-20260914-15266310-01.md	RECOVERED	af09f7a (G4.3), RE-QUEUED with an appended disposition
Commit candidates (G4)	disease-models/wwox/research/commit_candidates/CC-20260914-15870886-01.md	4fdaa8444a5e52369711cb8eea4b45b4f0751d34	absent on main	git show 06ee25a:disease-models/wwox/research/commit_candidates/CC-20260914-15870886-01.md	RECOVERED	af09f7a (G4.3), RE-QUEUED with an appended disposition
Commit candidates (G4)	disease-models/wwox/research/commit_candidates/CC-20260914-16152610-01.md	455fda30376ee1ac8affb3477edce5cca9ba9f0c	absent on main	git show 06ee25a:disease-models/wwox/research/commit_candidates/CC-20260914-16152610-01.md	RECOVERED	af09f7a (G4.3), RE-QUEUED with an appended disposition
Commit candidates (G4)	disease-models/wwox/research/commit_candidates/CC-20260914-16187332-01.md	7fb489c1c3360f5b6a35bc14fda644eef1ebda4e	absent on main	git show 06ee25a:disease-models/wwox/research/commit_candidates/CC-20260914-16187332-01.md	RECOVERED	af09f7a (G4.3), RE-QUEUED with an appended disposition
Commit candidates (G4)	disease-models/wwox/research/commit_candidates/CC-20260914-17823927-01.md	4642096fccd6a317ce1ec5cedf13d2b294c21ff7	absent on main	git show 06ee25a:disease-models/wwox/research/commit_candidates/CC-20260914-17823927-01.md	RECOVERED	af09f7a (G4.3), RE-QUEUED with an appended disposition
Commit candidates (G4)	disease-models/wwox/research/commit_candidates/CC-20260914-18047428-01.md	e8e7a513fee995e3827b1dd6c5de1218826cc4fe	absent on main	git show 06ee25a:disease-models/wwox/research/commit_candidates/CC-20260914-18047428-01.md	RECOVERED	af09f7a (G4.3), RE-QUEUED with an appended disposition
Commit candidates (G4)	disease-models/wwox/research/commit_candidates/CC-20260914-18061530-01.md	a6af527fe7d1c81bcc625956b0e4bcef9c1a36c2	absent on main	git show 06ee25a:disease-models/wwox/research/commit_candidates/CC-20260914-18061530-01.md	RECOVERED	af09f7a (G4.3), RE-QUEUED with an appended disposition
Commit candidates (G4)	disease-models/wwox/research/commit_candidates/CC-20260914-18452537-01.md	34f36ce588841199784538bdf56c34f14253838a	absent on main	git show 06ee25a:disease-models/wwox/research/commit_candidates/CC-20260914-18452537-01.md	RECOVERED	af09f7a (G4.3), RE-QUEUED with an appended disposition
Commit candidates (G4)	disease-models/wwox/research/commit_candidates/CC-20260914-22574198-01.md	3d23d3644b7a786c5fbf4b24dba22e480bed4e5f	absent on main	git show 06ee25a:disease-models/wwox/research/commit_candidates/CC-20260914-22574198-01.md	RECOVERED	af09f7a (G4.3), RE-QUEUED with an appended disposition
Commit candidates (G4)	disease-models/wwox/research/commit_candidates/CC-20260914-24330518-01.md	9b35437eedc2dfd76d52c0c51496bc2d2ae2b38c	absent on main	git show 06ee25a:disease-models/wwox/research/commit_candidates/CC-20260914-24330518-01.md	RECOVERED	af09f7a (G4.3), RE-QUEUED with an appended disposition
Commit candidates (G4)	disease-models/wwox/research/commit_candidates/CC-20260914-25024751-01.md	a8f7e41d43c5970924f63e8d565a4b53131fb7bb	absent on main	git show 06ee25a:disease-models/wwox/research/commit_candidates/CC-20260914-25024751-01.md	RECOVERED	af09f7a (G4.3), RE-QUEUED with an appended disposition
Commit candidates (G4)	disease-models/wwox/research/commit_candidates/CC-20260914-28283473-01.md	245fb23b3367d6daee9f2330577ce127deeb5838	absent on main	git show 06ee25a:disease-models/wwox/research/commit_candidates/CC-20260914-28283473-01.md	RECOVERED	af09f7a (G4.3), RE-QUEUED with an appended disposition
Commit candidates (G4)	disease-models/wwox/research/commit_candidates/CC-20260914-29724996-04.md	fb73e0d9764c58d38278110a18efee765a97a6f8	absent on main	git show 06ee25a:disease-models/wwox/research/commit_candidates/CC-20260914-29724996-04.md	RECOVERED	af09f7a (G4.3), RE-QUEUED with an appended disposition
Commit candidates (G4)	disease-models/wwox/research/commit_candidates/CC-20260914-30285739-01.md	c3ac7c8c60775059a83bd0de2b3dad889bb6795a	absent on main	git show 06ee25a:disease-models/wwox/research/commit_candidates/CC-20260914-30285739-01.md	RECOVERED	af09f7a (G4.3), RE-QUEUED with an appended disposition
Commit candidates (G4)	disease-models/wwox/research/commit_candidates/CC-20260914-31275852-01.md	2b0bfb10061d60c98702df6250445d548bbe5427	absent on main	git show 06ee25a:disease-models/wwox/research/commit_candidates/CC-20260914-31275852-01.md	RECOVERED	af09f7a (G4.3), RE-QUEUED with an appended disposition
Commit candidates (G4)	disease-models/wwox/research/commit_candidates/CC-20260914-41090157-01.md	10c6a1b451ecb505ec56eeb1da0f00c29c07e7b1	absent on main	git show 06ee25a:disease-models/wwox/research/commit_candidates/CC-20260914-41090157-01.md	RECOVERED	af09f7a (G4.3), RE-QUEUED with an appended disposition
Commit candidates (G4)	disease-models/wwox/research/commit_candidates/CC-20260914-CLAIM026-CLINICAL-01.md	e48e5227bc34f110e08d7101a260791f52ab93fa	absent on main	git show 06ee25a:disease-models/wwox/research/commit_candidates/CC-20260914-CLAIM026-CLINICAL-01.md	RECOVERED	af09f7a (G4.3), RE-QUEUED with an appended disposition
Commit candidates (G4)	disease-models/wwox/research/commit_candidates/CC-20260914-CLAIM032-LIMIT-01.md	47c7c4c2db513073f2ee91d0be70ce38a3720687	absent on main	git show 06ee25a:disease-models/wwox/research/commit_candidates/CC-20260914-CLAIM032-LIMIT-01.md	RECOVERED	af09f7a (G4.3), RE-QUEUED with an appended disposition
Commit candidates (G4)	disease-models/wwox/research/commit_candidates/CC-20260914-EVIDENCE-DEPTH-01.md	dde5f76cc0e1236d0ec85ca2eb92624a730a6e79	absent on main	git show 06ee25a:disease-models/wwox/research/commit_candidates/CC-20260914-EVIDENCE-DEPTH-01.md	RECOVERED	af09f7a (G4.3), RE-QUEUED with an appended disposition
Commit candidates (G4)	disease-models/wwox/research/commit_candidates/CC-20260914-LIT-VOCAB-01.md	9b8957f1c47378ee84af4dba7a8792a6bcc2a506	absent on main	git show 06ee25a:disease-models/wwox/research/commit_candidates/CC-20260914-LIT-VOCAB-01.md	RECOVERED	af09f7a (G4.3), RE-QUEUED with an appended disposition
Commit candidates (G4)	disease-models/wwox/research/commit_candidates/CC-20260914-PLACEHOLDER-IDENTITY-01.md	1b963695fa5c1bff399d5a7fc68aa1b1f9ac7a4f	absent on main	git show 06ee25a:disease-models/wwox/research/commit_candidates/CC-20260914-PLACEHOLDER-IDENTITY-01.md	RECOVERED	af09f7a (G4.3), RE-QUEUED with an appended disposition
Commit candidates (G4)	disease-models/wwox/research/commit_candidates/CC-20260914-PLACEHOLDER-READS-01.md	eff5786ddb0bac363ae730d79b807b969981aaf5	absent on main	git show 06ee25a:disease-models/wwox/research/commit_candidates/CC-20260914-PLACEHOLDER-READS-01.md	RECOVERED	af09f7a (G4.3), RE-QUEUED with an appended disposition
Commit candidates (G4)	disease-models/wwox/research/commit_candidates/CC-20260914-UNRECORDED-READS-01.md	0ddb624d8a20951aed753aa6158e7636a285db38	absent on main	git show 06ee25a:disease-models/wwox/research/commit_candidates/CC-20260914-UNRECORDED-READS-01.md	RECOVERED	af09f7a (G4.3), RE-QUEUED with an appended disposition
Commit candidates (G4)	disease-models/wwox/research/commit_candidates/PROPOSAL-20260810-EVIDENCE-PAIR-RATCHET.md	3e46f6d1c94f9bc7d72c6f246ca8e815689f4db5	differs on main	git show 06ee25a:disease-models/wwox/research/commit_candidates/PROPOSAL-20260810-EVIDENCE-PAIR-RATCHET.md	DISPOSITIONED	VPS appended a BATCH DISPOSITION naming a VPS batch; not copied — re-disposition belongs to the held science batch
Commit candidates (G4)	disease-models/wwox/research/commit_candidates/PROPOSAL-20260826-LOCATOR-TO-CLAIM-PROPAGATION.md	22d32c822e97b1ef5da43c62fa1505241bbf919c	differs on main	git show 06ee25a:disease-models/wwox/research/commit_candidates/PROPOSAL-20260826-LOCATOR-TO-CLAIM-PROPAGATION.md	DISPOSITIONED	VPS appended a BATCH DISPOSITION naming a VPS batch; not copied — re-disposition belongs to the held science batch
Comparison notes (analysis)	disease-models/wwox/analysis/comparison_notes/2026-09-13_JOINT_36828035_39868255.md	e0d3238f16d60f01bccbffad8307b9936dae7bf9	absent on main	git show 06ee25a:disease-models/wwox/analysis/comparison_notes/2026-09-13_JOINT_36828035_39868255.md	DISPOSITIONED	kept in the VPS backup by operator decision A1 (historical record; `git show 06ee25a:<path>`)
Comparison notes (analysis)	disease-models/wwox/analysis/comparison_notes/2026-09-13_JOINT_WWOX_BRCA1_pair.md	3c9b0701096b566aee6df2f5a58b6479b9dd2b49	absent on main	git show 06ee25a:disease-models/wwox/analysis/comparison_notes/2026-09-13_JOINT_WWOX_BRCA1_pair.md	DISPOSITIONED	kept in the VPS backup by operator decision A1 (historical record; `git show 06ee25a:<path>`)
Comparison notes (analysis)	disease-models/wwox/analysis/comparison_notes/2026-09-13_M4B_PMID15064722.md	b146707a00924a6a90c04fb04771c89a1fcd022a	absent on main	git show 06ee25a:disease-models/wwox/analysis/comparison_notes/2026-09-13_M4B_PMID15064722.md	DISPOSITIONED	kept in the VPS backup by operator decision A1 (historical record; `git show 06ee25a:<path>`)
Comparison notes (analysis)	disease-models/wwox/analysis/comparison_notes/2026-09-13_M4B_PMID24369382.md	ccdec697252aa0038f7c8888d66e14e44a9c0c13	absent on main	git show 06ee25a:disease-models/wwox/analysis/comparison_notes/2026-09-13_M4B_PMID24369382.md	RECOVERED	af09f7a: recovered as a receipt-declared output, VPS identifiers annotated
Comparison notes (analysis)	disease-models/wwox/analysis/comparison_notes/2026-09-13_M4B_PMID24932569.md	1c4788cbb8f8e971f9d19619e97dc10fcd52adc3	absent on main	git show 06ee25a:disease-models/wwox/analysis/comparison_notes/2026-09-13_M4B_PMID24932569.md	DISPOSITIONED	kept in the VPS backup by operator decision A1 (historical record; `git show 06ee25a:<path>`)
Comparison notes (analysis)	disease-models/wwox/analysis/comparison_notes/2026-09-13_M4B_PMID27869163.md	8845417790d0b42d0b9ae8868e632d8a2c2d263e	absent on main	git show 06ee25a:disease-models/wwox/analysis/comparison_notes/2026-09-13_M4B_PMID27869163.md	DISPOSITIONED	kept in the VPS backup by operator decision A1 (historical record; `git show 06ee25a:<path>`)
Comparison notes (analysis)	disease-models/wwox/analysis/comparison_notes/2026-09-13_M4B_PMID30619736.md	509765c0a98ed792b4a9158bcf94579e72efe985	absent on main	git show 06ee25a:disease-models/wwox/analysis/comparison_notes/2026-09-13_M4B_PMID30619736.md	DISPOSITIONED	kept in the VPS backup by operator decision A1 (historical record; `git show 06ee25a:<path>`)
Comparison notes (analysis)	disease-models/wwox/analysis/comparison_notes/2026-09-13_M4B_PMID35409089.md	be54d2aae6658677230c810f0e34e55d0d6f4c0f	absent on main	git show 06ee25a:disease-models/wwox/analysis/comparison_notes/2026-09-13_M4B_PMID35409089.md	DISPOSITIONED	kept in the VPS backup by operator decision A1 (historical record; `git show 06ee25a:<path>`)
Comparison notes (analysis)	disease-models/wwox/analysis/comparison_notes/2026-09-13_M4B_PMID36828035.md	79fcecdb40b2255a90987e7bfd08492f619e42b7	absent on main	git show 06ee25a:disease-models/wwox/analysis/comparison_notes/2026-09-13_M4B_PMID36828035.md	DISPOSITIONED	kept in the VPS backup by operator decision A1 (historical record; `git show 06ee25a:<path>`)
Comparison notes (analysis)	disease-models/wwox/analysis/comparison_notes/2026-09-13_M4B_PMID39868255.md	e4502409a1f2d32336b6d6ddc6a165b2626c03a2	absent on main	git show 06ee25a:disease-models/wwox/analysis/comparison_notes/2026-09-13_M4B_PMID39868255.md	DISPOSITIONED	kept in the VPS backup by operator decision A1 (historical record; `git show 06ee25a:<path>`)
Comparison notes (analysis)	disease-models/wwox/analysis/comparison_notes/2026-09-14_M4B_PMID30285739.md	1c6ed234597c5cf6b542c459af64f49a83cc63e8	absent on main	git show 06ee25a:disease-models/wwox/analysis/comparison_notes/2026-09-14_M4B_PMID30285739.md	RECOVERED	af09f7a: recovered as a receipt-declared output, VPS identifiers annotated
Comparison notes (research)	disease-models/wwox/research/comparison_notes/2026-09-12_PMID29724996_check_round2.txt	b729bc30554a3769cff32848d730c07423246049	absent on main	git show 06ee25a:disease-models/wwox/research/comparison_notes/2026-09-12_PMID29724996_check_round2.txt	DISPOSITIONED	kept in the VPS backup by operator decision A1 (historical record; `git show 06ee25a:<path>`)
Comparison notes (research)	disease-models/wwox/research/comparison_notes/2026-09-12_PMID29724996_comparison_ORIGINAL.md	fdc0788296b4d6596da7cfc6b54ebc51534eab40	absent on main	git show 06ee25a:disease-models/wwox/research/comparison_notes/2026-09-12_PMID29724996_comparison_ORIGINAL.md	DISPOSITIONED	kept in the VPS backup by operator decision A1 (historical record; `git show 06ee25a:<path>`)
Comparison notes (research)	disease-models/wwox/research/comparison_notes/2026-09-12_PMID29724996_comparison_REPAIRED.md	f6258b8e17752b804342bfb0bd43018a93fac82e	absent on main	git show 06ee25a:disease-models/wwox/research/comparison_notes/2026-09-12_PMID29724996_comparison_REPAIRED.md	DISPOSITIONED	kept in the VPS backup by operator decision A1 (historical record; `git show 06ee25a:<path>`)
Comparison notes (research)	disease-models/wwox/research/comparison_notes/2026-09-12_use_trial_criteria.md	76b91c675942a41dae7ea63e319f88e0d9c943ee	absent on main	git show 06ee25a:disease-models/wwox/research/comparison_notes/2026-09-12_use_trial_criteria.md	DISPOSITIONED	kept in the VPS backup by operator decision A1 (historical record; `git show 06ee25a:<path>`)
Comparison notes (research)	disease-models/wwox/research/comparison_notes/2026-09-12_verification_ORIGINAL.md	285090e7bf146ec3895b193972357c89b2041564	absent on main	git show 06ee25a:disease-models/wwox/research/comparison_notes/2026-09-12_verification_ORIGINAL.md	DISPOSITIONED	kept in the VPS backup by operator decision A1 (historical record; `git show 06ee25a:<path>`)
Comparison notes (research)	disease-models/wwox/research/comparison_notes/2026-09-12_verification_REPAIRED_round1_extracted_from_transcript.md	99a48a61a7cd2475de59ec5ab3e3ded5228b6692	absent on main	git show 06ee25a:disease-models/wwox/research/comparison_notes/2026-09-12_verification_REPAIRED_round1_extracted_from_transcript.md	DISPOSITIONED	kept in the VPS backup by operator decision A1 (historical record; `git show 06ee25a:<path>`)
Comparison notes (research)	disease-models/wwox/research/comparison_notes/2026-09-12_verifier_expectations_ORIGINAL.md	a4af09b11d099fcef80e7f1714422b9a77f6a20b	absent on main	git show 06ee25a:disease-models/wwox/research/comparison_notes/2026-09-12_verifier_expectations_ORIGINAL.md	DISPOSITIONED	kept in the VPS backup by operator decision A1 (historical record; `git show 06ee25a:<path>`)
Comparison notes (research)	disease-models/wwox/research/comparison_notes/2026-09-13_ALDAZ-FT-B-003_comparison.md	94144dcdbb7edd79f9cdc34098b395f09c824dd5	absent on main	git show 06ee25a:disease-models/wwox/research/comparison_notes/2026-09-13_ALDAZ-FT-B-003_comparison.md	DISPOSITIONED	kept in the VPS backup by operator decision A1 (historical record; `git show 06ee25a:<path>`)
Comparison notes (research)	disease-models/wwox/research/comparison_notes/2026-09-13_ALDAZ-FT-B-004_comparison.md	36e38109d5fffc543b2374cfcc2d0a20ad96b894	absent on main	git show 06ee25a:disease-models/wwox/research/comparison_notes/2026-09-13_ALDAZ-FT-B-004_comparison.md	RECOVERED	af09f7a: recovered as a receipt-declared output, VPS identifiers annotated
Comparison notes (research)	disease-models/wwox/research/comparison_notes/2026-09-13_PMID16941225_comparison.md	d74f459e324e502f2bfd245c5b6ca3580a32af42	absent on main	git show 06ee25a:disease-models/wwox/research/comparison_notes/2026-09-13_PMID16941225_comparison.md	DISPOSITIONED	kept in the VPS backup by operator decision A1 (historical record; `git show 06ee25a:<path>`)
Comparison notes (research)	disease-models/wwox/research/comparison_notes/2026-09-13_PMID29724996_check_V3.txt	4cf9532f51db048df81d6435dc28463d3f163c47	absent on main	git show 06ee25a:disease-models/wwox/research/comparison_notes/2026-09-13_PMID29724996_check_V3.txt	DISPOSITIONED	kept in the VPS backup by operator decision A1 (historical record; `git show 06ee25a:<path>`)
Comparison notes (research)	disease-models/wwox/research/comparison_notes/2026-09-13_PMID29724996_check_V4.txt	d99ccdd9b7d553e21678ffd512264f1b2b339a2c	absent on main	git show 06ee25a:disease-models/wwox/research/comparison_notes/2026-09-13_PMID29724996_check_V4.txt	DISPOSITIONED	kept in the VPS backup by operator decision A1 (historical record; `git show 06ee25a:<path>`)
Comparison notes (research)	disease-models/wwox/research/comparison_notes/2026-09-13_PMID29724996_comparison_V3.md	451d6c359e452ab8f16de7affffffc97058c29bb	absent on main	git show 06ee25a:disease-models/wwox/research/comparison_notes/2026-09-13_PMID29724996_comparison_V3.md	DISPOSITIONED	kept in the VPS backup by operator decision A1 (historical record; `git show 06ee25a:<path>`)
Comparison notes (research)	disease-models/wwox/research/comparison_notes/2026-09-13_PMID29724996_comparison_V4.md	6d4ba2454eb5631d5999e8c78b8f549283473622	absent on main	git show 06ee25a:disease-models/wwox/research/comparison_notes/2026-09-13_PMID29724996_comparison_V4.md	DISPOSITIONED	kept in the VPS backup by operator decision A1 (historical record; `git show 06ee25a:<path>`)
Comparison notes (research)	disease-models/wwox/research/comparison_notes/2026-09-13_reexamination_V4_extracted_from_transcript.md	b4f9dc085e663dac88df9e47855f404f42fc51c7	absent on main	git show 06ee25a:disease-models/wwox/research/comparison_notes/2026-09-13_reexamination_V4_extracted_from_transcript.md	DISPOSITIONED	kept in the VPS backup by operator decision A1 (historical record; `git show 06ee25a:<path>`)
Comparison notes (research)	disease-models/wwox/research/comparison_notes/2026-09-13_verification_V3_extracted_from_transcript.md	058f4ec5e4582a507a46110174b011766c41852c	absent on main	git show 06ee25a:disease-models/wwox/research/comparison_notes/2026-09-13_verification_V3_extracted_from_transcript.md	DISPOSITIONED	kept in the VPS backup by operator decision A1 (historical record; `git show 06ee25a:<path>`)
Consolidation verifications	disease-models/wwox/research/consolidation_verification_20260912/expectations_written_before_opening_the_proposals.md	4e2e0effd1510cce4192e2ce10a665f8b674cae9	absent on main	git show 06ee25a:disease-models/wwox/research/consolidation_verification_20260912/expectations_written_before_opening_the_proposals.md	DISPOSITIONED	kept in the VPS backup by operator decision A1 (historical record; `git show 06ee25a:<path>`)
Consolidation verifications	disease-models/wwox/research/consolidation_verification_20260912/verification_report.md	0025a5d2ecedaa4868db03c77928a6d7408e0981	absent on main	git show 06ee25a:disease-models/wwox/research/consolidation_verification_20260912/verification_report.md	DISPOSITIONED	kept in the VPS backup by operator decision A1 (historical record; `git show 06ee25a:<path>`)
Consolidation verifications	disease-models/wwox/research/consolidation_verification_20260913/expectations_sealed_before_opening_any_surface.md	4f309d73ed6b19b0ff2b5a2ffbc61ce2e699bde4	absent on main	git show 06ee25a:disease-models/wwox/research/consolidation_verification_20260913/expectations_sealed_before_opening_any_surface.md	DISPOSITIONED	kept in the VPS backup by operator decision A1 (historical record; `git show 06ee25a:<path>`)
Consolidation verifications	disease-models/wwox/research/consolidation_verification_20260913/verification_report_extracted_from_transcript.md	b060b7f3fd26e9b0bf3cc56bb2d4b972068fa21c	absent on main	git show 06ee25a:disease-models/wwox/research/consolidation_verification_20260913/verification_report_extracted_from_transcript.md	DISPOSITIONED	kept in the VPS backup by operator decision A1 (historical record; `git show 06ee25a:<path>`)
Deep-dive manifests (G4)	disease-models/wwox/research/deepdive_manifests/PMID14526170.json	a06d519aa6e61fe78399a22488cc0369c081203b	absent on main	git show 06ee25a:disease-models/wwox/research/deepdive_manifests/PMID14526170.json	RECOVERED	af09f7a (G4.3), references renumbered
Deep-dive manifests (G4)	disease-models/wwox/research/deepdive_manifests/PMID15064722.json	486cb76e23c82f7af8ec49309dddfaa33778aad6	absent on main	git show 06ee25a:disease-models/wwox/research/deepdive_manifests/PMID15064722.json	RECOVERED	af09f7a (G4.3), references renumbered
Deep-dive manifests (G4)	disease-models/wwox/research/deepdive_manifests/PMID15266310.json	a5fca7e946b4e8626866ae79c2a1074821850f58	absent on main	git show 06ee25a:disease-models/wwox/research/deepdive_manifests/PMID15266310.json	RECOVERED	af09f7a (G4.3), references renumbered
Deep-dive manifests (G4)	disease-models/wwox/research/deepdive_manifests/PMID15692750.json	e2246383ce21404e740365b5e291686d0f075e41	absent on main	git show 06ee25a:disease-models/wwox/research/deepdive_manifests/PMID15692750.json	RECOVERED	af09f7a (G4.3), references renumbered
Deep-dive manifests (G4)	disease-models/wwox/research/deepdive_manifests/PMID15870886.json	8cd98cef967981faab5bcde5099ca2d7b9e99e73	absent on main	git show 06ee25a:disease-models/wwox/research/deepdive_manifests/PMID15870886.json	RECOVERED	af09f7a (G4.3), references renumbered
Deep-dive manifests (G4)	disease-models/wwox/research/deepdive_manifests/PMID15982416.json	e6c7624af313c8cc8227414fbd5b1e82df9b39fe	absent on main	git show 06ee25a:disease-models/wwox/research/deepdive_manifests/PMID15982416.json	RECOVERED	af09f7a (G4.3), references renumbered
Deep-dive manifests (G4)	disease-models/wwox/research/deepdive_manifests/PMID16152610.json	014929d4ee37b6ab6357bb109618b8367220a85f	absent on main	git show 06ee25a:disease-models/wwox/research/deepdive_manifests/PMID16152610.json	RECOVERED	af09f7a (G4.3), references renumbered
Deep-dive manifests (G4)	disease-models/wwox/research/deepdive_manifests/PMID16187332.json	ad633295662f1dcb49d95caa85a5dd45d9d8e567	absent on main	git show 06ee25a:disease-models/wwox/research/deepdive_manifests/PMID16187332.json	RECOVERED	af09f7a (G4.3), references renumbered
Deep-dive manifests (G4)	disease-models/wwox/research/deepdive_manifests/PMID16941225.json	931f592e1b601809ca3d8901847dfa2a9cbcd2ef	absent on main	git show 06ee25a:disease-models/wwox/research/deepdive_manifests/PMID16941225.json	RECOVERED	af09f7a (G4.3), references renumbered
Deep-dive manifests (G4)	disease-models/wwox/research/deepdive_manifests/PMID17823927.json	bd7ba7434f7a1c0b5a2b501647e934ced5b8bdf6	absent on main	git show 06ee25a:disease-models/wwox/research/deepdive_manifests/PMID17823927.json	RECOVERED	af09f7a (G4.3), references renumbered
Deep-dive manifests (G4)	disease-models/wwox/research/deepdive_manifests/PMID18047428.json	2554094eda8ee1ee515654cb689beeec3888c2e1	absent on main	git show 06ee25a:disease-models/wwox/research/deepdive_manifests/PMID18047428.json	RECOVERED	af09f7a (G4.3), references renumbered
Deep-dive manifests (G4)	disease-models/wwox/research/deepdive_manifests/PMID18061530.json	dd874753c9aa18c5a00d0ca0626f2345d0ac98b2	absent on main	git show 06ee25a:disease-models/wwox/research/deepdive_manifests/PMID18061530.json	RECOVERED	af09f7a (G4.3), references renumbered
Deep-dive manifests (G4)	disease-models/wwox/research/deepdive_manifests/PMID18452537.json	e33e2b864ae8dec38c137f8c000268cb560dcc54	absent on main	git show 06ee25a:disease-models/wwox/research/deepdive_manifests/PMID18452537.json	RECOVERED	af09f7a (G4.3), references renumbered
Deep-dive manifests (G4)	disease-models/wwox/research/deepdive_manifests/PMID22574198.json	bd79ed6e57898914a809ba86025c8e071daecbdc	absent on main	git show 06ee25a:disease-models/wwox/research/deepdive_manifests/PMID22574198.json	RECOVERED	af09f7a (G4.3), references renumbered
Deep-dive manifests (G4)	disease-models/wwox/research/deepdive_manifests/PMID24330518.json	f3ce651053dbd96b2f4bb0e8192ddbc952e7a259	absent on main	git show 06ee25a:disease-models/wwox/research/deepdive_manifests/PMID24330518.json	RECOVERED	af09f7a (G4.3), references renumbered
Deep-dive manifests (G4)	disease-models/wwox/research/deepdive_manifests/PMID24369382.json	7f679711c3cad2ae073396b1f8345d62ff3d9fb6	absent on main	git show 06ee25a:disease-models/wwox/research/deepdive_manifests/PMID24369382.json	RECOVERED	af09f7a (G4.3), references renumbered
Deep-dive manifests (G4)	disease-models/wwox/research/deepdive_manifests/PMID24932569.json	6fe4947257810bdb1b7763a43814d8b41de91d46	absent on main	git show 06ee25a:disease-models/wwox/research/deepdive_manifests/PMID24932569.json	RECOVERED	af09f7a (G4.3), references renumbered
Deep-dive manifests (G4)	disease-models/wwox/research/deepdive_manifests/PMID25024751.json	a0e5ba7c9ade563722713a188c6e7d4f8ac6d1d1	absent on main	git show 06ee25a:disease-models/wwox/research/deepdive_manifests/PMID25024751.json	RECOVERED	af09f7a (G4.3), references renumbered
Deep-dive manifests (G4)	disease-models/wwox/research/deepdive_manifests/PMID27869163.json	50c6c54972ceb7403324bc624abc48d814b99959	absent on main	git show 06ee25a:disease-models/wwox/research/deepdive_manifests/PMID27869163.json	RECOVERED	af09f7a (G4.3), references renumbered
Deep-dive manifests (G4)	disease-models/wwox/research/deepdive_manifests/PMID28283473.json	57fd7cdee2588500571c2789b8e153f90668ecbc	absent on main	git show 06ee25a:disease-models/wwox/research/deepdive_manifests/PMID28283473.json	RECOVERED	af09f7a (G4.3), references renumbered
Deep-dive manifests (G4)	disease-models/wwox/research/deepdive_manifests/PMID29724996.json	2cde4da7b3223ae0495c66855ee2f6d2056f1f3f	differs on main	git show 06ee25a:disease-models/wwox/research/deepdive_manifests/PMID29724996.json	RECOVERED	af09f7a (G4.3), references renumbered
Deep-dive manifests (G4)	disease-models/wwox/research/deepdive_manifests/PMID30285739.json	6095c82084dcc933e37dfb912d10f108934c3063	absent on main	git show 06ee25a:disease-models/wwox/research/deepdive_manifests/PMID30285739.json	RECOVERED	af09f7a (G4.3), references renumbered
Deep-dive manifests (G4)	disease-models/wwox/research/deepdive_manifests/PMID30619736.json	344e2cbf899ffe3971145f6033c2ff818822389d	absent on main	git show 06ee25a:disease-models/wwox/research/deepdive_manifests/PMID30619736.json	RECOVERED	af09f7a (G4.3), references renumbered
Deep-dive manifests (G4)	disease-models/wwox/research/deepdive_manifests/PMID31275852.json	83c95db0622b600824017fefbeccd9c41f694dd1	absent on main	git show 06ee25a:disease-models/wwox/research/deepdive_manifests/PMID31275852.json	RECOVERED	af09f7a (G4.3), references renumbered
Deep-dive manifests (G4)	disease-models/wwox/research/deepdive_manifests/PMID33058734.json	a8e7d4ab68bc0146a9244e2042bd7ce3e9246970	absent on main	git show 06ee25a:disease-models/wwox/research/deepdive_manifests/PMID33058734.json	RECOVERED	af09f7a (G4.3), references renumbered
Deep-dive manifests (G4)	disease-models/wwox/research/deepdive_manifests/PMID35409089.json	9d0f888a13ca854221c45f2307e5a32cea41d4dc	absent on main	git show 06ee25a:disease-models/wwox/research/deepdive_manifests/PMID35409089.json	RECOVERED	af09f7a (G4.3), references renumbered
Deep-dive manifests (G4)	disease-models/wwox/research/deepdive_manifests/PMID36828035.json	bbf3bbf148debab25112e783e0158c2524279d30	differs on main	git show 06ee25a:disease-models/wwox/research/deepdive_manifests/PMID36828035.json	RECOVERED	af09f7a (G4.3), references renumbered
Deep-dive manifests (G4)	disease-models/wwox/research/deepdive_manifests/PMID38563965.json	a2f6ed1690797a431253a8a0c48d57b6afb77e6e	absent on main	git show 06ee25a:disease-models/wwox/research/deepdive_manifests/PMID38563965.json	RECOVERED	af09f7a (G4.3), references renumbered
Deep-dive manifests (G4)	disease-models/wwox/research/deepdive_manifests/PMID39868255.json	594cbca7103527887d4701c37d2c75b0cdd3f053	absent on main	git show 06ee25a:disease-models/wwox/research/deepdive_manifests/PMID39868255.json	RECOVERED	af09f7a (G4.3), references renumbered
Deep-dive manifests (G4)	disease-models/wwox/research/deepdive_manifests/PMID41090157.json	aff9de850cc88b61c449185af0b47fe6554bb504	absent on main	git show 06ee25a:disease-models/wwox/research/deepdive_manifests/PMID41090157.json	RECOVERED	af09f7a (G4.3), references renumbered
Full-text dossiers (G4)	disease-models/wwox/research/fulltext_dossiers/PMID14526170.md	b38efa0d6bc7d0b2bf523b6415187b98c961c374	absent on main	git show 06ee25a:disease-models/wwox/research/fulltext_dossiers/PMID14526170.md	RECOVERED	af09f7a (G4.3), references renumbered
Full-text dossiers (G4)	disease-models/wwox/research/fulltext_dossiers/PMID15064722.md	f3bc5c5d8191658a59985143410254c3945eaa25	absent on main	git show 06ee25a:disease-models/wwox/research/fulltext_dossiers/PMID15064722.md	RECOVERED	af09f7a (G4.3), references renumbered
Full-text dossiers (G4)	disease-models/wwox/research/fulltext_dossiers/PMID15266310.md	29dcb685f5a20c31cd61e4cdfc0f959a2eeb6ec2	absent on main	git show 06ee25a:disease-models/wwox/research/fulltext_dossiers/PMID15266310.md	RECOVERED	af09f7a (G4.3), references renumbered
Full-text dossiers (G4)	disease-models/wwox/research/fulltext_dossiers/PMID15692750.md	674031e469e6295cc3262efa7d1ee8117e811837	absent on main	git show 06ee25a:disease-models/wwox/research/fulltext_dossiers/PMID15692750.md	RECOVERED	af09f7a (G4.3), references renumbered
Full-text dossiers (G4)	disease-models/wwox/research/fulltext_dossiers/PMID15870886.md	2b989bee77b52bbc19511b8de133e706dfbe3b9c	absent on main	git show 06ee25a:disease-models/wwox/research/fulltext_dossiers/PMID15870886.md	RECOVERED	af09f7a (G4.3), references renumbered
Full-text dossiers (G4)	disease-models/wwox/research/fulltext_dossiers/PMID15982416.md	b3aaeb81c73bb3e78617190612ace4e81db9aea9	absent on main	git show 06ee25a:disease-models/wwox/research/fulltext_dossiers/PMID15982416.md	RECOVERED	af09f7a (G4.3), references renumbered
Full-text dossiers (G4)	disease-models/wwox/research/fulltext_dossiers/PMID16152610.md	35fa43150eb5a7e3506c496c55c8d82d937f3223	absent on main	git show 06ee25a:disease-models/wwox/research/fulltext_dossiers/PMID16152610.md	RECOVERED	af09f7a (G4.3), references renumbered
Full-text dossiers (G4)	disease-models/wwox/research/fulltext_dossiers/PMID16187332.md	c3822f50a6ff19f546208becfe63975b072f885f	absent on main	git show 06ee25a:disease-models/wwox/research/fulltext_dossiers/PMID16187332.md	RECOVERED	af09f7a (G4.3), references renumbered
Full-text dossiers (G4)	disease-models/wwox/research/fulltext_dossiers/PMID16941225.md	c55a36f23972780e3f18a3550745c5a13d11881a	absent on main	git show 06ee25a:disease-models/wwox/research/fulltext_dossiers/PMID16941225.md	RECOVERED	af09f7a (G4.3), references renumbered
Full-text dossiers (G4)	disease-models/wwox/research/fulltext_dossiers/PMID17823927.md	93f71b511f729e1c9bc8ab1d0a363bd12f76c7be	absent on main	git show 06ee25a:disease-models/wwox/research/fulltext_dossiers/PMID17823927.md	RECOVERED	af09f7a (G4.3), references renumbered
Full-text dossiers (G4)	disease-models/wwox/research/fulltext_dossiers/PMID18047428.md	766c177302e1fa6d594193cee7934dea4ff1f178	absent on main	git show 06ee25a:disease-models/wwox/research/fulltext_dossiers/PMID18047428.md	RECOVERED	af09f7a (G4.3), references renumbered
Full-text dossiers (G4)	disease-models/wwox/research/fulltext_dossiers/PMID18061530.md	110d43becc50c733774d99916237c794a383098f	absent on main	git show 06ee25a:disease-models/wwox/research/fulltext_dossiers/PMID18061530.md	RECOVERED	af09f7a (G4.3), references renumbered
Full-text dossiers (G4)	disease-models/wwox/research/fulltext_dossiers/PMID18452537.md	128d978f8bf8ce4ede41b046b320ae6ec825885c	absent on main	git show 06ee25a:disease-models/wwox/research/fulltext_dossiers/PMID18452537.md	RECOVERED	af09f7a (G4.3), references renumbered
Full-text dossiers (G4)	disease-models/wwox/research/fulltext_dossiers/PMID22574198.md	ae1061d1970be90ec18090b4026cf63a984140fe	absent on main	git show 06ee25a:disease-models/wwox/research/fulltext_dossiers/PMID22574198.md	RECOVERED	af09f7a (G4.3), references renumbered
Full-text dossiers (G4)	disease-models/wwox/research/fulltext_dossiers/PMID24330518.md	f9326c44fe43e9b484825e0ac207912be040cf06	absent on main	git show 06ee25a:disease-models/wwox/research/fulltext_dossiers/PMID24330518.md	RECOVERED	af09f7a (G4.3), references renumbered
Full-text dossiers (G4)	disease-models/wwox/research/fulltext_dossiers/PMID24369382.md	1317bb2e8c068c1baa75dda29815e42b1a9660e1	absent on main	git show 06ee25a:disease-models/wwox/research/fulltext_dossiers/PMID24369382.md	RECOVERED	af09f7a (G4.3), references renumbered
Full-text dossiers (G4)	disease-models/wwox/research/fulltext_dossiers/PMID24932569.md	f70140ab0cf5bd3a779b3ab50549d265808d8d2e	absent on main	git show 06ee25a:disease-models/wwox/research/fulltext_dossiers/PMID24932569.md	RECOVERED	af09f7a (G4.3), references renumbered
Full-text dossiers (G4)	disease-models/wwox/research/fulltext_dossiers/PMID25024751.md	73966018cf3ecb03f27f7523a6227c21f8b198e3	absent on main	git show 06ee25a:disease-models/wwox/research/fulltext_dossiers/PMID25024751.md	RECOVERED	af09f7a (G4.3), references renumbered
Full-text dossiers (G4)	disease-models/wwox/research/fulltext_dossiers/PMID25331887.md	a31dbb1dfd1db8685ad9a541a7a283694fd38199	differs on main	git show 06ee25a:disease-models/wwox/research/fulltext_dossiers/PMID25331887.md	RECOVERED	af09f7a (G4.3), references renumbered
Full-text dossiers (G4)	disease-models/wwox/research/fulltext_dossiers/PMID27869163.md	ec17f5493f9f752ec38eb78c05311e7cd96f90b6	absent on main	git show 06ee25a:disease-models/wwox/research/fulltext_dossiers/PMID27869163.md	RECOVERED	af09f7a (G4.3), references renumbered
Full-text dossiers (G4)	disease-models/wwox/research/fulltext_dossiers/PMID28283473.md	a3ef2f2f29002dc1ffec5ebb2fe39982eb9744a4	absent on main	git show 06ee25a:disease-models/wwox/research/fulltext_dossiers/PMID28283473.md	RECOVERED	af09f7a (G4.3), references renumbered
Full-text dossiers (G4)	disease-models/wwox/research/fulltext_dossiers/PMID29724996.md	f02ce8ec32e0d5152cee83e3500eb2e3f7d09a71	differs on main	git show 06ee25a:disease-models/wwox/research/fulltext_dossiers/PMID29724996.md	RECOVERED	af09f7a (G4.3), references renumbered
Full-text dossiers (G4)	disease-models/wwox/research/fulltext_dossiers/PMID30285739.md	3c69c5e434b175ac9fa5fa3ce5ad5c4226cb1b9d	absent on main	git show 06ee25a:disease-models/wwox/research/fulltext_dossiers/PMID30285739.md	RECOVERED	af09f7a (G4.3), references renumbered
Full-text dossiers (G4)	disease-models/wwox/research/fulltext_dossiers/PMID30619736.md	c52745915baf252f3c9f21e8da333958d8998f4b	absent on main	git show 06ee25a:disease-models/wwox/research/fulltext_dossiers/PMID30619736.md	RECOVERED	af09f7a (G4.3), references renumbered
Full-text dossiers (G4)	disease-models/wwox/research/fulltext_dossiers/PMID31275852.md	8c29d132f279fc7fcd186e66d9c97b1850ac9e6b	absent on main	git show 06ee25a:disease-models/wwox/research/fulltext_dossiers/PMID31275852.md	RECOVERED	af09f7a (G4.3), references renumbered
Full-text dossiers (G4)	disease-models/wwox/research/fulltext_dossiers/PMID33058734.md	3e073340cfaae34fb4a495856587edd1cf4f5aba	absent on main	git show 06ee25a:disease-models/wwox/research/fulltext_dossiers/PMID33058734.md	RECOVERED	af09f7a (G4.3), references renumbered
Full-text dossiers (G4)	disease-models/wwox/research/fulltext_dossiers/PMID35409089.md	5f57ebee2d3d489929148562337bd0f39407278d	absent on main	git show 06ee25a:disease-models/wwox/research/fulltext_dossiers/PMID35409089.md	RECOVERED	af09f7a (G4.3), references renumbered
Full-text dossiers (G4)	disease-models/wwox/research/fulltext_dossiers/PMID36828035.md	9bd6d04f96751b67f129440423afa2be916c61fd	absent on main	git show 06ee25a:disease-models/wwox/research/fulltext_dossiers/PMID36828035.md	RECOVERED	af09f7a (G4.3), references renumbered
Full-text dossiers (G4)	disease-models/wwox/research/fulltext_dossiers/PMID38563965.md	1eaa7885e68300a90c17a4117a4d012d774699c7	absent on main	git show 06ee25a:disease-models/wwox/research/fulltext_dossiers/PMID38563965.md	RECOVERED	af09f7a (G4.3), references renumbered
Full-text dossiers (G4)	disease-models/wwox/research/fulltext_dossiers/PMID39868255.md	a33ede16608a47f675694a50fb12ca4e879b5f7b	absent on main	git show 06ee25a:disease-models/wwox/research/fulltext_dossiers/PMID39868255.md	RECOVERED	af09f7a (G4.3), references renumbered
Full-text dossiers (G4)	disease-models/wwox/research/fulltext_dossiers/PMID41090157.md	dd059d00b3a2a13b52ac38a113f9ef52780921c4	absent on main	git show 06ee25a:disease-models/wwox/research/fulltext_dossiers/PMID41090157.md	RECOVERED	af09f7a (G4.3), references renumbered
Full-text dossiers (G4)	disease-models/wwox/research/fulltext_dossiers/PMID42128308_partial_locators.md	ae662b7bea7c346ec5b5743cae802ad7eb9ea826	differs on main	git show 06ee25a:disease-models/wwox/research/fulltext_dossiers/PMID42128308_partial_locators.md	RECOVERED	af09f7a (G4.3), references renumbered
Harness files not recovered or recovered in part (see §4)	.claude/settings.json	91795d7bfa8253a9001bb152753b00c3a55ee73d	differs on main	git show 06ee25a:.claude/settings.json	DISPOSITIONED	mandate-continuity package: present in the backup, not ported, awaiting operator decision (§21c reserved)
Harness files not recovered or recovered in part (see §4)	.claude/settings.json.example	fc63b38fefd0de574259993323799bce911976d8	differs on main	git show 06ee25a:.claude/settings.json.example	DISPOSITIONED	mandate-continuity package: present in the backup, not ported, awaiting operator decision (§21c reserved)
Harness files not recovered or recovered in part (see §4)	.claude/skills/find-fulltext/SKILL.md	5dd606ab7890203e6497c0a2ac3ff7e61433d894	differs on main	git show 06ee25a:.claude/skills/find-fulltext/SKILL.md	DISPOSITIONED	not ported: VPS skill-description rewrite; not ported (its guard, skill_description_census, was not ported)
Harness files not recovered or recovered in part (see §4)	.claude/skills/legend-aso-designer/SKILL.md	578a5e2f0a456b544c3d2c5a6f7a4bfe27d0c5a7	differs on main	git show 06ee25a:.claude/skills/legend-aso-designer/SKILL.md	DISPOSITIONED	not ported: VPS skill-description rewrite; not ported (its guard, skill_description_census, was not ported)
Harness files not recovered or recovered in part (see §4)	.claude/skills/legend-batch-inferential-sweep/SKILL.md	7093b1f4b0439222462e347765e7b84925c1d706	differs on main	git show 06ee25a:.claude/skills/legend-batch-inferential-sweep/SKILL.md	DISPOSITIONED	not ported: VPS skill-description rewrite; not ported (its guard, skill_description_census, was not ported)
Harness files not recovered or recovered in part (see §4)	.claude/skills/legend-capability-scout/SKILL.md	92c662a0fef60f442df1648e19ad56e39a5034a9	differs on main	git show 06ee25a:.claude/skills/legend-capability-scout/SKILL.md	DISPOSITIONED	not ported: VPS skill-description rewrite; not ported (its guard, skill_description_census, was not ported)
Harness files not recovered or recovered in part (see §4)	.claude/skills/legend-commit/SKILL.md	c806adb3608d0ee47fa0cabc061545e626672601	differs on main	git show 06ee25a:.claude/skills/legend-commit/SKILL.md	DISPOSITIONED	not ported: VPS skill-description rewrite; not ported (its guard, skill_description_census, was not ported)
Harness files not recovered or recovered in part (see §4)	.claude/skills/legend-dashboard/SKILL.md	ceed87e1ae4064322f4251524fd10490260e8879	differs on main	git show 06ee25a:.claude/skills/legend-dashboard/SKILL.md	DISPOSITIONED	not ported: VPS skill-description rewrite; not ported (its guard, skill_description_census, was not ported)
Harness files not recovered or recovered in part (see §4)	.claude/skills/legend-deepdive/SKILL.md	4e572294f65dac5413d4cfe1195dcfb2080b9634	differs on main	git show 06ee25a:.claude/skills/legend-deepdive/SKILL.md	RECOVERED	in part at 4be7217: VPS additions ported, never a VPS version over newer main code
Harness files not recovered or recovered in part (see §4)	.claude/skills/legend-discovery/SKILL.md	6569c51bc66a5c7007961870f20182943001d448	differs on main	git show 06ee25a:.claude/skills/legend-discovery/SKILL.md	DISPOSITIONED	not ported: VPS skill-description rewrite; not ported (its guard, skill_description_census, was not ported)
Harness files not recovered or recovered in part (see §4)	.claude/skills/legend-harness-scout/SKILL.md	5a7de257ad3ac4f9f5f96ba0adaf921885457894	differs on main	git show 06ee25a:.claude/skills/legend-harness-scout/SKILL.md	DISPOSITIONED	not ported: VPS skill-description rewrite; not ported (its guard, skill_description_census, was not ported)
Harness files not recovered or recovered in part (see §4)	.claude/skills/legend-hypothesis-forge/SKILL.md	95c86688eb73f3cfbeb4c03114be28ca16a3a368	differs on main	git show 06ee25a:.claude/skills/legend-hypothesis-forge/SKILL.md	DISPOSITIONED	not ported: VPS skill-description rewrite; not ported (its guard, skill_description_census, was not ported)
Harness files not recovered or recovered in part (see §4)	.claude/skills/legend-ingest/SKILL.md	bc0ba9622b4cfb53b583450a59cd986a9f8434d6	differs on main	git show 06ee25a:.claude/skills/legend-ingest/SKILL.md	DISPOSITIONED	not ported: VPS skill-description rewrite; not ported (its guard, skill_description_census, was not ported)
Harness files not recovered or recovered in part (see §4)	.claude/skills/legend-lint-repair-plan/SKILL.md	e6e5b49032ea7b2fc2c5cfcd9edb904c172bf731	differs on main	git show 06ee25a:.claude/skills/legend-lint-repair-plan/SKILL.md	DISPOSITIONED	not ported: VPS skill-description rewrite; not ported (its guard, skill_description_census, was not ported)
Harness files not recovered or recovered in part (see §4)	.claude/skills/legend-locator-audit/SKILL.md	9c70e69d058f4d81b22df52be56c354628ebd14d	differs on main	git show 06ee25a:.claude/skills/legend-locator-audit/SKILL.md	DISPOSITIONED	not ported: VPS skill-description rewrite; not ported (its guard, skill_description_census, was not ported)
Harness files not recovered or recovered in part (see §4)	.claude/skills/legend-paperqa/SKILL.md	739dd85dca051c544676e056ec9f31c2489192ae	differs on main	git show 06ee25a:.claude/skills/legend-paperqa/SKILL.md	DISPOSITIONED	not ported: VPS skill-description rewrite; not ported (its guard, skill_description_census, was not ported)
Harness files not recovered or recovered in part (see §4)	.claude/skills/legend-proband-priority-matrix/SKILL.md	cb6f5e5f3459707836cf3f0f2903ccfde9d1ad3d	differs on main	git show 06ee25a:.claude/skills/legend-proband-priority-matrix/SKILL.md	DISPOSITIONED	not ported: VPS skill-description rewrite; not ported (its guard, skill_description_census, was not ported)
Harness files not recovered or recovered in part (see §4)	.claude/skills/legend-research-loop/SKILL.md	6ede18eed23fafa8129ac9c71b0cb137809cec28	differs on main	git show 06ee25a:.claude/skills/legend-research-loop/SKILL.md	DISPOSITIONED	not ported: VPS skill-description rewrite; not ported (its guard, skill_description_census, was not ported)
Harness files not recovered or recovered in part (see §4)	.claude/skills/legend-safety-triage/SKILL.md	332650da567e18b5ce12a0041ad8da3298a67514	differs on main	git show 06ee25a:.claude/skills/legend-safety-triage/SKILL.md	DISPOSITIONED	not ported: VPS skill-description rewrite; not ported (its guard, skill_description_census, was not ported)
Harness files not recovered or recovered in part (see §4)	.claude/skills/legend-session-self-eval/SKILL.md	c15191e28834c220ab7e357623d13066660482c8	differs on main	git show 06ee25a:.claude/skills/legend-session-self-eval/SKILL.md	DISPOSITIONED	not ported: VPS skill-description rewrite; not ported (its guard, skill_description_census, was not ported)
Harness files not recovered or recovered in part (see §4)	.claude/skills/legend-session-takeaways/SKILL.md	9558124592d936bcb37c183a1e4c2d4071510f39	differs on main	git show 06ee25a:.claude/skills/legend-session-takeaways/SKILL.md	DISPOSITIONED	not ported: VPS skill-description rewrite; not ported (its guard, skill_description_census, was not ported)
Harness files not recovered or recovered in part (see §4)	.claude/skills/legend-start/SKILL.md	387bbfc8d5020d9110f3fdefc3aaa6574dd1d938	differs on main	git show 06ee25a:.claude/skills/legend-start/SKILL.md	DISPOSITIONED	mandate-continuity package: present in the backup, not ported, awaiting operator decision (§21c reserved)
Harness files not recovered or recovered in part (see §4)	.claude/skills/legend-study-intake-triage/SKILL.md	34f5c0d522743093f3ae857afb3b03824ea8aeb0	differs on main	git show 06ee25a:.claude/skills/legend-study-intake-triage/SKILL.md	DISPOSITIONED	not ported: VPS skill-description rewrite; not ported (its guard, skill_description_census, was not ported)
Harness files not recovered or recovered in part (see §4)	.claude/skills/legend/SKILL.md	17a0b18f663f04ceef3a1ecbb2587e659dc53715	differs on main	git show 06ee25a:.claude/skills/legend/SKILL.md	DISPOSITIONED	not ported: VPS skill-description rewrite; not ported (its guard, skill_description_census, was not ported)
Harness files not recovered or recovered in part (see §4)	CLAUDE.md	d1daffefacab847de07ea8f3afeb9651f75ff501	differs on main	git show 06ee25a:CLAUDE.md	DISPOSITIONED	mandate-continuity package: present in the backup, not ported, awaiting operator decision (§21c reserved)
Harness files not recovered or recovered in part (see §4)	deployment/claude_settings_mandate_hook.json	bf0e7435407154f200f215d3dcb45958bb9b1af0	absent on main	git show 06ee25a:deployment/claude_settings_mandate_hook.json	DISPOSITIONED	mandate-continuity package: present in the backup, not ported, awaiting operator decision (§21c reserved)
Harness files not recovered or recovered in part (see §4)	framework/instruction/LEGEND_CORE.md	82adc0caa7f3b808152c8283b0644bbc86b7a8c3	differs on main	git show 06ee25a:framework/instruction/LEGEND_CORE.md	DISPOSITIONED	mandate-continuity package: present in the backup, not ported, awaiting operator decision (§21c reserved)
Harness files not recovered or recovered in part (see §4)	framework/protocols/cross_session_transport.md	810231600a98fff93ca85e716a90ab619aa4b1fd	differs on main	git show 06ee25a:framework/protocols/cross_session_transport.md	DISPOSITIONED	mandate-continuity package: present in the backup, not ported, awaiting operator decision (§21c reserved)
Harness files not recovered or recovered in part (see §4)	framework/protocols/prompt_batch_commit.md	62084ff04e51bff88c9e09a749a30673185073e0	differs on main	git show 06ee25a:framework/protocols/prompt_batch_commit.md	RECOVERED	in part at 4be7217: VPS additions ported, never a VPS version over newer main code
Harness files not recovered or recovered in part (see §4)	framework/protocols/scientist_standing_brief.md	20b1c74a371062c746f37fbe520cf906f8aca6e3	differs on main	git show 06ee25a:framework/protocols/scientist_standing_brief.md	DISPOSITIONED	not ported: cites comparison_check and two-sided records, neither ported
Harness files not recovered or recovered in part (see §4)	framework/scripts/comparison_check.py	e4dbcadffaa82ec42305cd0be823481a30fd6a48	absent on main	git show 06ee25a:framework/scripts/comparison_check.py	DISPOSITIONED	not ported: depends on the VPS registry_records rewrite, not ported
Harness files not recovered or recovered in part (see §4)	framework/scripts/generate_semantic_graph.py	f1db4d4b7ef7e5a1ab5f512fb4918e3c5eb6979c	differs on main	git show 06ee25a:framework/scripts/generate_semantic_graph.py	DISPOSITIONED	not ported: VPS claim_links adoption changes main's generated surfaces; not ported
Harness files not recovered or recovered in part (see §4)	framework/scripts/growth_anchors.py	0ea861e416cad387f7527589b60f18b3fc3951c6	differs on main	git show 06ee25a:framework/scripts/growth_anchors.py	RECOVERED	in part at 4be7217: VPS additions ported, never a VPS version over newer main code
Harness files not recovered or recovered in part (see §4)	framework/scripts/legend_lint.py	f14a4b2c99549ec537b4a0288e75f7ea28da8575	differs on main	git show 06ee25a:framework/scripts/legend_lint.py	RECOVERED	in part at 4be7217: VPS additions ported, never a VPS version over newer main code
Harness files not recovered or recovered in part (see §4)	framework/scripts/lit_status.py	9baa72173772e90d79cbf2a9ba7537949f769c99	absent on main	git show 06ee25a:framework/scripts/lit_status.py	DISPOSITIONED	not ported: LIT-status check: its exception list is calibrated on the VPS log; migration is a BATCH_COMMIT act held with the science batch
Harness files not recovered or recovered in part (see §4)	framework/scripts/lit_status_legacy.json	dacbb1776fffaa56e0d835ad6fbe43f47a3fd39e	absent on main	git show 06ee25a:framework/scripts/lit_status_legacy.json	DISPOSITIONED	not ported: LIT-status exception snapshot of the VPS log (see lit_status.py)
Harness files not recovered or recovered in part (see §4)	framework/scripts/mandate_continuity.py	bb74ced9446f731aecff373fe54c62e504b0a026	absent on main	git show 06ee25a:framework/scripts/mandate_continuity.py	DISPOSITIONED	mandate-continuity package: present in the backup, not ported, awaiting operator decision (§21c reserved)
Harness files not recovered or recovered in part (see §4)	framework/scripts/paper_packet.py	00a4534bf1eb00322c50ba604353b1213669629f	differs on main	git show 06ee25a:framework/scripts/paper_packet.py	RECOVERED	in part at 4be7217: VPS additions ported, never a VPS version over newer main code
Harness files not recovered or recovered in part (see §4)	framework/scripts/pathograph.py	fe947fa7bbe5828646c0931b935bb20f1ebfa253	differs on main	git show 06ee25a:framework/scripts/pathograph.py	DISPOSITIONED	not ported: VPS claim_links adoption: claim-paper bindings 189 -> 140 on main's registries; not ported
Harness files not recovered or recovered in part (see §4)	framework/scripts/registry_records.py	b7c9c605e3056d7f74d960642aef5a7a56f629ac	differs on main	git show 06ee25a:framework/scripts/registry_records.py	DISPOSITIONED	not ported: main rewrote the parser after the split and solved the same defects differently (K1 is a separate change); VPS two_sided_notices / OUT OF SCOPE not ported
Harness files not recovered or recovered in part (see §4)	framework/scripts/session_self_eval.py	c1e4b10ff0196736222dbae18a94c645e71b5881	differs on main	git show 06ee25a:framework/scripts/session_self_eval.py	DISPOSITIONED	not ported: VPS unread-premise definition turns unread premises 0 -> 45 against main's shared parser; not ported
Harness files not recovered or recovered in part (see §4)	framework/scripts/skill_description_census.py	fac8b07c8238b3a37772a3ad74c8f9ce7907a5af	absent on main	git show 06ee25a:framework/scripts/skill_description_census.py	DISPOSITIONED	not ported: guards the VPS skill-description rewrites, which were not ported
Harness files not recovered or recovered in part (see §4)	framework/scripts/task_dispatch.py	6845db2d82bb2b8893b5d1af4e57f825270b9cfb	absent on main	git show 06ee25a:framework/scripts/task_dispatch.py	DISPOSITIONED	mandate-continuity package: present in the backup, not ported, awaiting operator decision (§21c reserved)
Harness files not recovered or recovered in part (see §4)	framework/scripts/task_id_collision.py	b8053f7a4cd84692a43d87f28069c7d7055a2516	absent on main	git show 06ee25a:framework/scripts/task_id_collision.py	DISPOSITIONED	mandate-continuity package: present in the backup, not ported, awaiting operator decision (§21c reserved)
Harness files not recovered or recovered in part (see §4)	framework/scripts/test_comparison_check.py	28d93940ff7e7b32a8ef420e091bead6c698198a	absent on main	git show 06ee25a:framework/scripts/test_comparison_check.py	DISPOSITIONED	not ported: tests comparison_check, not ported
Harness files not recovered or recovered in part (see §4)	framework/scripts/test_evidence_presence.py	fca4e77706464403e4e60ff8e820cd6bb8132f90	differs on main	git show 06ee25a:framework/scripts/test_evidence_presence.py	RECOVERED	in part at 4be7217: VPS additions ported, never a VPS version over newer main code
Harness files not recovered or recovered in part (see §4)	framework/scripts/test_growth_anchors.py	e59a8b1c583beb72ac7db50cc16c4a1bd693e103	differs on main	git show 06ee25a:framework/scripts/test_growth_anchors.py	RECOVERED	in part at 4be7217: VPS additions ported, never a VPS version over newer main code
Harness files not recovered or recovered in part (see §4)	framework/scripts/test_harness_followups.py	edcc9f01f7206d02a0cd106fa4c30ff886e5cbfe	absent on main	git show 06ee25a:framework/scripts/test_harness_followups.py	DISPOSITIONED	mandate-continuity package: present in the backup, not ported, awaiting operator decision (§21c reserved)
Harness files not recovered or recovered in part (see §4)	framework/scripts/test_lit_status.py	3c06ec1712fc29f85da9af118d8173d7051b9bce	absent on main	git show 06ee25a:framework/scripts/test_lit_status.py	DISPOSITIONED	not ported: tests lit_status, not ported
Harness files not recovered or recovered in part (see §4)	framework/scripts/test_mandate_continuity.py	fbace750be0f4faa8570eb2a1f1a72bed092782b	absent on main	git show 06ee25a:framework/scripts/test_mandate_continuity.py	DISPOSITIONED	mandate-continuity package: present in the backup, not ported, awaiting operator decision (§21c reserved)
Harness files not recovered or recovered in part (see §4)	framework/scripts/test_paper_packet.py	365d405511b1f96dc0af9f9ac3c487da514b3764	differs on main	git show 06ee25a:framework/scripts/test_paper_packet.py	RECOVERED	in part at 18b4de9: VPS additions ported, never a VPS version over newer main code
Harness files not recovered or recovered in part (see §4)	framework/scripts/test_pathograph.py	ff158f77d746ce2417ec85fb7fa68d07e8c4bfb4	differs on main	git show 06ee25a:framework/scripts/test_pathograph.py	DISPOSITIONED	not ported: tests the non-ported pathograph change
Harness files not recovered or recovered in part (see §4)	framework/scripts/test_quota_state.py	c0d1193cac3d1826076608a735a1d94a347ec235	differs on main	git show 06ee25a:framework/scripts/test_quota_state.py	RECOVERED	in part at 4be7217: VPS additions ported, never a VPS version over newer main code
Harness files not recovered or recovered in part (see §4)	framework/scripts/test_registry_records.py	ec034a7bb20df86ce9b57edbc37c3a61f6534e14	differs on main	git show 06ee25a:framework/scripts/test_registry_records.py	DISPOSITIONED	not ported: tests the non-ported registry_records rewrite
Harness files not recovered or recovered in part (see §4)	framework/scripts/test_session_self_eval.py	ada379f65461ea7dc926fded6287ba07679e776f	differs on main	git show 06ee25a:framework/scripts/test_session_self_eval.py	DISPOSITIONED	not ported: tests the non-ported session_self_eval change
Harness files not recovered or recovered in part (see §4)	framework/scripts/test_skill_description_census.py	bb16cc83f061fcbad3e6bfd5d670732a53fe63c9	absent on main	git show 06ee25a:framework/scripts/test_skill_description_census.py	DISPOSITIONED	not ported: tests skill_description_census, not ported
Harness files not recovered or recovered in part (see §4)	framework/scripts/test_task_id_collision.py	918bf919d8eed33dcf34d20f27fa1030c732f36e	absent on main	git show 06ee25a:framework/scripts/test_task_id_collision.py	DISPOSITIONED	mandate-continuity package: present in the backup, not ported, awaiting operator decision (§21c reserved)
Harness files not recovered or recovered in part (see §4)	framework/scripts/trace_claim_foundation.py	dda2fa53758fafdfc36bddf56129f7ecd43fd959	differs on main	git show 06ee25a:framework/scripts/trace_claim_foundation.py	DISPOSITIONED	not ported: VPS claim_links adoption; not ported
Harness files not recovered or recovered in part (see §4)	framework/state/growth_anchors.jsonl	63c8c0bb7aba2c2a886310b31709c92b71ad559e	differs on main	git show 06ee25a:framework/state/growth_anchors.jsonl	DISPOSITIONED	not ported: state ledger: VPS events describe VPS batches; main's anchors re-recorded by this recovery's own events
Harness files not recovered or recovered in part (see §4)	framework/state/state_manifest_current.md	4d81ca2214fa760083a5ac932da675cf94530870	differs on main	git show 06ee25a:framework/state/state_manifest_current.md	DISPOSITIONED	not ported: state-control file: never copied; aligned in G4.1 (7b8b8d4) and updated by each recovery batch
Harness files not recovered or recovered in part (see §4)	governance/annex_a_task_contract.md	d7fcd24770194e3ed0ece85b236ae36fd7cd9e63	differs on main	git show 06ee25a:governance/annex_a_task_contract.md	DISPOSITIONED	mandate-continuity package: present in the backup, not ported, awaiting operator decision (§21c reserved)
Harness files not recovered or recovered in part (see §4)	roles/orchestrator.md	ea46fbbb16509bf8f79902f7abcafe8620482647	differs on main	git show 06ee25a:roles/orchestrator.md	DISPOSITIONED	mandate-continuity package: present in the backup, not ported, awaiting operator decision (§21c reserved)
Harness files not recovered or recovered in part (see §4)	scripts/legend_commit.sh	19f4030bbe0c88e3c4caf9969585ee9d9f390357	differs on main	git show 06ee25a:scripts/legend_commit.sh	DISPOSITIONED	not ported: VPS neutral-subject wrapper contradicted by a newer main test; not ported (commit_subject.py itself recovered in G1)
Harness files not recovered or recovered in part (see §4)	scripts/run_release_regressions.py	11a8c0cea691568d3de7fda26c240cdb424c7055	differs on main	git show 06ee25a:scripts/run_release_regressions.py	RECOVERED	in part at 4be7217: VPS additions ported, never a VPS version over newer main code
Harness files not recovered or recovered in part (see §4)	scripts/test_legend_commit.py	32f44a4650afcf48951f57210e366667acf16786	differs on main	git show 06ee25a:scripts/test_legend_commit.py	DISPOSITIONED	not ported: tests the non-ported wrapper change
Harness files not recovered or recovered in part (see §4)	scripts/test_release_runner_verdict.py	ca821750dc082d02bcff065ced7665131b0b2326	differs on main	git show 06ee25a:scripts/test_release_runner_verdict.py	RECOVERED	in part at 4be7217: VPS additions ported, never a VPS version over newer main code
Harness files not recovered or recovered in part (see §4)	scripts/test_stop_policy.py	8a825031e9d14a14168814790be0176cadd3ec92	differs on main	git show 06ee25a:scripts/test_stop_policy.py	DISPOSITIONED	mandate-continuity package: present in the backup, not ported, awaiting operator decision (§21c reserved)
Learning records not recovered (mandate-continuity package)	learning/plan/SLR-plan-20260914-mandate-continuity-runtime.md	cdb65a128e98866f8057aff7fda230d080a160ae	absent on main	git show 06ee25a:learning/plan/SLR-plan-20260914-mandate-continuity-runtime.md	DISPOSITIONED	mandate-continuity package: kept in the backup, awaiting operator decision
Learning records not recovered (mandate-continuity package)	learning/plan/SLR-plan-20260914-orchestrator-continuity.md	119113cf450998b38609e62c922347456c2a024b	absent on main	git show 06ee25a:learning/plan/SLR-plan-20260914-orchestrator-continuity.md	DISPOSITIONED	mandate-continuity package: kept in the backup, awaiting operator decision
Mirror consultations	disease-models/wwox/research/mirror_consultations/2026-09-13_BATCH_20260913_001_mirror_extracted_from_transcript.md	88229e57c5bfd700f19899fa607f1d4cf36a1bc7	absent on main	git show 06ee25a:disease-models/wwox/research/mirror_consultations/2026-09-13_BATCH_20260913_001_mirror_extracted_from_transcript.md	DISPOSITIONED	kept in the VPS backup by operator decision A1 (historical record; `git show 06ee25a:<path>`)
Mirror consultations	disease-models/wwox/research/mirror_consultations/2026-09-13_BATCH_20260913_001_mirror_followup_extracted_from_transcript.md	dbcbe7960bec81c6dfe9ad2c2b1d796b6e6d6931	absent on main	git show 06ee25a:disease-models/wwox/research/mirror_consultations/2026-09-13_BATCH_20260913_001_mirror_followup_extracted_from_transcript.md	DISPOSITIONED	kept in the VPS backup by operator decision A1 (historical record; `git show 06ee25a:<path>`)
Mirror consultations	disease-models/wwox/research/mirror_consultations/2026-09-13_BATCH_20260913_004_consultation_packet.md	8e31671fbc5b437205d7cc653a382434054d591a	absent on main	git show 06ee25a:disease-models/wwox/research/mirror_consultations/2026-09-13_BATCH_20260913_004_consultation_packet.md	DISPOSITIONED	kept in the VPS backup by operator decision A1 (historical record; `git show 06ee25a:<path>`)
Mirror consultations	disease-models/wwox/research/mirror_consultations/2026-09-13_BATCH_20260913_004_consultation_packet_v2.md	da37483a6ee5d5ecc75e528bebb74dcaf32ce2a8	absent on main	git show 06ee25a:disease-models/wwox/research/mirror_consultations/2026-09-13_BATCH_20260913_004_consultation_packet_v2.md	DISPOSITIONED	kept in the VPS backup by operator decision A1 (historical record; `git show 06ee25a:<path>`)
Mirror consultations	disease-models/wwox/research/mirror_consultations/2026-09-13_BATCH_20260913_004_mirror.md	8867da183a64b3c38a818791f83e23341aff1161	absent on main	git show 06ee25a:disease-models/wwox/research/mirror_consultations/2026-09-13_BATCH_20260913_004_mirror.md	DISPOSITIONED	kept in the VPS backup by operator decision A1 (historical record; `git show 06ee25a:<path>`)
Mirror consultations	disease-models/wwox/research/mirror_consultations/2026-09-13_BATCH_20260913_004_mirror_v2.md	6ffe51670a9cad033f2d2a84c1961e7aa52bf5f2	absent on main	git show 06ee25a:disease-models/wwox/research/mirror_consultations/2026-09-13_BATCH_20260913_004_mirror_v2.md	DISPOSITIONED	kept in the VPS backup by operator decision A1 (historical record; `git show 06ee25a:<path>`)
Mirror consultations	disease-models/wwox/research/mirror_consultations/2026-09-13_D8_mirror_extracted_from_transcript.md	15056f63afb1109e3653cb8f901fc01bc4e75913	absent on main	git show 06ee25a:disease-models/wwox/research/mirror_consultations/2026-09-13_D8_mirror_extracted_from_transcript.md	DISPOSITIONED	kept in the VPS backup by operator decision A1 (historical record; `git show 06ee25a:<path>`)
Mirror consultations	disease-models/wwox/research/mirror_consultations/2026-09-14_BATCH_20260914_005_consultation_packet.md	a0bcea3e1540a9c50a7ce031831ab3c3802a1c03	absent on main	git show 06ee25a:disease-models/wwox/research/mirror_consultations/2026-09-14_BATCH_20260914_005_consultation_packet.md	DISPOSITIONED	kept in the VPS backup by operator decision A1 (historical record; `git show 06ee25a:<path>`)
Mirror consultations	disease-models/wwox/research/mirror_consultations/2026-09-14_BATCH_20260914_005_mirror.md	23f5145fd98509ac80e627fddb3746e114ee6b14	absent on main	git show 06ee25a:disease-models/wwox/research/mirror_consultations/2026-09-14_BATCH_20260914_005_mirror.md	DISPOSITIONED	kept in the VPS backup by operator decision A1 (historical record; `git show 06ee25a:<path>`)
Other disease-model files (reports, current surfaces, analysis)	disease-models/wwox/analysis/data/dismech_phase2_baseline.json	434c005d8be35eab74d8626b985725f4911b05eb	differs on main	git show 06ee25a:disease-models/wwox/analysis/data/dismech_phase2_baseline.json	DISPOSITIONED	held for the operator: science the VPS batches propagated into this surface; re-derivation stopped by the mandate's STOP rules (consolidated-baseline narrowing of CLAIM 006/007; backlog overlap on every VPS-touched claim) — see README §7
Other disease-model files (reports, current surfaces, analysis)	disease-models/wwox/analysis/data/dismech_phase2_baseline_rev17_superseded.json	ec06164129f299bbb39bcc4178261f1a4027aec4	absent on main	git show 06ee25a:disease-models/wwox/analysis/data/dismech_phase2_baseline_rev17_superseded.json	DISPOSITIONED	held for the operator: science the VPS batches propagated into this surface; re-derivation stopped by the mandate's STOP rules (consolidated-baseline narrowing of CLAIM 006/007; backlog overlap on every VPS-touched claim) — see README §7
Other disease-model files (reports, current surfaces, analysis)	disease-models/wwox/analysis/data/dismech_sidecar_016_024_035.jsonl	1e634017d13838ae1aec72d8a9a2d15e65abf922	differs on main	git show 06ee25a:disease-models/wwox/analysis/data/dismech_sidecar_016_024_035.jsonl	DISPOSITIONED	held for the operator: science the VPS batches propagated into this surface; re-derivation stopped by the mandate's STOP rules (consolidated-baseline narrowing of CLAIM 006/007; backlog overlap on every VPS-touched claim) — see README §7
Other disease-model files (reports, current surfaces, analysis)	disease-models/wwox/analysis/data/pathograph_export.jsonl	b03c1b7f7a0842fd54c6bf47daa6d8aa4a769344	differs on main	git show 06ee25a:disease-models/wwox/analysis/data/pathograph_export.jsonl	DISPOSITIONED	derived surface: never copied; regenerated from main's inputs by the protocol commands
Other disease-model files (reports, current surfaces, analysis)	disease-models/wwox/analysis/mechanism_intervention_map.md	ddb44e5bf169893ab8296fb95b90c65857f3560c	differs on main	git show 06ee25a:disease-models/wwox/analysis/mechanism_intervention_map.md	DISPOSITIONED	held for the operator: science the VPS batches propagated into this surface; re-derivation stopped by the mandate's STOP rules (consolidated-baseline narrowing of CLAIM 006/007; backlog overlap on every VPS-touched claim) — see README §7
Other disease-model files (reports, current surfaces, analysis)	disease-models/wwox/analysis/orchestration_reviews/2026-09-10_scientist_improvement_roadmap.md	ce15c32bb92396c775dea94e8a57535f98738c8e	differs on main	git show 06ee25a:disease-models/wwox/analysis/orchestration_reviews/2026-09-10_scientist_improvement_roadmap.md	DISPOSITIONED	kept in the VPS backup by operator decision A1 (historical record; `git show 06ee25a:<path>`)
Other disease-model files (reports, current surfaces, analysis)	disease-models/wwox/analysis/pathograph_inventory.md	ea8089803423aca8a2824a170bef566ee1eb940b	differs on main	git show 06ee25a:disease-models/wwox/analysis/pathograph_inventory.md	DISPOSITIONED	derived surface: never copied; regenerated from main's inputs by the protocol commands
Other disease-model files (reports, current surfaces, analysis)	disease-models/wwox/analysis/proteostasis_rationale.md	c7c9443638069be6a58cb466a6e74547302ff436	differs on main	git show 06ee25a:disease-models/wwox/analysis/proteostasis_rationale.md	DISPOSITIONED	held for the operator: science the VPS batches propagated into this surface; re-derivation stopped by the mandate's STOP rules (consolidated-baseline narrowing of CLAIM 006/007; backlog overlap on every VPS-touched claim) — see README §7
Other disease-model files (reports, current surfaces, analysis)	disease-models/wwox/analysis/scripts/reseal_dismech_baseline.py	d96d22aa21718153ea087a0b7fae021c59f385d2	differs on main	git show 06ee25a:disease-models/wwox/analysis/scripts/reseal_dismech_baseline.py	DISPOSITIONED	held for the operator: science the VPS batches propagated into this surface; re-derivation stopped by the mandate's STOP rules (consolidated-baseline narrowing of CLAIM 006/007; backlog overlap on every VPS-touched claim) — see README §7
Other disease-model files (reports, current surfaces, analysis)	disease-models/wwox/analysis/scripts/test_reseal_dismech_baseline.py	d8194c47dcfd653759976dbb45569241253cdd34	absent on main	git show 06ee25a:disease-models/wwox/analysis/scripts/test_reseal_dismech_baseline.py	DISPOSITIONED	held for the operator: science the VPS batches propagated into this surface; re-derivation stopped by the mandate's STOP rules (consolidated-baseline narrowing of CLAIM 006/007; backlog overlap on every VPS-touched claim) — see README §7
Other disease-model files (reports, current surfaces, analysis)	disease-models/wwox/disease_model.md	d0169f90cc4c6e951ae49bd1b2f3d7969eb7e27c	differs on main	git show 06ee25a:disease-models/wwox/disease_model.md	DISPOSITIONED	held for the operator: science the VPS batches propagated into this surface; re-derivation stopped by the mandate's STOP rules (consolidated-baseline narrowing of CLAIM 006/007; backlog overlap on every VPS-touched claim) — see README §7
Other disease-model files (reports, current surfaces, analysis)	disease-models/wwox/meta/meta_index_current.md	d775855f193d5b32fcfb47f21d1f69f4289084c2	differs on main	git show 06ee25a:disease-models/wwox/meta/meta_index_current.md	DISPOSITIONED	held for the operator: science the VPS batches propagated into this surface; re-derivation stopped by the mandate's STOP rules (consolidated-baseline narrowing of CLAIM 006/007; backlog overlap on every VPS-touched claim) — see README §7
Other disease-model files (reports, current surfaces, analysis)	disease-models/wwox/meta/meta_metabolism_current.md	46e757a504fec4318034c30eacbd51c8b15f8964	differs on main	git show 06ee25a:disease-models/wwox/meta/meta_metabolism_current.md	DISPOSITIONED	held for the operator: science the VPS batches propagated into this surface; re-derivation stopped by the mandate's STOP rules (consolidated-baseline narrowing of CLAIM 006/007; backlog overlap on every VPS-touched claim) — see README §7
Other disease-model files (reports, current surfaces, analysis)	disease-models/wwox/research/2026-09-11_control_efficacy_baseline.md	3212d9ade5837d227805f55a9b7b17895f5b87aa	differs on main	git show 06ee25a:disease-models/wwox/research/2026-09-11_control_efficacy_baseline.md	DISPOSITIONED	kept in the VPS backup by operator decision A1 (historical record; `git show 06ee25a:<path>`)
Other disease-model files (reports, current surfaces, analysis)	disease-models/wwox/research/2026-09-11_registry_context_reduction.md	ca97c103737d2877e9c15ad5e2068d45bb23637a	differs on main	git show 06ee25a:disease-models/wwox/research/2026-09-11_registry_context_reduction.md	DISPOSITIONED	kept in the VPS backup by operator decision A1 (historical record; `git show 06ee25a:<path>`)
Other disease-model files (reports, current surfaces, analysis)	disease-models/wwox/research/2026-09-12_frozen_outcomes_register.md	c55a22d6f3e8c32ccc66fa6e3fb2e152852c0419	absent on main	git show 06ee25a:disease-models/wwox/research/2026-09-12_frozen_outcomes_register.md	DISPOSITIONED	kept in the VPS backup by operator decision A1 (historical record; `git show 06ee25a:<path>`)
Other disease-model files (reports, current surfaces, analysis)	disease-models/wwox/research/2026-09-12_handoff_consolidation.md	1395a6b5831b85334de33f19d701e22c257b3885	absent on main	git show 06ee25a:disease-models/wwox/research/2026-09-12_handoff_consolidation.md	DISPOSITIONED	kept in the VPS backup by operator decision A1 (historical record; `git show 06ee25a:<path>`)
Other disease-model files (reports, current surfaces, analysis)	disease-models/wwox/research/2026-09-12_join_check.md	95e95ebaa280a659231d5c0735da6821e7b842f3	absent on main	git show 06ee25a:disease-models/wwox/research/2026-09-12_join_check.md	DISPOSITIONED	kept in the VPS backup by operator decision A1 (historical record; `git show 06ee25a:<path>`)
Other disease-model files (reports, current surfaces, analysis)	disease-models/wwox/research/2026-09-12_m4b_wave.md	364e8ed4498bc06d9d4afb43c07b38ad94ca00d7	absent on main	git show 06ee25a:disease-models/wwox/research/2026-09-12_m4b_wave.md	DISPOSITIONED	kept in the VPS backup by operator decision A1 (historical record; `git show 06ee25a:<path>`)
Other disease-model files (reports, current surfaces, analysis)	disease-models/wwox/research/2026-09-12_phase_handoff.md	dee8c4106406a790afaf1175a22a160c0df92b0e	absent on main	git show 06ee25a:disease-models/wwox/research/2026-09-12_phase_handoff.md	DISPOSITIONED	kept in the VPS backup by operator decision A1 (historical record; `git show 06ee25a:<path>`)
Other disease-model files (reports, current surfaces, analysis)	disease-models/wwox/research/2026-09-12_procedure_activation.md	f64ad4569a5b8c9d699d3d7f37dd43dca266a537	absent on main	git show 06ee25a:disease-models/wwox/research/2026-09-12_procedure_activation.md	DISPOSITIONED	kept in the VPS backup by operator decision A1 (historical record; `git show 06ee25a:<path>`)
Other disease-model files (reports, current surfaces, analysis)	disease-models/wwox/research/2026-09-12_quota_stop_resume.md	f3cddd8b5578f31ad540f23f1d968e7e6b10e35b	absent on main	git show 06ee25a:disease-models/wwox/research/2026-09-12_quota_stop_resume.md	DISPOSITIONED	kept in the VPS backup by operator decision A1 (historical record; `git show 06ee25a:<path>`)
Other disease-model files (reports, current surfaces, analysis)	disease-models/wwox/research/2026-09-12_reference_consolidation.md	3b7844ac2dd19018e53663aa53b4c910ab9ae9d9	absent on main	git show 06ee25a:disease-models/wwox/research/2026-09-12_reference_consolidation.md	DISPOSITIONED	kept in the VPS backup by operator decision A1 (historical record; `git show 06ee25a:<path>`)
Other disease-model files (reports, current surfaces, analysis)	disease-models/wwox/research/2026-09-12_surface_triage.md	6e69823d4cff4ff42d526c026e4d40eabd34d731	absent on main	git show 06ee25a:disease-models/wwox/research/2026-09-12_surface_triage.md	DISPOSITIONED	kept in the VPS backup by operator decision A1 (historical record; `git show 06ee25a:<path>`)
Other disease-model files (reports, current surfaces, analysis)	disease-models/wwox/research/2026-09-12_synthesis_check.md	ea08f38fb8faf6cfffb2c4b3054f82bb8ffa0681	absent on main	git show 06ee25a:disease-models/wwox/research/2026-09-12_synthesis_check.md	DISPOSITIONED	kept in the VPS backup by operator decision A1 (historical record; `git show 06ee25a:<path>`)
Other disease-model files (reports, current surfaces, analysis)	disease-models/wwox/research/2026-09-12_use_repair.md	77dc38a5d0c86e991cd78b4649e560d6e5d11b5a	absent on main	git show 06ee25a:disease-models/wwox/research/2026-09-12_use_repair.md	DISPOSITIONED	kept in the VPS backup by operator decision A1 (historical record; `git show 06ee25a:<path>`)
Other disease-model files (reports, current surfaces, analysis)	disease-models/wwox/research/2026-09-12_use_repair_handoff.md	09426b72fd5e3cdf3ea6fff7c18ca5ce59fef1f5	absent on main	git show 06ee25a:disease-models/wwox/research/2026-09-12_use_repair_handoff.md	DISPOSITIONED	kept in the VPS backup by operator decision A1 (historical record; `git show 06ee25a:<path>`)
Other disease-model files (reports, current surfaces, analysis)	disease-models/wwox/research/2026-09-12_use_trial.md	d37ca4dd28818a193da8e6ec2e904225da6c29b0	absent on main	git show 06ee25a:disease-models/wwox/research/2026-09-12_use_trial.md	DISPOSITIONED	kept in the VPS backup by operator decision A1 (historical record; `git show 06ee25a:<path>`)
Other disease-model files (reports, current surfaces, analysis)	disease-models/wwox/research/2026-09-13_BATCH_20260913_001_report.md	722da75449f33d8c456dbee93df792908030513b	absent on main	git show 06ee25a:disease-models/wwox/research/2026-09-13_BATCH_20260913_001_report.md	DISPOSITIONED	kept in the VPS backup by operator decision A1 (historical record; `git show 06ee25a:<path>`)
Other disease-model files (reports, current surfaces, analysis)	disease-models/wwox/research/2026-09-13_BATCH_20260913_004_report.md	7581d0858c4af343e605f1bd0a139beb3f1567d7	absent on main	git show 06ee25a:disease-models/wwox/research/2026-09-13_BATCH_20260913_004_report.md	DISPOSITIONED	kept in the VPS backup by operator decision A1 (historical record; `git show 06ee25a:<path>`)
Other disease-model files (reports, current surfaces, analysis)	disease-models/wwox/research/2026-09-13_D8_dismech_reseal_report.md	f2174610e02da68d80aa1defac66e17c829621e8	absent on main	git show 06ee25a:disease-models/wwox/research/2026-09-13_D8_dismech_reseal_report.md	DISPOSITIONED	held for the operator: science the VPS batches propagated into this surface; re-derivation stopped by the mandate's STOP rules (consolidated-baseline narrowing of CLAIM 006/007; backlog overlap on every VPS-touched claim) — see README §7
Other disease-model files (reports, current surfaces, analysis)	disease-models/wwox/research/2026-09-13_aldaz_checkpoint.md	39ff6a76b65a1d571b934b0c8e36b5116a82f589	absent on main	git show 06ee25a:disease-models/wwox/research/2026-09-13_aldaz_checkpoint.md	DISPOSITIONED	kept in the VPS backup by operator decision A1 (historical record; `git show 06ee25a:<path>`)
Other disease-model files (reports, current surfaces, analysis)	disease-models/wwox/research/2026-09-13_aldaz_diagnosis.md	2acc43775710edd29dd2b3f83fe8ca33ea46df8d	absent on main	git show 06ee25a:disease-models/wwox/research/2026-09-13_aldaz_diagnosis.md	DISPOSITIONED	kept in the VPS backup by operator decision A1 (historical record; `git show 06ee25a:<path>`)
Other disease-model files (reports, current surfaces, analysis)	disease-models/wwox/research/2026-09-13_aldaz_dispositions.md	85009696a08a46cc218c07e7a3f06c371b81fe33	absent on main	git show 06ee25a:disease-models/wwox/research/2026-09-13_aldaz_dispositions.md	DISPOSITIONED	kept in the VPS backup by operator decision A1 (historical record; `git show 06ee25a:<path>`)
Other disease-model files (reports, current surfaces, analysis)	disease-models/wwox/research/2026-09-13_aldaz_intake.md	7f4565047636802dc3e5c6248dd583a79f8173d3	absent on main	git show 06ee25a:disease-models/wwox/research/2026-09-13_aldaz_intake.md	DISPOSITIONED	kept in the VPS backup by operator decision A1 (historical record; `git show 06ee25a:<path>`)
Other disease-model files (reports, current surfaces, analysis)	disease-models/wwox/research/2026-09-13_aldaz_ledger_repair_dispositions.md	e36e99b7bd897f30b002ae2fff64944c99aa48ae	absent on main	git show 06ee25a:disease-models/wwox/research/2026-09-13_aldaz_ledger_repair_dispositions.md	DISPOSITIONED	kept in the VPS backup by operator decision A1 (historical record; `git show 06ee25a:<path>`)
Other disease-model files (reports, current surfaces, analysis)	disease-models/wwox/research/2026-09-13_aldaz_repair_b.md	727a6377d2f92b02c33e09c4e4ac653123a4b969	absent on main	git show 06ee25a:disease-models/wwox/research/2026-09-13_aldaz_repair_b.md	DISPOSITIONED	kept in the VPS backup by operator decision A1 (historical record; `git show 06ee25a:<path>`)
Other disease-model files (reports, current surfaces, analysis)	disease-models/wwox/research/2026-09-13_aldaz_residual_a2_dispositions.md	2c34829b680fe8ca9a62210455375f6ba124bfc1	absent on main	git show 06ee25a:disease-models/wwox/research/2026-09-13_aldaz_residual_a2_dispositions.md	DISPOSITIONED	kept in the VPS backup by operator decision A1 (historical record; `git show 06ee25a:<path>`)
Other disease-model files (reports, current surfaces, analysis)	disease-models/wwox/research/2026-09-13_aldaz_residual_dispositions.md	23178defebf38ad63f6007603424d5d4af69fed2	absent on main	git show 06ee25a:disease-models/wwox/research/2026-09-13_aldaz_residual_dispositions.md	DISPOSITIONED	kept in the VPS backup by operator decision A1 (historical record; `git show 06ee25a:<path>`)
Other disease-model files (reports, current surfaces, analysis)	disease-models/wwox/research/2026-09-13_aldaz_synthesis.md	68fccacf42fc1b4b849daf6921465b82fc74b6b7	absent on main	git show 06ee25a:disease-models/wwox/research/2026-09-13_aldaz_synthesis.md	DISPOSITIONED	kept in the VPS backup by operator decision A1 (historical record; `git show 06ee25a:<path>`)
Other disease-model files (reports, current surfaces, analysis)	disease-models/wwox/research/2026-09-13_aldaz_w1_repair.md	f877a8e13569341a729207bc2a19bc6f7f8a8cc0	absent on main	git show 06ee25a:disease-models/wwox/research/2026-09-13_aldaz_w1_repair.md	DISPOSITIONED	kept in the VPS backup by operator decision A1 (historical record; `git show 06ee25a:<path>`)
Other disease-model files (reports, current surfaces, analysis)	disease-models/wwox/research/2026-09-13_batch_edit_plan.md	57582d2acbee62bc4e2ae5bfc785f88120fc8cc1	absent on main	git show 06ee25a:disease-models/wwox/research/2026-09-13_batch_edit_plan.md	DISPOSITIONED	kept in the VPS backup by operator decision A1 (historical record; `git show 06ee25a:<path>`)
Other disease-model files (reports, current surfaces, analysis)	disease-models/wwox/research/2026-09-13_growth_anchors_cc_discovery_report.md	1a2eea3fd02ff001a17da7c1cb7d07895afd2873	absent on main	git show 06ee25a:disease-models/wwox/research/2026-09-13_growth_anchors_cc_discovery_report.md	DISPOSITIONED	kept in the VPS backup by operator decision A1 (historical record; `git show 06ee25a:<path>`)
Other disease-model files (reports, current surfaces, analysis)	disease-models/wwox/research/2026-09-13_m4b_ALDAZ-FT-C-003_lung_endothelial_pair.md	70a4d69c9aa52a715788c61bbf73f37262daddd6	absent on main	git show 06ee25a:disease-models/wwox/research/2026-09-13_m4b_ALDAZ-FT-C-003_lung_endothelial_pair.md	DISPOSITIONED	kept in the VPS backup by operator decision A1 (historical record; `git show 06ee25a:<path>`)
Other disease-model files (reports, current surfaces, analysis)	disease-models/wwox/research/2026-09-13_next_batch_commit_proposal.md	e58029eefcf3b1196fb646a7e1e662a9a42fed8a	absent on main	git show 06ee25a:disease-models/wwox/research/2026-09-13_next_batch_commit_proposal.md	DISPOSITIONED	kept in the VPS backup by operator decision A1 (historical record; `git show 06ee25a:<path>`)
Other disease-model files (reports, current surfaces, analysis)	disease-models/wwox/research/2026-09-13_night_consolidation.md	2742fa703e07f91d4315eb57c9ccdd357e27005b	absent on main	git show 06ee25a:disease-models/wwox/research/2026-09-13_night_consolidation.md	DISPOSITIONED	kept in the VPS backup by operator decision A1 (historical record; `git show 06ee25a:<path>`)
Other disease-model files (reports, current surfaces, analysis)	disease-models/wwox/research/2026-09-13_session_close_handoff.md	420cdf8e0c0a8340c8024626d4a4f0dcbb98d8f6	absent on main	git show 06ee25a:disease-models/wwox/research/2026-09-13_session_close_handoff.md	DISPOSITIONED	kept in the VPS backup by operator decision A1 (historical record; `git show 06ee25a:<path>`)
Other disease-model files (reports, current surfaces, analysis)	disease-models/wwox/research/2026-09-14_BATCH_20260914_005_report.md	03636d6f8ab883f79abe3de1907abc7ebde97858	absent on main	git show 06ee25a:disease-models/wwox/research/2026-09-14_BATCH_20260914_005_report.md	DISPOSITIONED	kept in the VPS backup by operator decision A1 (historical record; `git show 06ee25a:<path>`)
Other disease-model files (reports, current surfaces, analysis)	disease-models/wwox/research/2026-09-14_BATCH_20260914_006_report.md	04f7a1c5852ec7513f8b3260f3b965715615e8ea	absent on main	git show 06ee25a:disease-models/wwox/research/2026-09-14_BATCH_20260914_006_report.md	DISPOSITIONED	kept in the VPS backup by operator decision A1 (historical record; `git show 06ee25a:<path>`)
Other disease-model files (reports, current surfaces, analysis)	disease-models/wwox/research/2026-09-14_BATCH_20260914_007_report.md	db06fbd2608584d8ee4f0aee58922b1b243c9544	absent on main	git show 06ee25a:disease-models/wwox/research/2026-09-14_BATCH_20260914_007_report.md	DISPOSITIONED	kept in the VPS backup by operator decision A1 (historical record; `git show 06ee25a:<path>`)
Other disease-model files (reports, current surfaces, analysis)	disease-models/wwox/research/2026-09-14_BATCH_20260914_008_report.md	d53004b31a54d455a00d2f3cc43988944f9d46fa	absent on main	git show 06ee25a:disease-models/wwox/research/2026-09-14_BATCH_20260914_008_report.md	DISPOSITIONED	kept in the VPS backup by operator decision A1 (historical record; `git show 06ee25a:<path>`)
Other disease-model files (reports, current surfaces, analysis)	disease-models/wwox/research/2026-09-14_aldaz_32pmid_reconciliation.md	4a3470950eb378097afd261639ad0a5e9536ab91	absent on main	git show 06ee25a:disease-models/wwox/research/2026-09-14_aldaz_32pmid_reconciliation.md	DISPOSITIONED	kept in the VPS backup by operator decision A1 (historical record; `git show 06ee25a:<path>`)
Other disease-model files (reports, current surfaces, analysis)	disease-models/wwox/research/2026-09-14_aldaz_dossier_fix_c_dispositions.md	4e5e4ceda4121b6919b1e81c2e3ad2a44cd74e80	absent on main	git show 06ee25a:disease-models/wwox/research/2026-09-14_aldaz_dossier_fix_c_dispositions.md	DISPOSITIONED	kept in the VPS backup by operator decision A1 (historical record; `git show 06ee25a:<path>`)
Other disease-model files (reports, current surfaces, analysis)	disease-models/wwox/research/2026-09-14_aldaz_final_report.md	25e83253535a372766f38471e9ae710319073f0c	absent on main	git show 06ee25a:disease-models/wwox/research/2026-09-14_aldaz_final_report.md	DISPOSITIONED	kept in the VPS backup by operator decision A1 (historical record; `git show 06ee25a:<path>`)
Other disease-model files (reports, current surfaces, analysis)	disease-models/wwox/research/2026-09-14_aldaz_locator_revision_c.md	051b6c8c83c5418aee67cb3c2d22518dc6a16701	absent on main	git show 06ee25a:disease-models/wwox/research/2026-09-14_aldaz_locator_revision_c.md	DISPOSITIONED	kept in the VPS backup by operator decision A1 (historical record; `git show 06ee25a:<path>`)
Other disease-model files (reports, current surfaces, analysis)	disease-models/wwox/research/2026-09-14_aldaz_locator_revisions_b.md	f279f686c721d1f578d5c8749e6e4c9b4b53e66d	absent on main	git show 06ee25a:disease-models/wwox/research/2026-09-14_aldaz_locator_revisions_b.md	DISPOSITIONED	kept in the VPS backup by operator decision A1 (historical record; `git show 06ee25a:<path>`)
Other disease-model files (reports, current surfaces, analysis)	disease-models/wwox/research/2026-09-14_block1_real_contract.md	8a888e9090110b8dad9842f00437fc3eb3663270	absent on main	git show 06ee25a:disease-models/wwox/research/2026-09-14_block1_real_contract.md	DISPOSITIONED	kept in the VPS backup by operator decision A1 (historical record; `git show 06ee25a:<path>`)
Other disease-model files (reports, current surfaces, analysis)	disease-models/wwox/research/2026-09-14_m4b_ALDAZ-FT-A-003_PMID28283473.md	2e0ad78fc3cfb3f9ccc86e07fd617ed0b77a50c1	absent on main	git show 06ee25a:disease-models/wwox/research/2026-09-14_m4b_ALDAZ-FT-A-003_PMID28283473.md	RECOVERED	af09f7a: recovered as a receipt-declared output, VPS identifiers annotated
Other disease-model files (reports, current surfaces, analysis)	disease-models/wwox/research/discovery_ledger_current.md	9e9b8f931dd4d132f98fad4e9f710bf9214a3476	differs on main	git show 06ee25a:disease-models/wwox/research/discovery_ledger_current.md	DISPOSITIONED	held for the operator: science the VPS batches propagated into this surface; re-derivation stopped by the mandate's STOP rules (consolidated-baseline narrowing of CLAIM 006/007; backlog overlap on every VPS-touched claim) — see README §7
Other disease-model files (reports, current surfaces, analysis)	disease-models/wwox/research/full_text_queue_current.md	e19b397a146d7bf647b637261f37ff03f6db67f3	differs on main	git show 06ee25a:disease-models/wwox/research/full_text_queue_current.md	RECOVERED	af09f7a (G4.3): 17 entries renumbered FT-175..191 and the VPS updates to six untouched entries
Other disease-model files (reports, current surfaces, analysis)	disease-models/wwox/research/research_candidates_current.md	480d808d4417764515d92dafce023e1c2728db4c	differs on main	git show 06ee25a:disease-models/wwox/research/research_candidates_current.md	DISPOSITIONED	held for the operator: science the VPS batches propagated into this surface; re-derivation stopped by the mandate's STOP rules (consolidated-baseline narrowing of CLAIM 006/007; backlog overlap on every VPS-touched claim) — see README §7
Other disease-model files (reports, current surfaces, analysis)	disease-models/wwox/research/research_lines_current.md	ede9b2c030b3f726c7b72f3f7542fdf3e1ff03c4	differs on main	git show 06ee25a:disease-models/wwox/research/research_lines_current.md	DISPOSITIONED	held for the operator: science the VPS batches propagated into this surface; re-derivation stopped by the mandate's STOP rules (consolidated-baseline narrowing of CLAIM 006/007; backlog overlap on every VPS-touched claim) — see README §7
Other disease-model files (reports, current surfaces, analysis)	disease-models/wwox/research/retrieval_manifest.jsonl	6eff4499d7d4c1554223edbba8c7e488f777195b	differs on main	git show 06ee25a:disease-models/wwox/research/retrieval_manifest.jsonl	RECOVERED	this commit: the VPS version is a pure append (+85 lines) to an untouched append-only log
Other disease-model files (reports, current surfaces, analysis)	disease-models/wwox/research/surface_census.md	d60eef500cc49967a5e6b553dfbd8da78b8c8990	differs on main	git show 06ee25a:disease-models/wwox/research/surface_census.md	DISPOSITIONED	derived surface: never copied; regenerated from main's inputs by the protocol commands
Other disease-model files (reports, current surfaces, analysis)	disease-models/wwox/research/therapeutic_hypotheses_ledger_current.md	cf93a2e9198d3770106195978e2f849bcc5e7b76	differs on main	git show 06ee25a:disease-models/wwox/research/therapeutic_hypotheses_ledger_current.md	DISPOSITIONED	held for the operator: science the VPS batches propagated into this surface; re-derivation stopped by the mandate's STOP rules (consolidated-baseline narrowing of CLAIM 006/007; backlog overlap on every VPS-touched claim) — see README §7
Other disease-model files (reports, current surfaces, analysis)	disease-models/wwox/therapeutics/therapeutic_strategies_current.md	43331fc497ab1a67a0fc01cfe4453515d9ffed00	differs on main	git show 06ee25a:disease-models/wwox/therapeutics/therapeutic_strategies_current.md	DISPOSITIONED	held for the operator: science the VPS batches propagated into this surface; re-derivation stopped by the mandate's STOP rules (consolidated-baseline narrowing of CLAIM 006/007; backlog overlap on every VPS-touched claim) — see README §7
Page adjudications (G4)	disease-models/wwox/research/page_adjudications/PMID33058734/adjudications.json	056acb8564ff22e250f8f9706068cadd5707e1ac	absent on main	git show 06ee25a:disease-models/wwox/research/page_adjudications/PMID33058734/adjudications.json	RECOVERED	af09f7a (G4.3), references renumbered
Phase packets	disease-models/wwox/research/phase_packets/VERIFY-PMID14526170-20260913.json	82263ab51f806bff94de7c3d2e8f7be077085571	absent on main	git show 06ee25a:disease-models/wwox/research/phase_packets/VERIFY-PMID14526170-20260913.json	DISPOSITIONED	kept in the VPS backup by operator decision A1 (historical record; `git show 06ee25a:<path>`)
Phase packets	disease-models/wwox/research/phase_packets/VERIFY-PMID15692750-20260913.json	2a90714a2a1618d4995d827c5f9c4d2a56518886	absent on main	git show 06ee25a:disease-models/wwox/research/phase_packets/VERIFY-PMID15692750-20260913.json	DISPOSITIONED	kept in the VPS backup by operator decision A1 (historical record; `git show 06ee25a:<path>`)
Phase packets	disease-models/wwox/research/phase_packets/VERIFY-PMID15982416-20260913.json	7b2bd74784633f4f795aed0bf7978f3ed9274816	absent on main	git show 06ee25a:disease-models/wwox/research/phase_packets/VERIFY-PMID15982416-20260913.json	DISPOSITIONED	kept in the VPS backup by operator decision A1 (historical record; `git show 06ee25a:<path>`)
Phase packets	disease-models/wwox/research/phase_packets/VERIFY-PMID16941225-20260913.json	341b65b120f5c1c57fcdac175a8a9e7d2be571be	absent on main	git show 06ee25a:disease-models/wwox/research/phase_packets/VERIFY-PMID16941225-20260913.json	DISPOSITIONED	kept in the VPS backup by operator decision A1 (historical record; `git show 06ee25a:<path>`)
Phase packets	disease-models/wwox/research/phase_packets/VERIFY-PMID33058734-20260913.json	98d1b23900f98faa8e5353c8c603deee0517e43c	absent on main	git show 06ee25a:disease-models/wwox/research/phase_packets/VERIFY-PMID33058734-20260913.json	DISPOSITIONED	kept in the VPS backup by operator decision A1 (historical record; `git show 06ee25a:<path>`)
Phase packets	disease-models/wwox/research/phase_packets/VERIFY-PMID36828035-20260913.json	597fa5c60fc4ed34245a6761a435d5f9f856267c	absent on main	git show 06ee25a:disease-models/wwox/research/phase_packets/VERIFY-PMID36828035-20260913.json	DISPOSITIONED	kept in the VPS backup by operator decision A1 (historical record; `git show 06ee25a:<path>`)
Phase packets	disease-models/wwox/research/phase_packets/VERIFY-PMID38563965-20260913.json	b216fcd9e1f65835c57e7a9d61e354e1776f5cc2	absent on main	git show 06ee25a:disease-models/wwox/research/phase_packets/VERIFY-PMID38563965-20260913.json	DISPOSITIONED	kept in the VPS backup by operator decision A1 (historical record; `git show 06ee25a:<path>`)
Phase packets	disease-models/wwox/research/phase_packets/VERIFY-PMID39868255-20260913.json	dc815242d0098071fcb02f1bb7ecd06d63ea4760	absent on main	git show 06ee25a:disease-models/wwox/research/phase_packets/VERIFY-PMID39868255-20260913.json	DISPOSITIONED	kept in the VPS backup by operator decision A1 (historical record; `git show 06ee25a:<path>`)
Registries and receipt ledger (G4: redo via BATCH_COMMIT / rechain)	disease-models/wwox/registries/batch_queue.md	953c7e987308bf24745ac9624ad736dbc8c10b5a	differs on main	git show 06ee25a:disease-models/wwox/registries/batch_queue.md	DISPOSITIONED	derived surface: never copied; regenerated from main's inputs by the protocol commands
Registries and receipt ledger (G4: redo via BATCH_COMMIT / rechain)	disease-models/wwox/registries/claim_registry_current.md	d170c2b0eb66ee0485c8752ec1d445b7967ebc10	differs on main	git show 06ee25a:disease-models/wwox/registries/claim_registry_current.md	DISPOSITIONED	held for the operator: science the VPS batches propagated into this surface; re-derivation stopped by the mandate's STOP rules (consolidated-baseline narrowing of CLAIM 006/007; backlog overlap on every VPS-touched claim) — see README §7
Registries and receipt ledger (G4: redo via BATCH_COMMIT / rechain)	disease-models/wwox/registries/coverage_report.md	45b9b23e936970e517e7293c93608e758e20b34c	differs on main	git show 06ee25a:disease-models/wwox/registries/coverage_report.md	DISPOSITIONED	derived surface: never copied; regenerated from main's inputs by the protocol commands
Registries and receipt ledger (G4: redo via BATCH_COMMIT / rechain)	disease-models/wwox/registries/fulltext_read_receipts.jsonl	04ca611a548073d59bfc0a4542f4d61a00e1c0ed	differs on main	git show 06ee25a:disease-models/wwox/registries/fulltext_read_receipts.jsonl	RECOVERED	af09f7a (G4.3): 29 receipts via fulltext_receipts.py rechain, 207 -> 236
Registries and receipt ledger (G4: redo via BATCH_COMMIT / rechain)	disease-models/wwox/registries/literature_tracking_log_current.md	731470176dbeeadfd52a90f1a50986c20f42449a	differs on main	git show 06ee25a:disease-models/wwox/registries/literature_tracking_log_current.md	DISPOSITIONED	held for the operator: science the VPS batches propagated into this surface; re-derivation stopped by the mandate's STOP rules (consolidated-baseline narrowing of CLAIM 006/007; backlog overlap on every VPS-touched claim) — see README §7
Registries and receipt ledger (G4: redo via BATCH_COMMIT / rechain)	disease-models/wwox/registries/paper_registry_current.md	ef21635f4be7de5cd089cb9f947ed28c083e0268	differs on main	git show 06ee25a:disease-models/wwox/registries/paper_registry_current.md	DISPOSITIONED	registration part applied by BATCH_20260926_ALDAZ_R1; the VPS findings and claim links are held for the operator: science the VPS batches propagated into this surface; re-derivation stopped by the mandate's STOP rules (consolidated-baseline narrowing of CLAIM 006/007; backlog overlap on every VPS-touched claim) — see README §7
Registries and receipt ledger (G4: redo via BATCH_COMMIT / rechain)	disease-models/wwox/registries/reading_state.md	f57ae6881c57efcd0c0ccbdf492e7fcb933d0e29	differs on main	git show 06ee25a:disease-models/wwox/registries/reading_state.md	DISPOSITIONED	derived surface: never copied; regenerated from main's inputs by the protocol commands
Registries and receipt ledger (G4: redo via BATCH_COMMIT / rechain)	disease-models/wwox/registries/working_model_current.md	e297f481c6196081f8019bcc0d4248d32c4dd06d	differs on main	git show 06ee25a:disease-models/wwox/registries/working_model_current.md	DISPOSITIONED	held for the operator: science the VPS batches propagated into this surface; re-derivation stopped by the mandate's STOP rules (consolidated-baseline narrowing of CLAIM 006/007; backlog overlap on every VPS-touched claim) — see README §7
S2 second reading	disease-models/wwox/research/s2_second_reading_20260913/comparison_of_the_two_readings.md	658fc1e95ce092c92423152bde8744bc29c44be3	absent on main	git show 06ee25a:disease-models/wwox/research/s2_second_reading_20260913/comparison_of_the_two_readings.md	DISPOSITIONED	kept in the VPS backup by operator decision A1 (historical record; `git show 06ee25a:<path>`)
S2 second reading	disease-models/wwox/research/s2_second_reading_20260913/protocol_fixed_before_the_reading.md	c6d044bacb4a139a5daeb944134dca43b9b09375	absent on main	git show 06ee25a:disease-models/wwox/research/s2_second_reading_20260913/protocol_fixed_before_the_reading.md	DISPOSITIONED	kept in the VPS backup by operator decision A1 (historical record; `git show 06ee25a:<path>`)
S2 second reading	disease-models/wwox/research/s2_second_reading_20260913/reading2_compute.py	d7282d2b1def62730f5db2b046b83e729e3079f8	absent on main	git show 06ee25a:disease-models/wwox/research/s2_second_reading_20260913/reading2_compute.py	DISPOSITIONED	kept in the VPS backup by operator decision A1 (historical record; `git show 06ee25a:<path>`)
S2 second reading	disease-models/wwox/research/s2_second_reading_20260913/reading2_compute_out.txt	a0ac01885167dfa8b6a5baccbb4b3fc811010a2e	absent on main	git show 06ee25a:disease-models/wwox/research/s2_second_reading_20260913/reading2_compute_out.txt	DISPOSITIONED	kept in the VPS backup by operator decision A1 (historical record; `git show 06ee25a:<path>`)
S2 second reading	disease-models/wwox/research/s2_second_reading_20260913/reading2_extract.py	ec83e89e8723aac7c8aaaf0ae5f33d09ed535ab6	absent on main	git show 06ee25a:disease-models/wwox/research/s2_second_reading_20260913/reading2_extract.py	DISPOSITIONED	kept in the VPS backup by operator decision A1 (historical record; `git show 06ee25a:<path>`)
S2 second reading	disease-models/wwox/research/s2_second_reading_20260913/reading2_geometry_dump.txt	40746ab00722ce6737f1127099d427f68b8bb341	absent on main	git show 06ee25a:disease-models/wwox/research/s2_second_reading_20260913/reading2_geometry_dump.txt	DISPOSITIONED	kept in the VPS backup by operator decision A1 (historical record; `git show 06ee25a:<path>`)
S2 second reading	disease-models/wwox/research/s2_second_reading_20260913/reading2_report_extracted_from_transcript.md	4988b3069f9c08bf3da8c146e05d05800e582e02	absent on main	git show 06ee25a:disease-models/wwox/research/s2_second_reading_20260913/reading2_report_extracted_from_transcript.md	DISPOSITIONED	kept in the VPS backup by operator decision A1 (historical record; `git show 06ee25a:<path>`)
Session evaluations	disease-models/wwox/research/session_evaluations/2026-09-12_consolidation_scoring.md	fcb93fdc471da4ea58c1d06df22120fba07521db	absent on main	git show 06ee25a:disease-models/wwox/research/session_evaluations/2026-09-12_consolidation_scoring.md	DISPOSITIONED	kept in the VPS backup by operator decision A1 (historical record; `git show 06ee25a:<path>`)
Session evaluations	disease-models/wwox/research/session_evaluations/2026-09-12_m4b_pilot_scoring.md	53219421805092824019d9b21a130e98a420f37c	absent on main	git show 06ee25a:disease-models/wwox/research/session_evaluations/2026-09-12_m4b_pilot_scoring.md	DISPOSITIONED	kept in the VPS backup by operator decision A1 (historical record; `git show 06ee25a:<path>`)
Session evaluations	disease-models/wwox/research/session_evaluations/2026-09-12_synthesis_check_scoring.md	f3fb8a396b4b5a0e6f44995ceda10a054a37a7f8	absent on main	git show 06ee25a:disease-models/wwox/research/session_evaluations/2026-09-12_synthesis_check_scoring.md	DISPOSITIONED	kept in the VPS backup by operator decision A1 (historical record; `git show 06ee25a:<path>`)
Session evaluations	disease-models/wwox/research/session_evaluations/2026-09-13_ALDAZ-FT-B-003_diagnosis.md	1238f46a6ece2cc57b8a5f494eb7e96e84477c2f	absent on main	git show 06ee25a:disease-models/wwox/research/session_evaluations/2026-09-13_ALDAZ-FT-B-003_diagnosis.md	DISPOSITIONED	kept in the VPS backup by operator decision A1 (historical record; `git show 06ee25a:<path>`)
Session evaluations	disease-models/wwox/research/session_evaluations/2026-09-13_ALDAZ-FT-B-004_diagnosis.md	05fc9e364ebb159b1ed0ba43f0468b5e4fc4ffd2	absent on main	git show 06ee25a:disease-models/wwox/research/session_evaluations/2026-09-13_ALDAZ-FT-B-004_diagnosis.md	RECOVERED	af09f7a: recovered as a receipt-declared output, VPS identifiers annotated
Session evaluations	disease-models/wwox/research/session_evaluations/2026-09-13_ALDAZ-FT-C-003_scientist-c.md	191fb0b3f3d5948e1dfd6c106b97ef0e67c10661	absent on main	git show 06ee25a:disease-models/wwox/research/session_evaluations/2026-09-13_ALDAZ-FT-C-003_scientist-c.md	DISPOSITIONED	kept in the VPS backup by operator decision A1 (historical record; `git show 06ee25a:<path>`)
Session evaluations	disease-models/wwox/research/session_evaluations/2026-09-13_scientist-a_ALDAZ-FT-A-002-c3.md	2b78f967fc2b5e1476903c82833b62453d260a87	absent on main	git show 06ee25a:disease-models/wwox/research/session_evaluations/2026-09-13_scientist-a_ALDAZ-FT-A-002-c3.md	DISPOSITIONED	kept in the VPS backup by operator decision A1 (historical record; `git show 06ee25a:<path>`)
Session evaluations	disease-models/wwox/research/session_evaluations/2026-09-13_scientist-a_aldaz_wave1.md	f0e08d269695560e2f6e6f551a9c46828e012094	absent on main	git show 06ee25a:disease-models/wwox/research/session_evaluations/2026-09-13_scientist-a_aldaz_wave1.md	DISPOSITIONED	kept in the VPS backup by operator decision A1 (historical record; `git show 06ee25a:<path>`)
Session evaluations	disease-models/wwox/research/session_evaluations/2026-09-13_scientist-a_repair_and_15064722.md	c004291e1373814669180edbb9d30daac420e811	absent on main	git show 06ee25a:disease-models/wwox/research/session_evaluations/2026-09-13_scientist-a_repair_and_15064722.md	DISPOSITIONED	kept in the VPS backup by operator decision A1 (historical record; `git show 06ee25a:<path>`)
Session evaluations	disease-models/wwox/research/session_evaluations/2026-09-13_scientist-b_aldaz_wave1.md	3f5779e19be3099ae5a951663a75846458b3bfac	absent on main	git show 06ee25a:disease-models/wwox/research/session_evaluations/2026-09-13_scientist-b_aldaz_wave1.md	DISPOSITIONED	kept in the VPS backup by operator decision A1 (historical record; `git show 06ee25a:<path>`)
Session evaluations	disease-models/wwox/research/session_evaluations/2026-09-13_scientist-b_aldaz_wave2.md	36456dfc934a4b1f946a6b6a37ea401f111b96d5	absent on main	git show 06ee25a:disease-models/wwox/research/session_evaluations/2026-09-13_scientist-b_aldaz_wave2.md	DISPOSITIONED	kept in the VPS backup by operator decision A1 (historical record; `git show 06ee25a:<path>`)
Session evaluations	disease-models/wwox/research/session_evaluations/2026-09-13_scientist-c_aldaz_wave1.md	3cd3d816619ca63493f65f391bad3d1814a48499	absent on main	git show 06ee25a:disease-models/wwox/research/session_evaluations/2026-09-13_scientist-c_aldaz_wave1.md	DISPOSITIONED	kept in the VPS backup by operator decision A1 (historical record; `git show 06ee25a:<path>`)
Session evaluations	disease-models/wwox/research/session_evaluations/2026-09-14_scientist-a_ALDAZ-FT-A-003.md	2961fdd09dc7ea52c73156fbeb39cf60c024cef4	absent on main	git show 06ee25a:disease-models/wwox/research/session_evaluations/2026-09-14_scientist-a_ALDAZ-FT-A-003.md	DISPOSITIONED	kept in the VPS backup by operator decision A1 (historical record; `git show 06ee25a:<path>`)
Session evaluations	disease-models/wwox/research/session_evaluations/2026-09-14_scientist-a_SCI-FT-A-001.md	d61d3ab19e9f207abfa1990fe2ca674a6415674a	absent on main	git show 06ee25a:disease-models/wwox/research/session_evaluations/2026-09-14_scientist-a_SCI-FT-A-001.md	RECOVERED	af09f7a: verbatim
Session evaluations	disease-models/wwox/research/session_evaluations/2026-09-14_scientist-a_SCI-FT-A-002.md	da2e00734fd5fac15d8a3a2c5a97d57efe5c8e73	absent on main	git show 06ee25a:disease-models/wwox/research/session_evaluations/2026-09-14_scientist-a_SCI-FT-A-002.md	DISPOSITIONED	kept in the VPS backup by operator decision A1 (historical record; `git show 06ee25a:<path>`)
Session evaluations	disease-models/wwox/research/session_evaluations/2026-09-14_scientist-b_ALDAZ-FT-B-003.md	9c7625b1278a32c9e0b2ea6cab1d15e1d1e4ce52	absent on main	git show 06ee25a:disease-models/wwox/research/session_evaluations/2026-09-14_scientist-b_ALDAZ-FT-B-003.md	RECOVERED	af09f7a: verbatim
Session evaluations	disease-models/wwox/research/session_evaluations/2026-09-14_scientist-b_SCI-FT-B-001.md	9f2a5dc7572ab9c57fff4c61df32b1be10adba78	absent on main	git show 06ee25a:disease-models/wwox/research/session_evaluations/2026-09-14_scientist-b_SCI-FT-B-001.md	DISPOSITIONED	kept in the VPS backup by operator decision A1 (historical record; `git show 06ee25a:<path>`)
Session evaluations	disease-models/wwox/research/session_evaluations/2026-09-14_scientist-b_SCI-FT-B-002.md	f250624ed9cbaf88639d2bb88649c4686a655134	absent on main	git show 06ee25a:disease-models/wwox/research/session_evaluations/2026-09-14_scientist-b_SCI-FT-B-002.md	DISPOSITIONED	kept in the VPS backup by operator decision A1 (historical record; `git show 06ee25a:<path>`)
Task records not recovered (mandate-continuity package)	ledger/tasks/plan/HARNESS-MANDATE-CONTINUITY-20260917.json	c3f996559d8d1d7ae6cd69c0965123b631a7a3c7	absent on main	git show 06ee25a:ledger/tasks/plan/HARNESS-MANDATE-CONTINUITY-20260917.json	DISPOSITIONED	kept in the VPS backup: task records cite commits that exist only in the backup (test_task_record_commit_hashes); mandate-continuity package
Task records not recovered (mandate-continuity package)	ledger/tasks/plan/TRIAL-HOOK-20260914.json	9035f6157612e65a08ba1a5d9c96cdd375c35123	absent on main	git show 06ee25a:ledger/tasks/plan/TRIAL-HOOK-20260914.json	DISPOSITIONED	kept in the VPS backup: task records cite commits that exist only in the backup (test_task_record_commit_hashes); mandate-continuity package
Verifications	disease-models/wwox/research/verifications/2026-09-13_aldaz_a2_reexamination.md	60a85f5851a1a0e993e948e6cc62bc53fb21169a	absent on main	git show 06ee25a:disease-models/wwox/research/verifications/2026-09-13_aldaz_a2_reexamination.md	DISPOSITIONED	kept in the VPS backup by operator decision A1 (historical record; `git show 06ee25a:<path>`)
Verifications	disease-models/wwox/research/verifications/2026-09-13_aldaz_batch004_reexamination.md	ff63787dd63f8ee942cb6a323d801c6615652e1a	absent on main	git show 06ee25a:disease-models/wwox/research/verifications/2026-09-13_aldaz_batch004_reexamination.md	DISPOSITIONED	kept in the VPS backup by operator decision A1 (historical record; `git show 06ee25a:<path>`)
Verifications	disease-models/wwox/research/verifications/2026-09-13_aldaz_synthesis_verification.md	281a844b313ff6f973a354e627c4aad50d42b409	absent on main	git show 06ee25a:disease-models/wwox/research/verifications/2026-09-13_aldaz_synthesis_verification.md	DISPOSITIONED	kept in the VPS backup by operator decision A1 (historical record; `git show 06ee25a:<path>`)
Verifications	disease-models/wwox/research/verifications/2026-09-13_aldaz_w1_verification.md	2ba6e1f85b85fbde1993e316130ea18776e29e6b	absent on main	git show 06ee25a:disease-models/wwox/research/verifications/2026-09-13_aldaz_w1_verification.md	DISPOSITIONED	kept in the VPS backup by operator decision A1 (historical record; `git show 06ee25a:<path>`)
Verifications	disease-models/wwox/research/verifications/2026-09-13_aldaz_w2_verification.md	6f5ded695f1fe25ab631ec5c22fe59148aa5cbbd	absent on main	git show 06ee25a:disease-models/wwox/research/verifications/2026-09-13_aldaz_w2_verification.md	DISPOSITIONED	kept in the VPS backup by operator decision A1 (historical record; `git show 06ee25a:<path>`)
Verifications	disease-models/wwox/research/verifications/2026-09-13_aldaz_w3_verification.md	a65b5e5ffc8093bec72aebda783780717f2a8796	absent on main	git show 06ee25a:disease-models/wwox/research/verifications/2026-09-13_aldaz_w3_verification.md	DISPOSITIONED	kept in the VPS backup by operator decision A1 (historical record; `git show 06ee25a:<path>`)
Verifications	disease-models/wwox/research/verifications/2026-09-13_aldaz_w4_verification.md	0d0bc30f0c6581d5ece57c1467865aeeec0659ca	absent on main	git show 06ee25a:disease-models/wwox/research/verifications/2026-09-13_aldaz_w4_verification.md	DISPOSITIONED	kept in the VPS backup by operator decision A1 (historical record; `git show 06ee25a:<path>`)
Verifications	disease-models/wwox/research/verifications/2026-09-13_aldaz_w5_verification.md	91d9e948665d444dd8ec7ac7ed692857616f6fd6	absent on main	git show 06ee25a:disease-models/wwox/research/verifications/2026-09-13_aldaz_w5_verification.md	DISPOSITIONED	kept in the VPS backup by operator decision A1 (historical record; `git show 06ee25a:<path>`)
Verifications	disease-models/wwox/research/verifications/2026-09-14_aldaz_15064722_and_clause_repairs.md	76f35e805c6dcbce42a0b9a99d75cb89ab3f3bd4	absent on main	git show 06ee25a:disease-models/wwox/research/verifications/2026-09-14_aldaz_15064722_and_clause_repairs.md	DISPOSITIONED	kept in the VPS backup by operator decision A1 (historical record; `git show 06ee25a:<path>`)
Verifications	disease-models/wwox/research/verifications/2026-09-14_aldaz_30619736_24932569_verification.md	c557d1d7f5ec6125678dd2a60d577fac714843cd	absent on main	git show 06ee25a:disease-models/wwox/research/verifications/2026-09-14_aldaz_30619736_24932569_verification.md	DISPOSITIONED	kept in the VPS backup by operator decision A1 (historical record; `git show 06ee25a:<path>`)
Verifications	disease-models/wwox/research/verifications/2026-09-14_aldaz_clause_repairs_reexamination.md	2146ef52e22bcf02424171529454f4dda3cefa79	absent on main	git show 06ee25a:disease-models/wwox/research/verifications/2026-09-14_aldaz_clause_repairs_reexamination.md	DISPOSITIONED	kept in the VPS backup by operator decision A1 (historical record; `git show 06ee25a:<path>`)
Verifications	disease-models/wwox/research/verifications/2026-09-14_aldaz_linkage_consultation.md	4ca8edbcb3defeced06704583a7da603ef78e84a	absent on main	git show 06ee25a:disease-models/wwox/research/verifications/2026-09-14_aldaz_linkage_consultation.md	DISPOSITIONED	kept in the VPS backup by operator decision A1 (historical record; `git show 06ee25a:<path>`)
Verifications	disease-models/wwox/research/verifications/2026-09-14_aldaz_reads_consultation.md	37edada2d699ded200d6a4ad5bc7af813db54ab5	absent on main	git show 06ee25a:disease-models/wwox/research/verifications/2026-09-14_aldaz_reads_consultation.md	DISPOSITIONED	kept in the VPS backup by operator decision A1 (historical record; `git show 06ee25a:<path>`)
Verifications	disease-models/wwox/research/verifications/2026-09-14_aldaz_w6_verification.md	c0175bc9d16e6177962134bbf97e931711ba543b	absent on main	git show 06ee25a:disease-models/wwox/research/verifications/2026-09-14_aldaz_w6_verification.md	DISPOSITIONED	kept in the VPS backup by operator decision A1 (historical record; `git show 06ee25a:<path>`)
Verifications	disease-models/wwox/research/verifications/2026-09-14_author_response_sci_consult.md	a307b8f305c9ea99b97ce75c1af80d00c5571c50	absent on main	git show 06ee25a:disease-models/wwox/research/verifications/2026-09-14_author_response_sci_consult.md	DISPOSITIONED	kept in the VPS backup by operator decision A1 (historical record; `git show 06ee25a:<path>`)
Verifications	disease-models/wwox/research/verifications/2026-09-14_author_response_sci_consult_B.md	b0707559f6d47eb48857f3902026a13cdac59ef4	absent on main	git show 06ee25a:disease-models/wwox/research/verifications/2026-09-14_author_response_sci_consult_B.md	DISPOSITIONED	kept in the VPS backup by operator decision A1 (historical record; `git show 06ee25a:<path>`)
Verifications	disease-models/wwox/research/verifications/2026-09-14_author_response_sci_consult_C.md	746e643f38bbad9731e6102bf13129aba1ec3ca4	absent on main	git show 06ee25a:disease-models/wwox/research/verifications/2026-09-14_author_response_sci_consult_C.md	DISPOSITIONED	kept in the VPS backup by operator decision A1 (historical record; `git show 06ee25a:<path>`)
Verifications	disease-models/wwox/research/verifications/2026-09-14_sci_r4_29724996_entry34_audit.md	fe612eacd37e05a1f3c8161e5b51d8c22316f810	absent on main	git show 06ee25a:disease-models/wwox/research/verifications/2026-09-14_sci_r4_29724996_entry34_audit.md	DISPOSITIONED	kept in the VPS backup by operator decision A1 (historical record; `git show 06ee25a:<path>`)
Verifications	disease-models/wwox/research/verifications/2026-09-14_science_consultation.md	78a71b06fa1bdd350b078eb38de5cd9d3f35cbdf	absent on main	git show 06ee25a:disease-models/wwox/research/verifications/2026-09-14_science_consultation.md	DISPOSITIONED	kept in the VPS backup by operator decision A1 (historical record; `git show 06ee25a:<path>`)
Verifications	disease-models/wwox/research/verifications/2026-09-14_science_consultation_B.md	8615cc70087c901b4c14d0a036c6cd9d24d2f9ef	absent on main	git show 06ee25a:disease-models/wwox/research/verifications/2026-09-14_science_consultation_B.md	DISPOSITIONED	kept in the VPS backup by operator decision A1 (historical record; `git show 06ee25a:<path>`)
Verifications	disease-models/wwox/research/verifications/2026-09-14_science_consultation_C.md	264642868d69f548ac7347064f791fbe06aa8487	absent on main	git show 06ee25a:disease-models/wwox/research/verifications/2026-09-14_science_consultation_C.md	DISPOSITIONED	kept in the VPS backup by operator decision A1 (historical record; `git show 06ee25a:<path>`)
Verifications	disease-models/wwox/research/verifications/2026-09-15_author_response_sci_consult_C_scientist_b.md	520596f8ab36699a5de71951fd9d944af67100af	absent on main	git show 06ee25a:disease-models/wwox/research/verifications/2026-09-15_author_response_sci_consult_C_scientist_b.md	DISPOSITIONED	kept in the VPS backup by operator decision A1 (historical record; `git show 06ee25a:<path>`)
Task records (recovered in G2, withdrawn: they cite commits that exist only in the backup)	ledger/tasks/junior-harness/HARNESS-J-20260914.json	2a751f4dc05d4714b2c8c3fc347f079f812a1414	absent on main	git show 06ee25a:ledger/tasks/junior-harness/HARNESS-J-20260914.json	DISPOSITIONED	kept in the VPS backup: task records cite commits that exist only in the backup (test_task_record_commit_hashes)
Task records (recovered in G2, withdrawn: they cite commits that exist only in the backup)	ledger/tasks/mirror/ALDAZ-CONSULT-B004-20260913.json	a3d519796e586652cc842a018fbe2c987c1ef31d	absent on main	git show 06ee25a:ledger/tasks/mirror/ALDAZ-CONSULT-B004-20260913.json	DISPOSITIONED	kept in the VPS backup: task records cite commits that exist only in the backup (test_task_record_commit_hashes)
Task records (recovered in G2, withdrawn: they cite commits that exist only in the backup)	ledger/tasks/mirror/ALDAZ-CONSULT-B004-V2-20260913.json	9513e027f1b2ca4d1679e07a13c03bded0aa56f5	absent on main	git show 06ee25a:ledger/tasks/mirror/ALDAZ-CONSULT-B004-V2-20260913.json	DISPOSITIONED	kept in the VPS backup: task records cite commits that exist only in the backup (test_task_record_commit_hashes)
Task records (recovered in G2, withdrawn: they cite commits that exist only in the backup)	ledger/tasks/mirror/ALDAZ-CONSULT-B005-20260914.json	5b7e36f253a61163d64ee05d5a9d61b2e6fba6b2	absent on main	git show 06ee25a:ledger/tasks/mirror/ALDAZ-CONSULT-B005-20260914.json	DISPOSITIONED	kept in the VPS backup: task records cite commits that exist only in the backup (test_task_record_commit_hashes)
Task records (recovered in G2, withdrawn: they cite commits that exist only in the backup)	ledger/tasks/mirror/ALDAZ-CONSULT-LINKAGE-20260914.json	c11b7108de973a737f26d28b5cc96f890bdab6af	absent on main	git show 06ee25a:ledger/tasks/mirror/ALDAZ-CONSULT-LINKAGE-20260914.json	DISPOSITIONED	kept in the VPS backup: task records cite commits that exist only in the backup (test_task_record_commit_hashes)
Task records (recovered in G2, withdrawn: they cite commits that exist only in the backup)	ledger/tasks/mirror/ALDAZ-CONSULT-READS-20260914.json	218cb942766171d467d8e332d00c887c1c9d635c	absent on main	git show 06ee25a:ledger/tasks/mirror/ALDAZ-CONSULT-READS-20260914.json	DISPOSITIONED	kept in the VPS backup: task records cite commits that exist only in the backup (test_task_record_commit_hashes)
Task records (recovered in G2, withdrawn: they cite commits that exist only in the backup)	ledger/tasks/mirror/ALDAZ-VERIFY-CLAUSE-20260914.json	7900fa1834ce016b85431f0fbdad8d9f383e948b	absent on main	git show 06ee25a:ledger/tasks/mirror/ALDAZ-VERIFY-CLAUSE-20260914.json	DISPOSITIONED	kept in the VPS backup: task records cite commits that exist only in the backup (test_task_record_commit_hashes)
Task records (recovered in G2, withdrawn: they cite commits that exist only in the backup)	ledger/tasks/mirror/ALDAZ-VERIFY-W1-20260913.json	ce46fc373e9ca5752350cb3283417998b1810ab0	absent on main	git show 06ee25a:ledger/tasks/mirror/ALDAZ-VERIFY-W1-20260913.json	DISPOSITIONED	kept in the VPS backup: task records cite commits that exist only in the backup (test_task_record_commit_hashes)
Task records (recovered in G2, withdrawn: they cite commits that exist only in the backup)	ledger/tasks/mirror/ALDAZ-VERIFY-W2-20260913.json	e0a18e0dd2c4741d44dd2d3ade6d745b383f752b	absent on main	git show 06ee25a:ledger/tasks/mirror/ALDAZ-VERIFY-W2-20260913.json	DISPOSITIONED	kept in the VPS backup: task records cite commits that exist only in the backup (test_task_record_commit_hashes)
Task records (recovered in G2, withdrawn: they cite commits that exist only in the backup)	ledger/tasks/mirror/ALDAZ-VERIFY-W3-20260913.json	67599ae5f841244b1a922fb824276ab1303bc7c3	absent on main	git show 06ee25a:ledger/tasks/mirror/ALDAZ-VERIFY-W3-20260913.json	DISPOSITIONED	kept in the VPS backup: task records cite commits that exist only in the backup (test_task_record_commit_hashes)
Task records (recovered in G2, withdrawn: they cite commits that exist only in the backup)	ledger/tasks/mirror/ALDAZ-VERIFY-W4-20260913.json	e3f83cb501fccb78151ae36e75f7e34c84fc6bce	absent on main	git show 06ee25a:ledger/tasks/mirror/ALDAZ-VERIFY-W4-20260913.json	DISPOSITIONED	kept in the VPS backup: task records cite commits that exist only in the backup (test_task_record_commit_hashes)
Task records (recovered in G2, withdrawn: they cite commits that exist only in the backup)	ledger/tasks/mirror/ALDAZ-VERIFY-W5-20260913.json	02f1300e2c5071f4ca849365a11a1ef9f554ead0	absent on main	git show 06ee25a:ledger/tasks/mirror/ALDAZ-VERIFY-W5-20260913.json	DISPOSITIONED	kept in the VPS backup: task records cite commits that exist only in the backup (test_task_record_commit_hashes)
Task records (recovered in G2, withdrawn: they cite commits that exist only in the backup)	ledger/tasks/mirror/ALDAZ-VERIFY-W6-20260914.json	8040b9edd8ac9f2ea0972d73d38f2cc8ea243073	absent on main	git show 06ee25a:ledger/tasks/mirror/ALDAZ-VERIFY-W6-20260914.json	DISPOSITIONED	kept in the VPS backup: task records cite commits that exist only in the backup (test_task_record_commit_hashes)
Task records (recovered in G2, withdrawn: they cite commits that exist only in the backup)	ledger/tasks/mirror/SCI-CONSULT-20260914-B.json	7955a0daef98810c8cb482c4b5ed30534453066d	absent on main	git show 06ee25a:ledger/tasks/mirror/SCI-CONSULT-20260914-B.json	DISPOSITIONED	kept in the VPS backup: task records cite commits that exist only in the backup (test_task_record_commit_hashes)
Task records (recovered in G2, withdrawn: they cite commits that exist only in the backup)	ledger/tasks/mirror/SCI-CONSULT-20260914-C.json	b122bd5f74d9a06ad0f777208cad3f66aac8a2f3	absent on main	git show 06ee25a:ledger/tasks/mirror/SCI-CONSULT-20260914-C.json	DISPOSITIONED	kept in the VPS backup: task records cite commits that exist only in the backup (test_task_record_commit_hashes)
Task records (recovered in G2, withdrawn: they cite commits that exist only in the backup)	ledger/tasks/mirror/SCI-CONSULT-20260914.json	1babe6e56ea9ee5239bef3746821ab272fce0009	absent on main	git show 06ee25a:ledger/tasks/mirror/SCI-CONSULT-20260914.json	DISPOSITIONED	kept in the VPS backup: task records cite commits that exist only in the backup (test_task_record_commit_hashes)
Task records (recovered in G2, withdrawn: they cite commits that exist only in the backup)	ledger/tasks/orchestrator/ALDAZ-EXEC-20260913.json	6bcfb31718a6f7183a4c66e6c9028075c6c7f437	absent on main	git show 06ee25a:ledger/tasks/orchestrator/ALDAZ-EXEC-20260913.json	DISPOSITIONED	kept in the VPS backup: task records cite commits that exist only in the backup (test_task_record_commit_hashes)
Task records (recovered in G2, withdrawn: they cite commits that exist only in the backup)	ledger/tasks/orchestrator/ALDAZ-INTAKE-20260913.json	9d9c1372d01b6929101cbb6f092972a196ee2863	absent on main	git show 06ee25a:ledger/tasks/orchestrator/ALDAZ-INTAKE-20260913.json	DISPOSITIONED	kept in the VPS backup: task records cite commits that exist only in the backup (test_task_record_commit_hashes)
Task records (recovered in G2, withdrawn: they cite commits that exist only in the backup)	ledger/tasks/orchestrator/BATCH-20260913-001.json	11da1af7d8a8cdde9c99b78f0101d0bb197c5758	absent on main	git show 06ee25a:ledger/tasks/orchestrator/BATCH-20260913-001.json	DISPOSITIONED	kept in the VPS backup: task records cite commits that exist only in the backup (test_task_record_commit_hashes)
Task records (recovered in G2, withdrawn: they cite commits that exist only in the backup)	ledger/tasks/orchestrator/BATCH-20260913-004.json	1c277441ddc8e3d6fc6a35efdd5cbc42340fcb15	absent on main	git show 06ee25a:ledger/tasks/orchestrator/BATCH-20260913-004.json	DISPOSITIONED	kept in the VPS backup: task records cite commits that exist only in the backup (test_task_record_commit_hashes)
Task records (recovered in G2, withdrawn: they cite commits that exist only in the backup)	ledger/tasks/orchestrator/BATCH-20260914-005.json	c4c3b66b8e7332f577b5c95d6e0137cea7a2fe99	absent on main	git show 06ee25a:ledger/tasks/orchestrator/BATCH-20260914-005.json	DISPOSITIONED	kept in the VPS backup: task records cite commits that exist only in the backup (test_task_record_commit_hashes)
Task records (recovered in G2, withdrawn: they cite commits that exist only in the backup)	ledger/tasks/orchestrator/BATCH-20260914-006.json	338d5747c5837dd18436108921d468fe2e1761d5	absent on main	git show 06ee25a:ledger/tasks/orchestrator/BATCH-20260914-006.json	DISPOSITIONED	kept in the VPS backup: task records cite commits that exist only in the backup (test_task_record_commit_hashes)
Task records (recovered in G2, withdrawn: they cite commits that exist only in the backup)	ledger/tasks/orchestrator/BATCH-20260914-007.json	8e0d1f18b3e439a7acf2502c4eb9cb1285fc00b4	absent on main	git show 06ee25a:ledger/tasks/orchestrator/BATCH-20260914-007.json	DISPOSITIONED	kept in the VPS backup: task records cite commits that exist only in the backup (test_task_record_commit_hashes)
Task records (recovered in G2, withdrawn: they cite commits that exist only in the backup)	ledger/tasks/orchestrator/BATCH-20260914-008.json	5d95787ac91c5eeb8788cbf894dc88c91527a4b1	absent on main	git show 06ee25a:ledger/tasks/orchestrator/BATCH-20260914-008.json	DISPOSITIONED	kept in the VPS backup: task records cite commits that exist only in the backup (test_task_record_commit_hashes)
Task records (recovered in G2, withdrawn: they cite commits that exist only in the backup)	ledger/tasks/orchestrator/BATCH-20260915-009.json	63b7c41bf059e60124fb192a8267ee811c5aecb7	absent on main	git show 06ee25a:ledger/tasks/orchestrator/BATCH-20260915-009.json	DISPOSITIONED	kept in the VPS backup: task records cite commits that exist only in the backup (test_task_record_commit_hashes)
Task records (recovered in G2, withdrawn: they cite commits that exist only in the backup)	ledger/tasks/orchestrator/HARNESS-EXEC-20260914.json	259513b8f5397df2b6e7b5663738ceb63a3e6eb6	absent on main	git show 06ee25a:ledger/tasks/orchestrator/HARNESS-EXEC-20260914.json	DISPOSITIONED	kept in the VPS backup: task records cite commits that exist only in the backup (test_task_record_commit_hashes)
Task records (recovered in G2, withdrawn: they cite commits that exist only in the backup)	ledger/tasks/orchestrator/ORCH-BATCH-PREP-20260913.json	f41c268e0b28430f27bd5fa766e8f0a1804acd36	absent on main	git show 06ee25a:ledger/tasks/orchestrator/ORCH-BATCH-PREP-20260913.json	DISPOSITIONED	kept in the VPS backup: task records cite commits that exist only in the backup (test_task_record_commit_hashes)
Task records (recovered in G2, withdrawn: they cite commits that exist only in the backup)	ledger/tasks/orchestrator/ORCH-CONSOLIDATION-20260913.json	faeb1ff71ec04a849f803b7ff8155b9f4af1b654	absent on main	git show 06ee25a:ledger/tasks/orchestrator/ORCH-CONSOLIDATION-20260913.json	DISPOSITIONED	kept in the VPS backup: task records cite commits that exist only in the backup (test_task_record_commit_hashes)
Task records (recovered in G2, withdrawn: they cite commits that exist only in the backup)	ledger/tasks/orchestrator/ORCH-D4-CLAIM017-MIRROR-20260913.json	11a17a53312c3ebee0f217c8b706ceb7da68fe9a	absent on main	git show 06ee25a:ledger/tasks/orchestrator/ORCH-D4-CLAIM017-MIRROR-20260913.json	DISPOSITIONED	kept in the VPS backup: task records cite commits that exist only in the backup (test_task_record_commit_hashes)
Task records (recovered in G2, withdrawn: they cite commits that exist only in the backup)	ledger/tasks/orchestrator/ORCH-D8-DISMECH-RESEAL-20260913.json	03326d2bb8ede368f345bee503d9a7e9e28bf812	absent on main	git show 06ee25a:ledger/tasks/orchestrator/ORCH-D8-DISMECH-RESEAL-20260913.json	DISPOSITIONED	kept in the VPS backup: task records cite commits that exist only in the backup (test_task_record_commit_hashes)
Task records (recovered in G2, withdrawn: they cite commits that exist only in the backup)	ledger/tasks/orchestrator/ORCH-GROWTH-ANCHORS-CC-DISCOVERY-20260913.json	97632fb74dabac557252103c8d747d51ba0babf0	absent on main	git show 06ee25a:ledger/tasks/orchestrator/ORCH-GROWTH-ANCHORS-CC-DISCOVERY-20260913.json	DISPOSITIONED	kept in the VPS backup: task records cite commits that exist only in the backup (test_task_record_commit_hashes)
Task records (recovered in G2, withdrawn: they cite commits that exist only in the backup)	ledger/tasks/orchestrator/ORCH-HANDOFF-CONSOLIDATION-20260912.json	54be0e09e16b1bf71e017e7ca68f4f2fc2a1439e	absent on main	git show 06ee25a:ledger/tasks/orchestrator/ORCH-HANDOFF-CONSOLIDATION-20260912.json	DISPOSITIONED	kept in the VPS backup: task records cite commits that exist only in the backup (test_task_record_commit_hashes)
Task records (recovered in G2, withdrawn: they cite commits that exist only in the backup)	ledger/tasks/orchestrator/ORCH-JOIN-CHECK-20260912.json	d0ddb506b877b8c6d638fe60728592ad7809ab45	absent on main	git show 06ee25a:ledger/tasks/orchestrator/ORCH-JOIN-CHECK-20260912.json	DISPOSITIONED	kept in the VPS backup: task records cite commits that exist only in the backup (test_task_record_commit_hashes)
Task records (recovered in G2, withdrawn: they cite commits that exist only in the backup)	ledger/tasks/orchestrator/ORCH-M4B-COST-20260912B.json	1d47da52b90add40e4abe07b220d16bb76c2be1c	absent on main	git show 06ee25a:ledger/tasks/orchestrator/ORCH-M4B-COST-20260912B.json	DISPOSITIONED	kept in the VPS backup: task records cite commits that exist only in the backup (test_task_record_commit_hashes)
Task records (recovered in G2, withdrawn: they cite commits that exist only in the backup)	ledger/tasks/orchestrator/ORCH-M4B-V3-20260913.json	05741cd015d4d030652b28c751fe4fd7af67ac0e	absent on main	git show 06ee25a:ledger/tasks/orchestrator/ORCH-M4B-V3-20260913.json	DISPOSITIONED	kept in the VPS backup: task records cite commits that exist only in the backup (test_task_record_commit_hashes)
Task records (recovered in G2, withdrawn: they cite commits that exist only in the backup)	ledger/tasks/orchestrator/ORCH-PROC-ACTIVATION-20260912.json	ff6791bfc1346e7649b23369521004b6a0a5ae31	absent on main	git show 06ee25a:ledger/tasks/orchestrator/ORCH-PROC-ACTIVATION-20260912.json	DISPOSITIONED	kept in the VPS backup: task records cite commits that exist only in the backup (test_task_record_commit_hashes)
Task records (recovered in G2, withdrawn: they cite commits that exist only in the backup)	ledger/tasks/orchestrator/ORCH-QUOTA-SURFACE-20260912.json	e821635b57afa4f879c69da1c77dcff139d02115	absent on main	git show 06ee25a:ledger/tasks/orchestrator/ORCH-QUOTA-SURFACE-20260912.json	DISPOSITIONED	kept in the VPS backup: task records cite commits that exist only in the backup (test_task_record_commit_hashes)
Task records (recovered in G2, withdrawn: they cite commits that exist only in the backup)	ledger/tasks/orchestrator/ORCH-S2-CLOSE-20260913.json	d0434f443ddcfe83144b2c7977cc9faef2bbd5d5	absent on main	git show 06ee25a:ledger/tasks/orchestrator/ORCH-S2-CLOSE-20260913.json	DISPOSITIONED	kept in the VPS backup: task records cite commits that exist only in the backup (test_task_record_commit_hashes)
Task records (recovered in G2, withdrawn: they cite commits that exist only in the backup)	ledger/tasks/orchestrator/ORCH-SYNTHESIS-CHECK-20260912.json	09bfa108e8ec3a0fd0e1964f85657bd5355ffa39	absent on main	git show 06ee25a:ledger/tasks/orchestrator/ORCH-SYNTHESIS-CHECK-20260912.json	DISPOSITIONED	kept in the VPS backup: task records cite commits that exist only in the backup (test_task_record_commit_hashes)
Task records (recovered in G2, withdrawn: they cite commits that exist only in the backup)	ledger/tasks/orchestrator/ORCH-USE-REPAIR-20260912.json	1b1b2abaa7c28d461b2a3be7ca102cd086363f90	absent on main	git show 06ee25a:ledger/tasks/orchestrator/ORCH-USE-REPAIR-20260912.json	DISPOSITIONED	kept in the VPS backup: task records cite commits that exist only in the backup (test_task_record_commit_hashes)
Task records (recovered in G2, withdrawn: they cite commits that exist only in the backup)	ledger/tasks/orchestrator/ORCH-USE-TRIAL-20260912.json	1ae318c96b1962e7c5617b8dc2ca9ae2302fd803	absent on main	git show 06ee25a:ledger/tasks/orchestrator/ORCH-USE-TRIAL-20260912.json	DISPOSITIONED	kept in the VPS backup: task records cite commits that exist only in the backup (test_task_record_commit_hashes)
Task records (recovered in G2, withdrawn: they cite commits that exist only in the backup)	ledger/tasks/orchestrator/PHASE-HANDOFF-20260912.json	b344748986daf2119060437aec36112446c89f97	absent on main	git show 06ee25a:ledger/tasks/orchestrator/PHASE-HANDOFF-20260912.json	DISPOSITIONED	kept in the VPS backup: task records cite commits that exist only in the backup (test_task_record_commit_hashes)
Task records (recovered in G2, withdrawn: they cite commits that exist only in the backup)	ledger/tasks/orchestrator/SCIENCE-EXEC-20260914.json	a311238cad9c38d1fd3603e579e704c27b888868	absent on main	git show 06ee25a:ledger/tasks/orchestrator/SCIENCE-EXEC-20260914.json	DISPOSITIONED	kept in the VPS backup: task records cite commits that exist only in the backup (test_task_record_commit_hashes)
Task records (recovered in G2, withdrawn: they cite commits that exist only in the backup)	ledger/tasks/orchestrator/SURFACE-TRIAGE-20260912.json	db3ee1faaf8511ab0b3cdf69447cbe61b5d5d4c8	absent on main	git show 06ee25a:ledger/tasks/orchestrator/SURFACE-TRIAGE-20260912.json	DISPOSITIONED	kept in the VPS backup: task records cite commits that exist only in the backup (test_task_record_commit_hashes)
Task records (recovered in G2, withdrawn: they cite commits that exist only in the backup)	ledger/tasks/orchestrator/WAVE-M4B-20260912.json	c997b589275619789892e03e4b5498dfaae6f05a	absent on main	git show 06ee25a:ledger/tasks/orchestrator/WAVE-M4B-20260912.json	DISPOSITIONED	kept in the VPS backup: task records cite commits that exist only in the backup (test_task_record_commit_hashes)
Task records (recovered in G2, withdrawn: they cite commits that exist only in the backup)	ledger/tasks/plan/HARNESS-FOLLOWUPS-20260914-CODEX.json	a509ea4cf045422b8d0a87e7bc3dd3dc5f3b289a	absent on main	git show 06ee25a:ledger/tasks/plan/HARNESS-FOLLOWUPS-20260914-CODEX.json	DISPOSITIONED	kept in the VPS backup: task records cite commits that exist only in the backup (test_task_record_commit_hashes)
Task records (recovered in G2, withdrawn: they cite commits that exist only in the backup)	ledger/tasks/plan/HARNESS-P-20260914.json	f95e02f2dc6cc9ba8ff99970cccd89f88c175e5d	absent on main	git show 06ee25a:ledger/tasks/plan/HARNESS-P-20260914.json	DISPOSITIONED	kept in the VPS backup: task records cite commits that exist only in the backup (test_task_record_commit_hashes)
Task records (recovered in G2, withdrawn: they cite commits that exist only in the backup)	ledger/tasks/plan/HARNESS-P11-20260914.json	20cda2dbf76a6cd59ea961960e660bbed8bc9034	absent on main	git show 06ee25a:ledger/tasks/plan/HARNESS-P11-20260914.json	DISPOSITIONED	kept in the VPS backup: task records cite commits that exist only in the backup (test_task_record_commit_hashes)
Task records (recovered in G2, withdrawn: they cite commits that exist only in the backup)	ledger/tasks/scientist-a/ALDAZ-FT-A-001.json	3947f8c04831a28075a01b0a88995a11d0a2c9ea	absent on main	git show 06ee25a:ledger/tasks/scientist-a/ALDAZ-FT-A-001.json	DISPOSITIONED	kept in the VPS backup: task records cite commits that exist only in the backup (test_task_record_commit_hashes)
Task records (recovered in G2, withdrawn: they cite commits that exist only in the backup)	ledger/tasks/scientist-a/ALDAZ-FT-A-002.json	a6546fc29467df8b490e7ff518e9936fa5dbb748	absent on main	git show 06ee25a:ledger/tasks/scientist-a/ALDAZ-FT-A-002.json	DISPOSITIONED	kept in the VPS backup: task records cite commits that exist only in the backup (test_task_record_commit_hashes)
Task records (recovered in G2, withdrawn: they cite commits that exist only in the backup)	ledger/tasks/scientist-a/ALDAZ-LEDGER-REPAIR-A-20260913.json	16f1a20877fcf1cdff00640ceff8461985221f9b	absent on main	git show 06ee25a:ledger/tasks/scientist-a/ALDAZ-LEDGER-REPAIR-A-20260913.json	DISPOSITIONED	kept in the VPS backup: task records cite commits that exist only in the backup (test_task_record_commit_hashes)
Task records (recovered in G2, withdrawn: they cite commits that exist only in the backup)	ledger/tasks/scientist-a/ALDAZ-REPAIR-A-20260913.json	e07c476cdfb55014ca2aeb64129fb32fafdba986	absent on main	git show 06ee25a:ledger/tasks/scientist-a/ALDAZ-REPAIR-A-20260913.json	DISPOSITIONED	kept in the VPS backup: task records cite commits that exist only in the backup (test_task_record_commit_hashes)
Task records (recovered in G2, withdrawn: they cite commits that exist only in the backup)	ledger/tasks/scientist-a/ALDAZ-RESIDUAL-A-20260913.json	e22ad2b8bb6c46ac3c1326ecd9eee4a1502c6e53	absent on main	git show 06ee25a:ledger/tasks/scientist-a/ALDAZ-RESIDUAL-A-20260913.json	DISPOSITIONED	kept in the VPS backup: task records cite commits that exist only in the backup (test_task_record_commit_hashes)
Task records (recovered in G2, withdrawn: they cite commits that exist only in the backup)	ledger/tasks/scientist-a/ALDAZ-RESIDUAL-A2-20260913.json	10fc2c05163d14e08fba37acedc6986c1959742b	absent on main	git show 06ee25a:ledger/tasks/scientist-a/ALDAZ-RESIDUAL-A2-20260913.json	DISPOSITIONED	kept in the VPS backup: task records cite commits that exist only in the backup (test_task_record_commit_hashes)
Task records (recovered in G2, withdrawn: they cite commits that exist only in the backup)	ledger/tasks/scientist-a/ALDAZ-VERIFY-A-20260914.json	7fb6e9566e8afa2703eb9ef0689d6df4f3d4fbb4	absent on main	git show 06ee25a:ledger/tasks/scientist-a/ALDAZ-VERIFY-A-20260914.json	DISPOSITIONED	kept in the VPS backup: task records cite commits that exist only in the backup (test_task_record_commit_hashes)
Task records (recovered in G2, withdrawn: they cite commits that exist only in the backup)	ledger/tasks/scientist-a/SCI-FT-A-001.json	1dfb74137e507d1fdda1d9d5ba752ab1911a907a	absent on main	git show 06ee25a:ledger/tasks/scientist-a/SCI-FT-A-001.json	DISPOSITIONED	kept in the VPS backup: task records cite commits that exist only in the backup (test_task_record_commit_hashes)
Task records (recovered in G2, withdrawn: they cite commits that exist only in the backup)	ledger/tasks/scientist-a/SCI-FT-A-002.json	a48871845d1ca906b611881605fe5649087aa910	absent on main	git show 06ee25a:ledger/tasks/scientist-a/SCI-FT-A-002.json	DISPOSITIONED	kept in the VPS backup: task records cite commits that exist only in the backup (test_task_record_commit_hashes)
Task records (recovered in G2, withdrawn: they cite commits that exist only in the backup)	ledger/tasks/scientist-b/ALDAZ-FT-B-001.json	b4a4676482e19f0185559b81eba343d2e9a38ee2	absent on main	git show 06ee25a:ledger/tasks/scientist-b/ALDAZ-FT-B-001.json	DISPOSITIONED	kept in the VPS backup: task records cite commits that exist only in the backup (test_task_record_commit_hashes)
Task records (recovered in G2, withdrawn: they cite commits that exist only in the backup)	ledger/tasks/scientist-b/ALDAZ-FT-B-002.json	f0bc58c668b388d1cf0ca3ca4ed0d705774dd338	absent on main	git show 06ee25a:ledger/tasks/scientist-b/ALDAZ-FT-B-002.json	DISPOSITIONED	kept in the VPS backup: task records cite commits that exist only in the backup (test_task_record_commit_hashes)
Task records (recovered in G2, withdrawn: they cite commits that exist only in the backup)	ledger/tasks/scientist-b/ALDAZ-FT-B-003.json	f7b685697874484199e52693c3e64bdab8ece54e	absent on main	git show 06ee25a:ledger/tasks/scientist-b/ALDAZ-FT-B-003.json	DISPOSITIONED	kept in the VPS backup: task records cite commits that exist only in the backup (test_task_record_commit_hashes)
Task records (recovered in G2, withdrawn: they cite commits that exist only in the backup)	ledger/tasks/scientist-b/ALDAZ-FT-B-004.json	c342f4b7e258c407aa10f19cb2771968afd5ff3f	absent on main	git show 06ee25a:ledger/tasks/scientist-b/ALDAZ-FT-B-004.json	DISPOSITIONED	kept in the VPS backup: task records cite commits that exist only in the backup (test_task_record_commit_hashes)
Task records (recovered in G2, withdrawn: they cite commits that exist only in the backup)	ledger/tasks/scientist-b/ALDAZ-FT-B-005.json	5a4604dc7d8542e00e297253276cbd71038a318d	absent on main	git show 06ee25a:ledger/tasks/scientist-b/ALDAZ-FT-B-005.json	DISPOSITIONED	kept in the VPS backup: task records cite commits that exist only in the backup (test_task_record_commit_hashes)
Task records (recovered in G2, withdrawn: they cite commits that exist only in the backup)	ledger/tasks/scientist-b/ALDAZ-LOCATOR-REV-B-20260914.json	7e50eae73aa5fdbe66c0b2d444372c0c6e67ae90	absent on main	git show 06ee25a:ledger/tasks/scientist-b/ALDAZ-LOCATOR-REV-B-20260914.json	DISPOSITIONED	kept in the VPS backup: task records cite commits that exist only in the backup (test_task_record_commit_hashes)
Task records (recovered in G2, withdrawn: they cite commits that exist only in the backup)	ledger/tasks/scientist-b/ALDAZ-REEXAM-B-20260913.json	67200dace1d0665e8c0b70a217914454b8978240	absent on main	git show 06ee25a:ledger/tasks/scientist-b/ALDAZ-REEXAM-B-20260913.json	DISPOSITIONED	kept in the VPS backup: task records cite commits that exist only in the backup (test_task_record_commit_hashes)
Task records (recovered in G2, withdrawn: they cite commits that exist only in the backup)	ledger/tasks/scientist-b/ALDAZ-REEXAM-B2-20260914.json	ea17673b678e3b79b67151c99a2004f1ab66e25b	absent on main	git show 06ee25a:ledger/tasks/scientist-b/ALDAZ-REEXAM-B2-20260914.json	DISPOSITIONED	kept in the VPS backup: task records cite commits that exist only in the backup (test_task_record_commit_hashes)
Task records (recovered in G2, withdrawn: they cite commits that exist only in the backup)	ledger/tasks/scientist-b/ALDAZ-REPAIR-B-20260913.json	99f36f7b151348bc39dff1dfe1b3676354435cc4	absent on main	git show 06ee25a:ledger/tasks/scientist-b/ALDAZ-REPAIR-B-20260913.json	DISPOSITIONED	kept in the VPS backup: task records cite commits that exist only in the backup (test_task_record_commit_hashes)
Task records (recovered in G2, withdrawn: they cite commits that exist only in the backup)	ledger/tasks/scientist-b/SCI-FIX-B-20260915.json	f9a99aef357cdbfe8e35ac683fd34a368447c8eb	absent on main	git show 06ee25a:ledger/tasks/scientist-b/SCI-FIX-B-20260915.json	DISPOSITIONED	kept in the VPS backup: task records cite commits that exist only in the backup (test_task_record_commit_hashes)
Task records (recovered in G2, withdrawn: they cite commits that exist only in the backup)	ledger/tasks/scientist-b/SCI-FT-B-001.json	fc652d75379425c288aaa0f78dd7167de025df28	absent on main	git show 06ee25a:ledger/tasks/scientist-b/SCI-FT-B-001.json	DISPOSITIONED	kept in the VPS backup: task records cite commits that exist only in the backup (test_task_record_commit_hashes)
Task records (recovered in G2, withdrawn: they cite commits that exist only in the backup)	ledger/tasks/scientist-b/SCI-FT-B-002.json	c77435e5fa4128fc395b5edbf4f96ecee836c60c	absent on main	git show 06ee25a:ledger/tasks/scientist-b/SCI-FT-B-002.json	DISPOSITIONED	kept in the VPS backup: task records cite commits that exist only in the backup (test_task_record_commit_hashes)
Task records (recovered in G2, withdrawn: they cite commits that exist only in the backup)	ledger/tasks/scientist-c/ALDAZ-DOSSIER-FIX-C-20260914.json	e00328dd5b2776ffac39ce18575bf64bafefe829	absent on main	git show 06ee25a:ledger/tasks/scientist-c/ALDAZ-DOSSIER-FIX-C-20260914.json	DISPOSITIONED	kept in the VPS backup: task records cite commits that exist only in the backup (test_task_record_commit_hashes)
Task records (recovered in G2, withdrawn: they cite commits that exist only in the backup)	ledger/tasks/scientist-c/ALDAZ-FT-C-001.json	b8eaf1a68178cde6c1e2495801732d5c72f45d93	absent on main	git show 06ee25a:ledger/tasks/scientist-c/ALDAZ-FT-C-001.json	DISPOSITIONED	kept in the VPS backup: task records cite commits that exist only in the backup (test_task_record_commit_hashes)
Task records (recovered in G2, withdrawn: they cite commits that exist only in the backup)	ledger/tasks/scientist-c/ALDAZ-FT-C-002.json	50cb992a374cd8627f71ad7bd6a5148824671252	absent on main	git show 06ee25a:ledger/tasks/scientist-c/ALDAZ-FT-C-002.json	DISPOSITIONED	kept in the VPS backup: task records cite commits that exist only in the backup (test_task_record_commit_hashes)
Task records (recovered in G2, withdrawn: they cite commits that exist only in the backup)	ledger/tasks/scientist-c/ALDAZ-FT-C-003.json	428023b21fbd2b9fc6af353912e77393cb5c6710	absent on main	git show 06ee25a:ledger/tasks/scientist-c/ALDAZ-FT-C-003.json	DISPOSITIONED	kept in the VPS backup: task records cite commits that exist only in the backup (test_task_record_commit_hashes)
Task records (recovered in G2, withdrawn: they cite commits that exist only in the backup)	ledger/tasks/scientist-c/ALDAZ-LOCATOR-REV-C-20260914.json	1b07cad1b6d6a05ac1a1abb3f10d2e3c4bfbeeb6	absent on main	git show 06ee25a:ledger/tasks/scientist-c/ALDAZ-LOCATOR-REV-C-20260914.json	DISPOSITIONED	kept in the VPS backup: task records cite commits that exist only in the backup (test_task_record_commit_hashes)
Task records (recovered in G2, withdrawn: they cite commits that exist only in the backup)	ledger/tasks/scientist-c/ALDAZ-REEXAM-C-20260913.json	c58328e5f63aa4e11b5aa6d6423d5f275104b82b	absent on main	git show 06ee25a:ledger/tasks/scientist-c/ALDAZ-REEXAM-C-20260913.json	DISPOSITIONED	kept in the VPS backup: task records cite commits that exist only in the backup (test_task_record_commit_hashes)
